1,2010-02-05,6,2.57,0,0,0,0,0,211.10,8.11,0
1,2010-02-12,4,2.55,0,0,0,0,0,211.24,8.11,1
1,2010-02-19,4,2.51,0,0,0,0,0,211.29,8.11,0
1,2010-02-26,8,2.56,0,0,0,0,0,211.32,8.11,0
1,2010-03-05,8,2.63,0,0,0,0,0,211.35,8.11,0
1,2010-03-12,14,2.67,0,0,0,0,0,211.38,8.11,0
1,2010-03-19,13,2.72,0,0,0,0,0,211.22,8.11,0
1,2010-03-26,11,2.73,0,0,0,0,0,211.02,8.11,0
1,2010-04-02,17,2.72,0,0,0,0,0,210.82,7.81,0
1,2010-04-09,19,2.77,0,0,0,0,0,210.62,7.81,0
1,2010-04-16,19,2.81,0,0,0,0,0,210.49,7.81,0
1,2010-04-23,18,2.80,0,0,0,0,0,210.44,7.81,0
1,2010-04-30,20,2.78,0,0,0,0,0,210.39,7.81,0
1,2010-05-07,23,2.84,0,0,0,0,0,210.34,7.81,0
1,2010-05-14,24,2.85,0,0,0,0,0,210.34,7.81,0
1,2010-05-21,25,2.83,0,0,0,0,0,210.62,7.81,0
1,2010-05-28,27,2.76,0,0,0,0,0,210.90,7.81,0
1,2010-06-04,27,2.71,0,0,0,0,0,211.18,7.81,0
1,2010-06-11,27,2.67,0,0,0,0,0,211.46,7.81,0
1,2010-06-18,29,2.64,0,0,0,0,0,211.45,7.81,0
1,2010-06-25,29,2.65,0,0,0,0,0,211.34,7.81,0
1,2010-07-02,27,2.67,0,0,0,0,0,211.22,7.79,0
1,2010-07-09,27,2.64,0,0,0,0,0,211.11,7.79,0
1,2010-07-16,28,2.62,0,0,0,0,0,211.10,7.79,0
1,2010-07-23,29,2.61,0,0,0,0,0,211.24,7.79,0
1,2010-07-30,28,2.64,0,0,0,0,0,211.37,7.79,0
1,2010-08-06,31,2.63,0,0,0,0,0,211.50,7.79,0
1,2010-08-13,31,2.69,0,0,0,0,0,211.64,7.79,0
1,2010-08-20,30,2.66,0,0,0,0,0,211.60,7.79,0
1,2010-08-27,30,2.62,0,0,0,0,0,211.57,7.79,0
1,2010-09-03,27,2.58,0,0,0,0,0,211.53,7.79,0
1,2010-09-10,26,2.57,0,0,0,0,0,211.50,7.79,1
1,2010-09-17,28,2.58,0,0,0,0,0,211.52,7.79,0
1,2010-09-24,27,2.62,0,0,0,0,0,211.60,7.79,0
1,2010-10-01,22,2.60,0,0,0,0,0,211.67,7.84,0
1,2010-10-08,18,2.63,0,0,0,0,0,211.75,7.84,0
1,2010-10-15,20,2.72,0,0,0,0,0,211.81,7.84,0
1,2010-10-22,21,2.73,0,0,0,0,0,211.86,7.84,0
1,2010-10-29,21,2.72,0,0,0,0,0,211.91,7.84,0
1,2010-11-05,15,2.69,0,0,0,0,0,211.96,7.84,0
1,2010-11-12,15,2.73,0,0,0,0,0,212.00,7.84,0
1,2010-11-19,11,2.77,0,0,0,0,0,211.89,7.84,0
1,2010-11-26,18,2.74,0,0,0,0,0,211.75,7.84,1
1,2010-12-03,10,2.71,0,0,0,0,0,211.61,7.84,0
1,2010-12-10,8,2.84,0,0,0,0,0,211.47,7.84,0
1,2010-12-17,10,2.87,0,0,0,0,0,211.41,7.84,0
1,2010-12-24,11,2.89,0,0,0,0,0,211.41,7.84,0
1,2010-12-31,9,2.94,0,0,0,0,0,211.40,7.84,1
1,2011-01-07,9,2.98,0,0,0,0,0,211.40,7.74,0
1,2011-01-14,2,2.98,0,0,0,0,0,211.46,7.74,0
1,2011-01-21,7,3.02,0,0,0,0,0,211.83,7.74,0
1,2011-01-28,7,3.01,0,0,0,0,0,212.20,7.74,0
1,2011-02-04,6,2.99,0,0,0,0,0,212.57,7.74,0
1,2011-02-11,2,3.02,0,0,0,0,0,212.94,7.74,1
1,2011-02-18,14,3.05,0,0,0,0,0,213.25,7.74,0
1,2011-02-25,17,3.07,0,0,0,0,0,213.54,7.74,0
1,2011-03-04,15,3.29,0,0,0,0,0,213.82,7.74,0
1,2011-03-11,12,3.46,0,0,0,0,0,214.11,7.74,0
1,2011-03-18,17,3.49,0,0,0,0,0,214.36,7.74,0
1,2011-03-25,21,3.47,0,0,0,0,0,214.60,7.74,0
1,2011-04-01,15,3.52,0,0,0,0,0,214.84,7.68,0
1,2011-04-08,20,3.62,0,0,0,0,0,215.07,7.68,0
1,2011-04-15,22,3.74,0,0,0,0,0,215.29,7.68,0
1,2011-04-22,23,3.81,0,0,0,0,0,215.46,7.68,0
1,2011-04-29,22,3.81,0,0,0,0,0,215.63,7.68,0
1,2011-05-06,18,3.91,0,0,0,0,0,215.80,7.68,0
1,2011-05-13,24,3.90,0,0,0,0,0,215.96,7.68,0
1,2011-05-20,20,3.91,0,0,0,0,0,215.73,7.68,0
1,2011-05-27,25,3.79,0,0,0,0,0,215.50,7.68,0
1,2011-06-03,28,3.70,0,0,0,0,0,215.27,7.68,0
1,2011-06-10,28,3.65,0,0,0,0,0,215.04,7.68,0
1,2011-06-17,30,3.64,0,0,0,0,0,215.00,7.68,0
1,2011-06-24,29,3.59,0,0,0,0,0,215.09,7.68,0
1,2011-07-01,30,3.52,0,0,0,0,0,215.18,7.96,0
1,2011-07-08,30,3.48,0,0,0,0,0,215.28,7.96,0
1,2011-07-15,31,3.58,0,0,0,0,0,215.36,7.96,0
1,2011-07-22,30,3.65,0,0,0,0,0,215.42,7.96,0
1,2011-07-29,30,3.68,0,0,0,0,0,215.48,7.96,0
1,2011-08-05,33,3.68,0,0,0,0,0,215.54,7.96,0
1,2011-08-12,33,3.64,0,0,0,0,0,215.61,7.96,0
1,2011-08-19,32,3.55,0,0,0,0,0,215.67,7.96,0
1,2011-08-26,31,3.52,0,0,0,0,0,215.73,7.96,0
1,2011-09-02,31,3.53,0,0,0,0,0,215.80,7.96,0
1,2011-09-09,24,3.55,0,0,0,0,0,215.86,7.96,1
1,2011-09-16,27,3.53,0,0,0,0,0,216.04,7.96,0
1,2011-09-23,24,3.47,0,0,0,0,0,216.38,7.96,0
1,2011-09-30,26,3.36,0,0,0,0,0,216.71,7.96,0
1,2011-10-07,21,3.29,0,0,0,0,0,217.05,7.87,0
1,2011-10-14,22,3.27,0,0,0,0,0,217.36,7.87,0
1,2011-10-21,18,3.35,0,0,0,0,0,217.52,7.87,0
1,2011-10-28,19,3.37,0,0,0,0,0,217.68,7.87,0
1,2011-11-04,13,3.33,0,0,0,0,0,217.84,7.87,0
1,2011-11-11,15,3.30,10382.9,6115.67,215.07,2406.62,6551.42,218.00,7.87,0
1,2011-11-18,17,3.31,6074.12,254.39,51.98,427.39,5988.57,218.22,7.87,0
1,2011-11-25,16,3.24,410.31,98,55805.51,8,554.92,218.47,7.87,1
1,2011-12-02,9,3.17,5629.51,68,1398.11,2084.64,20475.32,218.71,7.87,0
1,2011-12-09,7,3.16,4640.65,19,105.02,3639.42,14461.82,218.96,7.87,0
1,2011-12-16,11,3.16,5011.32,67,347.37,225.79,4011.37,219.18,7.87,0
1,2011-12-23,9,3.11,2725.36,40.48,634.7,24.9,2739.43,219.36,7.87,0
1,2011-12-30,7,3.13,5762.1,46011.38,260.36,983.65,4735.78,219.54,7.87,1
1,2012-01-06,9,3.16,6277.39,21813.16,143.1,1450.13,8483,219.71,7.35,0
1,2012-01-13,9,3.26,5183.29,8025.87,42.24,453.08,3719.38,219.89,7.35,0
1,2012-01-20,12,3.27,4139.87,2807.19,33.88,500.62,3400.21,219.99,7.35,0
1,2012-01-27,12,3.29,1164.46,1082.74,44,11,1222.19,220.08,7.35,0
1,2012-02-03,14,3.36,34577.06,3579.21,160.53,32403.87,5630.4,220.17,7.35,0
1,2012-02-10,9,3.41,13925.06,6927.23,101.64,8471.88,6886.04,220.27,7.35,1
1,2012-02-17,7,3.51,9873.33,11062.27,9.8,8409.31,3402.66,220.43,7.35,0
1,2012-02-24,14,3.56,9349.61,7556.01,3.2,1219.92,8143.59,220.64,7.35,0
1,2012-03-02,16,3.63,15441.4,1569,10.8,25390.88,8067.61,220.85,7.35,0
1,2012-03-09,15,3.67,10331.04,151.88,6,671.43,5509.84,221.06,7.35,0
1,2012-03-16,18,3.73,4298.16,7.5,2.02,2724.65,2017.69,221.21,7.35,0
1,2012-03-23,19,3.79,6118.56,9.48,4.97,426.72,3657.22,221.29,7.35,0
1,2012-03-30,20,3.85,10309.58,0.5,10.25,1654.17,2642.78,221.36,7.35,0
1,2012-04-06,21,3.89,10121.97,0,77.98,3750.59,4510.72,221.44,7.14,0
1,2012-04-13,21,3.89,6186.19,3288.69,17.07,1822.55,1063.78,221.51,7.14,0
1,2012-04-20,19,3.88,2230.8,612.02,19.75,275.13,5747.1,221.56,7.14,0
1,2012-04-27,20,3.81,3221.25,0,35.49,577.14,6222.25,221.62,7.14,0
1,2012-05-04,24,3.75,21290.13,0,69.89,4977.35,3261.04,221.67,7.14,0
1,2012-05-11,23,3.69,8351.4,0,10.52,2443.14,3127.88,221.73,7.14,0
1,2012-05-18,21,3.63,6154.14,0,45.11,1675.49,5508.18,221.74,7.14,0
1,2012-05-25,25,3.56,4039.39,0,745.19,1429.96,3631.13,221.74,7.14,0
1,2012-06-01,26,3.50,6086.21,12,370.51,148.75,3690.85,221.75,7.14,0
1,2012-06-08,26,3.45,8813.81,116.8,64.55,2652.04,7161.91,221.75,7.14,0
1,2012-06-15,26,3.39,5621.99,109.6,0.25,2420.28,3083.26,221.76,7.14,0
1,2012-06-22,26,3.35,8624.56,171.25,3.05,2524.07,7063.68,221.80,7.14,0
1,2012-06-29,29,3.29,3965.73,161.6,0,435.99,4212.97,221.84,7.14,0
1,2012-07-06,28,3.23,12218.76,94.4,192.83,4066.01,6149.04,221.88,6.91,0
1,2012-07-13,25,3.26,7218.13,45.2,36.24,3909.38,2596.37,221.92,6.91,0
1,2012-07-20,27,3.31,3213,313.72,9.53,2262.02,3228.19,221.93,6.91,0
1,2012-07-27,28,3.41,7146.9,389.02,1.59,10267.54,4325.19,221.94,6.91,0
1,2012-08-03,30,3.42,27584.78,119.98,30.23,12007.04,4661.71,221.95,6.91,0
1,2012-08-10,29,3.49,11436.22,245,6.85,6964.26,4836.22,221.96,6.91,0
1,2012-08-17,29,3.57,3662.06,137.86,4.84,2752.2,3446.15,222.04,6.91,0
1,2012-08-24,25,3.62,6237.83,260.06,2.97,3463.03,7988.25,222.17,6.91,0
1,2012-08-31,27,3.64,21442.73,102.32,21.7,13209.64,3032.96,222.31,6.91,0
1,2012-09-07,29,3.73,5204.68,35.74,50.94,4120.32,2737.17,222.44,6.91,1
1,2012-09-14,24,3.72,17212.52,7,18.79,1523.11,7992.72,222.58,6.91,0
1,2012-09-21,21,3.72,6352.3,7.64,4.69,1010.06,6456.71,222.78,6.91,0
1,2012-09-28,24,3.67,3666.27,7.64,1.65,1417.96,4744.28,222.98,6.91,0
1,2012-10-05,20,3.62,8077.89,0,18.22,3617.43,3626.14,223.18,6.57,0
1,2012-10-12,17,3.60,2086.18,0,8.11,602.36,5926.45,223.38,6.57,0
1,2012-10-19,20,3.59,950.33,0,4.93,80.25,2312.85,223.43,6.57,0
1,2012-10-26,21,3.51,2585.85,31.75,6,1057.16,1305.01,223.44,6.57,0
1,2012-11-02,13,3.39,6766.44,5147.7,50.82,3639.9,2737.42,223.46,6.57,0
1,2012-11-09,16,3.31,11421.32,3370.89,40.28,4646.79,6154.16,223.48,6.57,0
1,2012-11-16,12,3.25,9696.28,292.1,103.78,1133.15,6612.69,223.51,6.57,0
1,2012-11-23,13,3.21,883.59,4.17,74910.32,209.91,303.32,223.56,6.57,1
1,2012-11-30,11,3.21,2460.03,0,3838.35,150.57,6966.34,223.61,6.57,0
1,2012-12-07,18,3.20,6343.16,0,270,2928.9,10147.9,223.66,6.57,0
1,2012-12-14,9,3.17,3504.83,0,73.26,1636.8,2779.6,223.72,6.57,0
1,2012-12-21,13,3.10,8231.71,0,274,358.15,2834.02,223.84,6.57,0
1,2012-12-28,7,3.11,12659.55,37101.13,174.78,74.46,1208.86,223.96,6.57,1
1,2013-01-04,5,3.16,1214.08,25366.33,15.01,72.36,3940.02,224.08,6.53,0
1,2013-01-11,10,3.24,6520.24,16134.6,12.17,774.55,4001.25,224.20,6.53,0
1,2013-01-18,6,3.24,3772.69,3559.46,3.88,246.62,1900.4,224.24,6.53,0
1,2013-01-25,12,3.23,965.89,1097.91,0.1,225.36,1831.88,224.24,6.53,0
1,2013-02-01,14,3.24,9290.91,1359.9,265,20657.82,972.61,224.24,6.53,0
1,2013-02-08,14,3.42,32355.16,729.8,280.89,20426.61,4671.78,224.24,6.53,1
1,2013-02-15,10,3.48,72937.29,6665.52,47.21,13014.67,6310.18,224.28,6.53,0
1,2013-02-22,10,3.60,20107.75,3163.89,42.2,15657.3,5812.86,224.42,6.53,0
1,2013-03-01,9,3.71,10610.74,261.46,2.8,25.54,2747.59,224.56,6.53,0
1,2013-03-08,10,3.66,5000.58,290.46,78.77,606.15,3697.11,224.71,6.53,0
1,2013-03-15,13,3.62,3808.13,0,15.65,2616.6,1909.17,224.84,6.53,0
1,2013-03-22,17,3.61,12553.98,0,495.1,6787.75,2545.66,224.92,6.53,0
1,2013-03-29,11,3.61,13067.46,0,384.9,122.93,3903.8,225.00,6.53,0
1,2013-04-05,15,3.58,12872.34,5687.86,485.97,478.04,5092.33,225.09,6.31,0
1,2013-04-12,17,3.53,3672.43,932.58,52.86,949.07,2836.64,225.17,6.31,0
1,2013-04-19,20,3.45,3530.36,3.95,107.5,458.76,2062.05,225.17,6.31,0
1,2013-04-26,15,3.42,2387.72,0,98.34,516.28,1421.63,225.17,6.31,0
1,2013-05-03,19,3.39,2298.63,2,129.9,55.46,1301.04,NULL,NULL,0
1,2013-05-10,18,3.39,4624.61,83.88,42.38,1618.31,8144.9,NULL,NULL,0
1,2013-05-17,21,3.45,16170.5,92,8.32,4127.24,6206.97,NULL,NULL,0
1,2013-05-24,25,3.49,7959.89,178,1621.47,3152.57,2938.7,NULL,NULL,0
1,2013-05-31,26,3.47,2369.77,142.45,475.35,45.55,2056.84,NULL,NULL,0
1,2013-06-07,25,3.44,3514.75,742.59,116.15,1015.44,5137.09,NULL,NULL,0
1,2013-06-14,27,3.43,12592.32,527.48,402.88,7474.56,2484.44,NULL,NULL,0
1,2013-06-21,27,3.48,8104.02,417.99,327.33,5182.25,3754.44,NULL,NULL,0
1,2013-06-28,29,3.50,4205.98,796.7,6.84,3816.78,4812.74,NULL,NULL,0
1,2013-07-05,27,3.42,7649.99,3503.29,1766.77,9454.96,1079.89,NULL,NULL,0
1,2013-07-12,28,3.40,6089.94,1362.42,209.62,2367.42,2651.05,NULL,NULL,0
1,2013-07-19,26,3.56,3117.04,1060.39,199.05,1012.3,5381.72,NULL,NULL,0
1,2013-07-26,28,3.62,332.17,673.19,1,38.63,1245.2,NULL,NULL,0
2,2010-02-05,5,2.57,0,0,0,0,0,210.75,8.32,0
2,2010-02-12,4,2.55,0,0,0,0,0,210.90,8.32,1
2,2010-02-19,4,2.51,0,0,0,0,0,210.95,8.32,0
2,2010-02-26,8,2.56,0,0,0,0,0,210.98,8.32,0
2,2010-03-05,8,2.63,0,0,0,0,0,211.01,8.32,0
2,2010-03-12,14,2.67,0,0,0,0,0,211.04,8.32,0
2,2010-03-19,13,2.72,0,0,0,0,0,210.87,8.32,0
2,2010-03-26,11,2.73,0,0,0,0,0,210.68,8.32,0
2,2010-04-02,17,2.72,0,0,0,0,0,210.48,8.20,0
2,2010-04-09,19,2.77,0,0,0,0,0,210.28,8.20,0
2,2010-04-16,20,2.81,0,0,0,0,0,210.15,8.20,0
2,2010-04-23,18,2.80,0,0,0,0,0,210.10,8.20,0
2,2010-04-30,19,2.78,0,0,0,0,0,210.05,8.20,0
2,2010-05-07,22,2.84,0,0,0,0,0,210.00,8.20,0
2,2010-05-14,23,2.85,0,0,0,0,0,210.00,8.20,0
2,2010-05-21,24,2.83,0,0,0,0,0,210.28,8.20,0
2,2010-05-28,27,2.76,0,0,0,0,0,210.56,8.20,0
2,2010-06-04,28,2.71,0,0,0,0,0,210.83,8.20,0
2,2010-06-11,29,2.67,0,0,0,0,0,211.11,8.20,0
2,2010-06-18,30,2.64,0,0,0,0,0,211.11,8.20,0
2,2010-06-25,30,2.65,0,0,0,0,0,211.00,8.20,0
2,2010-07-02,28,2.67,0,0,0,0,0,210.88,8.10,0
2,2010-07-09,28,2.64,0,0,0,0,0,210.77,8.10,0
2,2010-07-16,30,2.62,0,0,0,0,0,210.76,8.10,0
2,2010-07-23,31,2.61,0,0,0,0,0,210.89,8.10,0
2,2010-07-30,29,2.64,0,0,0,0,0,211.03,8.10,0
2,2010-08-06,32,2.63,0,0,0,0,0,211.16,8.10,0
2,2010-08-13,32,2.69,0,0,0,0,0,211.30,8.10,0
2,2010-08-20,32,2.66,0,0,0,0,0,211.26,8.10,0
2,2010-08-27,31,2.62,0,0,0,0,0,211.22,8.10,0
2,2010-09-03,28,2.58,0,0,0,0,0,211.19,8.10,0
2,2010-09-10,26,2.57,0,0,0,0,0,211.15,8.10,1
2,2010-09-17,28,2.58,0,0,0,0,0,211.18,8.10,0
2,2010-09-24,28,2.62,0,0,0,0,0,211.26,8.10,0
2,2010-10-01,21,2.60,0,0,0,0,0,211.33,8.16,0
2,2010-10-08,17,2.63,0,0,0,0,0,211.40,8.16,0
2,2010-10-15,19,2.72,0,0,0,0,0,211.47,8.16,0
2,2010-10-22,20,2.73,0,0,0,0,0,211.52,8.16,0
2,2010-10-29,19,2.72,0,0,0,0,0,211.57,8.16,0
2,2010-11-05,14,2.69,0,0,0,0,0,211.61,8.16,0
2,2010-11-12,15,2.73,0,0,0,0,0,211.66,8.16,0
2,2010-11-19,10,2.77,0,0,0,0,0,211.55,8.16,0
2,2010-11-26,17,2.74,0,0,0,0,0,211.41,8.16,1
2,2010-12-03,10,2.71,0,0,0,0,0,211.27,8.16,0
2,2010-12-10,8,2.84,0,0,0,0,0,211.12,8.16,0
2,2010-12-17,9,2.87,0,0,0,0,0,211.06,8.16,0
2,2010-12-24,10,2.89,0,0,0,0,0,211.06,8.16,0
2,2010-12-31,9,2.94,0,0,0,0,0,211.06,8.16,1
2,2011-01-07,7,2.98,0,0,0,0,0,211.06,8.03,0
2,2011-01-14,1,2.98,0,0,0,0,0,211.12,8.03,0
2,2011-01-21,5,3.02,0,0,0,0,0,211.49,8.03,0
2,2011-01-28,6,3.01,0,0,0,0,0,211.86,8.03,0
2,2011-02-04,3,2.99,0,0,0,0,0,212.22,8.03,0
2,2011-02-11,1,3.02,0,0,0,0,0,212.59,8.03,1
2,2011-02-18,14,3.05,0,0,0,0,0,212.90,8.03,0
2,2011-02-25,16,3.07,0,0,0,0,0,213.19,8.03,0
2,2011-03-04,14,3.29,0,0,0,0,0,213.48,8.03,0
2,2011-03-11,12,3.46,0,0,0,0,0,213.76,8.03,0
2,2011-03-18,17,3.49,0,0,0,0,0,214.02,8.03,0
2,2011-03-25,21,3.47,0,0,0,0,0,214.25,8.03,0
2,2011-04-01,13,3.52,0,0,0,0,0,214.49,7.93,0
2,2011-04-08,19,3.62,0,0,0,0,0,214.73,7.93,0
2,2011-04-15,21,3.74,0,0,0,0,0,214.94,7.93,0
2,2011-04-22,21,3.81,0,0,0,0,0,215.11,7.93,0
2,2011-04-29,21,3.81,0,0,0,0,0,215.28,7.93,0
2,2011-05-06,16,3.91,0,0,0,0,0,215.44,7.93,0
2,2011-05-13,24,3.90,0,0,0,0,0,215.61,7.93,0
2,2011-05-20,20,3.91,0,0,0,0,0,215.38,7.93,0
2,2011-05-27,25,3.79,0,0,0,0,0,215.15,7.93,0
2,2011-06-03,28,3.70,0,0,0,0,0,214.93,7.93,0
2,2011-06-10,29,3.65,0,0,0,0,0,214.70,7.93,0
2,2011-06-17,30,3.64,0,0,0,0,0,214.65,7.93,0
2,2011-06-24,30,3.59,0,0,0,0,0,214.74,7.93,0
2,2011-07-01,30,3.52,0,0,0,0,0,214.84,7.85,0
2,2011-07-08,31,3.48,0,0,0,0,0,214.93,7.85,0
2,2011-07-15,32,3.58,0,0,0,0,0,215.01,7.85,0
2,2011-07-22,32,3.65,0,0,0,0,0,215.07,7.85,0
2,2011-07-29,32,3.68,0,0,0,0,0,215.14,7.85,0
2,2011-08-05,34,3.68,0,0,0,0,0,215.20,7.85,0
2,2011-08-12,33,3.64,0,0,0,0,0,215.26,7.85,0
2,2011-08-19,32,3.55,0,0,0,0,0,215.32,7.85,0
2,2011-08-26,32,3.52,0,0,0,0,0,215.39,7.85,0
2,2011-09-02,32,3.53,0,0,0,0,0,215.45,7.85,0
2,2011-09-09,26,3.55,0,0,0,0,0,215.51,7.85,1
2,2011-09-16,26,3.53,0,0,0,0,0,215.69,7.85,0
2,2011-09-23,24,3.47,0,0,0,0,0,216.03,7.85,0
2,2011-09-30,26,3.36,0,0,0,0,0,216.36,7.85,0
2,2011-10-07,21,3.29,0,0,0,0,0,216.70,7.44,0
2,2011-10-14,22,3.27,0,0,0,0,0,217.00,7.44,0
2,2011-10-21,18,3.35,0,0,0,0,0,217.17,7.44,0
2,2011-10-28,19,3.37,0,0,0,0,0,217.33,7.44,0
2,2011-11-04,13,3.33,0,0,0,0,0,217.49,7.44,0
2,2011-11-11,15,3.30,10797.64,20445,443.32,4754.07,4787.16,217.65,7.44,0
2,2011-11-18,17,3.31,6490.92,1217.76,152.12,873.82,7656.42,217.87,7.44,0
2,2011-11-25,14,3.24,919.71,62,77451.26,23,1589.43,218.11,7.44,1
2,2011-12-02,9,3.17,8010.99,83.47,1897.27,4444,28238.93,218.36,7.44,0
2,2011-12-09,5,3.16,11472.59,40,306.43,4160.55,8899.08,218.61,7.44,0
2,2011-12-16,10,3.16,4908.83,61.03,341.49,469.8,4744.27,218.82,7.44,0
2,2011-12-23,8,3.11,2971.04,15.18,1501.75,88.76,6437.61,219.00,7.44,0
2,2011-12-30,7,3.13,8321.44,92523.94,139.53,1515.4,3027.69,219.18,7.44,1
2,2012-01-06,8,3.16,5886.72,37454.29,121.16,2388.92,7103.97,219.36,7.06,0
2,2012-01-13,8,3.26,4414.72,12092.63,98.38,708.18,4245.6,219.53,7.06,0
2,2012-01-20,11,3.27,6552.26,4355.69,105.97,1703.1,3376.03,219.63,7.06,0
2,2012-01-27,10,3.29,1920.15,1507.56,86.09,43.4,2613.53,219.72,7.06,0
2,2012-02-03,13,3.36,75149.79,3818.85,221.4,48159.86,7423.61,219.81,7.06,0
2,2012-02-10,8,3.41,13510.89,6674.42,94.07,14114.9,9577.83,219.90,7.06,1
2,2012-02-17,7,3.51,13942.54,14273.24,15.76,4927.14,6650.08,220.07,7.06,0
2,2012-02-24,13,3.56,13048.36,12059.1,10.2,5299.73,10380.03,220.28,7.06,0
2,2012-03-02,15,3.63,23901.27,2144.7,9,9799.63,4929.53,220.49,7.06,0
2,2012-03-09,14,3.67,11784.91,368.32,3,2498.17,7746,220.70,7.06,0
2,2012-03-16,18,3.73,5965.99,230.42,3,2650.77,2073.81,220.85,7.06,0
2,2012-03-23,18,3.79,6008.98,139.93,6.63,1650.49,5263.08,220.92,7.06,0
2,2012-03-30,19,3.85,14369.3,164.77,17,1017.31,3470.49,221.00,7.06,0
2,2012-04-06,20,3.89,12132.59,1.3,32.58,4874.69,5535.13,221.07,6.89,0
2,2012-04-13,20,3.89,8994.04,6573.08,20.21,4162.2,1966.38,221.15,6.89,0
2,2012-04-20,19,3.88,7311.02,2236.2,33.53,878.07,4080.32,221.20,6.89,0
2,2012-04-27,20,3.81,3076.68,0,38.32,108.71,2708.9,221.26,6.89,0
2,2012-05-04,25,3.75,23731.47,0,78.09,7931.42,4443.52,221.31,6.89,0
2,2012-05-11,23,3.69,16519.5,0,117.38,5131.02,3634.25,221.36,6.89,0
2,2012-05-18,22,3.63,9262.12,0,42.67,3694.8,4612.01,221.38,6.89,0
2,2012-05-25,26,3.56,10701.32,0,1030.53,3595.04,14920.27,221.38,6.89,0
2,2012-06-01,26,3.50,13091.33,21,245.37,2993.15,5521.72,221.39,6.89,0
2,2012-06-08,26,3.45,12162.04,463.6,78.39,3610.78,10877.64,221.39,6.89,0
2,2012-06-15,27,3.39,8573.41,195,0.19,4455.38,5288.61,221.40,6.89,0
2,2012-06-22,27,3.35,12126.02,314,60.99,6058.6,36430.33,221.44,6.89,0
2,2012-06-29,30,3.29,8495.34,275.8,0,1935.16,5686.13,221.48,6.89,0
2,2012-07-06,29,3.23,12355.5,295.05,100.15,6720.4,5506.53,221.52,6.57,0
2,2012-07-13,27,3.26,8354.65,342.25,20.53,5674.44,5012.22,221.56,6.57,0
2,2012-07-20,28,3.31,6961.58,241.2,24.97,3401.36,2453.42,221.57,6.57,0
2,2012-07-27,30,3.41,6999.14,197.72,2.53,6319.33,5007.01,221.58,6.57,0
2,2012-08-03,32,3.42,27650.68,164.58,43.02,21801.9,6652.98,221.59,6.57,0
2,2012-08-10,31,3.49,5554.54,142.3,13.43,4187.43,5286.19,221.60,6.57,0
2,2012-08-17,29,3.57,4774.16,330.78,10.53,4253.28,4927.26,221.68,6.57,0
2,2012-08-24,25,3.62,4759.7,211.38,6.62,2972.88,5102.26,221.81,6.57,0
2,2012-08-31,28,3.64,17500.26,73.22,21.38,12878.62,4756.5,221.94,6.57,0
2,2012-09-07,31,3.73,10658.86,149.28,60.97,2920.9,3275.57,222.07,6.57,1
2,2012-09-14,24,3.72,8325.93,0,37.32,1808.69,9314.55,222.22,6.57,0
2,2012-09-21,22,3.72,6707.94,3.82,15.55,1001.42,7607.94,222.42,6.57,0
2,2012-09-28,26,3.67,7106.05,1.91,1.65,1549.1,3946.03,222.62,6.57,0
2,2012-10-05,21,3.62,6037.76,0,10.04,3027.37,3853.4,222.82,6.17,0
2,2012-10-12,16,3.60,2145.5,0,33.31,586.83,10421.01,223.02,6.17,0
2,2012-10-19,20,3.59,4461.89,0,1.14,1579.67,2642.29,223.06,6.17,0
2,2012-10-26,21,3.51,6152.59,129.77,200,272.29,2924.15,223.08,6.17,0
2,2012-11-02,14,3.39,9585.99,6181.03,32.4,1571.2,4510.08,223.10,6.17,0
2,2012-11-09,17,3.31,9497.69,2711.51,109.45,7185.16,6480.49,223.12,6.17,0
2,2012-11-16,12,3.25,26925.38,285.03,101.44,2014.28,8732.45,223.15,6.17,0
2,2012-11-23,14,3.21,2280.54,2.49,105146.3,927.97,1253.85,223.20,6.17,1
2,2012-11-30,11,3.21,4764.84,0,4748.06,200.48,6088.49,223.24,6.17,0
2,2012-12-07,18,3.20,7303.66,0,460.32,2352.61,14872.79,223.29,6.17,0
2,2012-12-14,9,3.17,5550.46,0,50,871.41,2419.54,223.35,6.17,0
2,2012-12-21,13,3.10,5692.66,248.76,312.92,594.17,2167.73,223.47,6.17,0
2,2012-12-28,5,3.11,13194.12,56549.69,377.76,115.89,3479.8,223.59,6.17,1
2,2013-01-04,4,3.16,2045.13,34381.53,26.36,159.76,3863.31,223.71,6.24,0
2,2013-01-11,9,3.24,6722.95,12098.17,13.68,1067.36,5383.2,223.83,6.24,0
2,2013-01-18,5,3.24,3737.16,3047.9,9.26,49.14,2758.1,223.87,6.24,0
2,2013-01-25,11,3.23,1599.61,1605.81,0.6,161.21,1963.72,223.87,6.24,0
2,2013-02-01,13,3.24,13078.9,1642.02,545.2,12725.35,5002.74,223.87,6.24,0
2,2013-02-08,13,3.42,63622.34,687.56,358.29,44824.98,8167.67,223.87,6.24,1
2,2013-02-15,9,3.48,16105.39,6019.52,11.33,5982.79,7043.58,223.91,6.24,0
2,2013-02-22,9,3.60,6907.35,4354.2,16.58,1054.97,3019.84,224.05,6.24,0
2,2013-03-01,8,3.71,6023.68,439.6,4.4,56.86,4416.82,224.20,6.24,0
2,2013-03-08,11,3.66,24134.43,54.43,136.7,7235.69,6441.67,224.34,6.24,0
2,2013-03-15,13,3.62,7640,0,29.43,1461.6,1824.17,224.47,6.24,0
2,2013-03-22,16,3.61,11184.28,0,853.3,3319.2,3870.64,224.55,6.24,0
2,2013-03-29,10,3.61,8248.47,0,769.51,774.08,3513.62,224.64,6.24,0
2,2013-04-05,15,3.58,16944.64,4983.34,411.07,2378.92,3007.06,224.72,6.11,0
2,2013-04-12,16,3.53,10165.99,395.13,66.86,1537.62,3122.19,224.80,6.11,0
2,2013-04-19,19,3.45,6858.52,12.72,104.72,219.88,2640.86,224.80,6.11,0
2,2013-04-26,15,3.42,2782.18,11.92,146.45,461.83,2046.53,224.80,6.11,0
2,2013-05-03,18,3.39,12613.71,21.98,120.42,4940.3,2407.24,NULL,NULL,0
2,2013-05-10,18,3.39,7793.3,706.58,76.82,2788.92,35238.98,NULL,NULL,0
2,2013-05-17,21,3.45,6242.52,423.82,9.06,1470.25,4390.07,NULL,NULL,0
2,2013-05-24,25,3.49,6252.19,358.76,1665.35,797.59,3837.1,NULL,NULL,0
2,2013-05-31,26,3.47,2670.48,188.5,289.22,1258.68,1601.41,NULL,NULL,0
2,2013-06-07,25,3.44,13644.9,900.33,221.4,8826.14,7275.75,NULL,NULL,0
2,2013-06-14,27,3.43,9784.1,548.27,674.6,2966.31,5282.33,NULL,NULL,0
2,2013-06-21,27,3.48,7896.26,491.02,371.73,7426.29,3043.81,NULL,NULL,0
2,2013-06-28,30,3.50,8638.45,2457.32,9,4713.2,9079.05,NULL,NULL,0
2,2013-07-05,26,3.42,11651.46,4984.5,2024.67,15196.91,2862.06,NULL,NULL,0
2,2013-07-12,30,3.40,7527.1,1244.78,84.18,2626.7,3881.66,NULL,NULL,0
2,2013-07-19,26,3.56,3313.12,723.52,94.85,1224.91,2471.69,NULL,NULL,0
2,2013-07-26,28,3.62,1966.46,609.55,91,493.6,2416.2,NULL,NULL,0
3,2010-02-05,8,2.57,0,0,0,0,0,214.42,7.37,0
3,2010-02-12,9,2.55,0,0,0,0,0,214.57,7.37,1
3,2010-02-19,8,2.51,0,0,0,0,0,214.62,7.37,0
3,2010-02-26,11,2.56,0,0,0,0,0,214.65,7.37,0
3,2010-03-05,12,2.63,0,0,0,0,0,214.68,7.37,0
3,2010-03-12,17,2.67,0,0,0,0,0,214.70,7.37,0
3,2010-03-19,16,2.72,0,0,0,0,0,214.53,7.37,0
3,2010-03-26,14,2.73,0,0,0,0,0,214.32,7.37,0
3,2010-04-02,19,2.72,0,0,0,0,0,214.12,7.34,0
3,2010-04-09,20,2.77,0,0,0,0,0,213.91,7.34,0
3,2010-04-16,19,2.81,0,0,0,0,0,213.77,7.34,0
3,2010-04-23,20,2.80,0,0,0,0,0,213.72,7.34,0
3,2010-04-30,21,2.78,0,0,0,0,0,213.67,7.34,0
3,2010-05-07,23,2.84,0,0,0,0,0,213.62,7.34,0
3,2010-05-14,25,2.85,0,0,0,0,0,213.62,7.34,0
3,2010-05-21,24,2.83,0,0,0,0,0,213.91,7.34,0
3,2010-05-28,26,2.76,0,0,0,0,0,214.20,7.34,0
3,2010-06-04,26,2.71,0,0,0,0,0,214.50,7.34,0
3,2010-06-11,28,2.67,0,0,0,0,0,214.79,7.34,0
3,2010-06-18,29,2.64,0,0,0,0,0,214.79,7.34,0
3,2010-06-25,29,2.65,0,0,0,0,0,214.67,7.34,0
3,2010-07-02,28,2.67,0,0,0,0,0,214.55,7.35,0
3,2010-07-09,28,2.64,0,0,0,0,0,214.43,7.35,0
3,2010-07-16,29,2.62,0,0,0,0,0,214.42,7.35,0
3,2010-07-23,29,2.61,0,0,0,0,0,214.56,7.35,0
3,2010-07-30,28,2.64,0,0,0,0,0,214.70,7.35,0
3,2010-08-06,30,2.63,0,0,0,0,0,214.83,7.35,0
3,2010-08-13,30,2.69,0,0,0,0,0,214.97,7.35,0
3,2010-08-20,31,2.66,0,0,0,0,0,214.93,7.35,0
3,2010-08-27,30,2.62,0,0,0,0,0,214.89,7.35,0
3,2010-09-03,29,2.58,0,0,0,0,0,214.85,7.35,0
3,2010-09-10,27,2.57,0,0,0,0,0,214.81,7.35,1
3,2010-09-17,28,2.58,0,0,0,0,0,214.83,7.35,0
3,2010-09-24,25,2.62,0,0,0,0,0,214.91,7.35,0
3,2010-10-01,23,2.60,0,0,0,0,0,214.98,7.56,0
3,2010-10-08,19,2.63,0,0,0,0,0,215.06,7.56,0
3,2010-10-15,21,2.72,0,0,0,0,0,215.13,7.56,0
3,2010-10-22,22,2.73,0,0,0,0,0,215.18,7.56,0
3,2010-10-29,22,2.72,0,0,0,0,0,215.23,7.56,0
3,2010-11-05,17,2.69,0,0,0,0,0,215.28,7.56,0
3,2010-11-12,17,2.73,0,0,0,0,0,215.33,7.56,0
3,2010-11-19,14,2.77,0,0,0,0,0,215.21,7.56,0
3,2010-11-26,20,2.74,0,0,0,0,0,215.06,7.56,1
3,2010-12-03,12,2.71,0,0,0,0,0,214.92,7.56,0
3,2010-12-10,11,2.84,0,0,0,0,0,214.77,7.56,0
3,2010-12-17,11,2.87,0,0,0,0,0,214.70,7.56,0
3,2010-12-24,14,2.89,0,0,0,0,0,214.70,7.56,0
3,2010-12-31,12,2.94,0,0,0,0,0,214.70,7.56,1
3,2011-01-07,12,2.98,0,0,0,0,0,214.70,7.55,0
3,2011-01-14,7,2.98,0,0,0,0,0,214.75,7.55,0
3,2011-01-21,10,3.02,0,0,0,0,0,215.13,7.55,0
3,2011-01-28,9,3.01,0,0,0,0,0,215.51,7.55,0
3,2011-02-04,8,2.99,0,0,0,0,0,215.89,7.55,0
3,2011-02-11,6,3.02,0,0,0,0,0,216.27,7.55,1
3,2011-02-18,16,3.05,0,0,0,0,0,216.58,7.55,0
3,2011-02-25,20,3.07,0,0,0,0,0,216.88,7.55,0
3,2011-03-04,18,3.29,0,0,0,0,0,217.17,7.55,0
3,2011-03-11,16,3.46,0,0,0,0,0,217.47,7.55,0
3,2011-03-18,21,3.49,0,0,0,0,0,217.72,7.55,0
3,2011-03-25,23,3.47,0,0,0,0,0,217.97,7.55,0
3,2011-04-01,20,3.52,0,0,0,0,0,218.21,7.57,0
3,2011-04-08,23,3.62,0,0,0,0,0,218.46,7.57,0
3,2011-04-15,24,3.74,0,0,0,0,0,218.68,7.57,0
3,2011-04-22,25,3.81,0,0,0,0,0,218.85,7.57,0
3,2011-04-29,26,3.81,0,0,0,0,0,219.02,7.57,0
3,2011-05-06,21,3.91,0,0,0,0,0,219.20,7.57,0
3,2011-05-13,27,3.90,0,0,0,0,0,219.37,7.57,0
3,2011-05-20,24,3.91,0,0,0,0,0,219.13,7.57,0
3,2011-05-27,29,3.79,0,0,0,0,0,218.89,7.57,0
3,2011-06-03,29,3.70,0,0,0,0,0,218.64,7.57,0
3,2011-06-10,29,3.65,0,0,0,0,0,218.40,7.57,0
3,2011-06-17,31,3.64,0,0,0,0,0,218.36,7.57,0
3,2011-06-24,29,3.59,0,0,0,0,0,218.45,7.57,0
3,2011-07-01,30,3.52,0,0,0,0,0,218.55,7.57,0
3,2011-07-08,30,3.48,0,0,0,0,0,218.64,7.57,0
3,2011-07-15,31,3.58,0,0,0,0,0,218.73,7.57,0
3,2011-07-22,30,3.65,0,0,0,0,0,218.79,7.57,0
3,2011-07-29,31,3.68,0,0,0,0,0,218.84,7.57,0
3,2011-08-05,31,3.68,0,0,0,0,0,218.90,7.57,0
3,2011-08-12,32,3.64,0,0,0,0,0,218.96,7.57,0
3,2011-08-19,31,3.55,0,0,0,0,0,219.02,7.57,0
3,2011-08-26,31,3.52,0,0,0,0,0,219.09,7.57,0
3,2011-09-02,32,3.53,0,0,0,0,0,219.15,7.57,0
3,2011-09-09,28,3.55,0,0,0,0,0,219.21,7.57,1
3,2011-09-16,29,3.53,0,0,0,0,0,219.40,7.57,0
3,2011-09-23,27,3.47,0,0,0,0,0,219.74,7.57,0
3,2011-09-30,28,3.36,0,0,0,0,0,220.09,7.57,0
3,2011-10-07,24,3.29,0,0,0,0,0,220.43,7.20,0
3,2011-10-14,23,3.27,0,0,0,0,0,220.75,7.20,0
3,2011-10-21,21,3.35,0,0,0,0,0,220.91,7.20,0
3,2011-10-28,22,3.37,0,0,0,0,0,221.08,7.20,0
3,2011-11-04,15,3.33,0,0,0,0,0,221.25,7.20,0
3,2011-11-11,17,3.30,8787.59,2006.62,200.01,570.57,1005.33,221.41,7.20,0
3,2011-11-18,18,3.31,1383.53,23.27,19.95,865.09,2926.05,221.64,7.20,0
3,2011-11-25,20,3.24,41.74,10.47,37612.74,0,135.16,221.90,7.20,1
3,2011-12-02,13,3.17,850.86,18.94,781.71,394.29,7297.1,222.16,7.20,0
3,2011-12-09,10,3.16,4059.38,6.47,123.42,833.44,3018.08,222.42,7.20,0
3,2011-12-16,14,3.16,1864.61,0,170.36,187.42,1500.38,222.64,7.20,0
3,2011-12-23,12,3.11,89.98,0.24,411.52,0,586.66,222.83,7.20,0
3,2011-12-30,9,3.13,1449.16,14356.07,66.66,81.43,777.35,223.01,7.20,1
3,2012-01-06,11,3.16,3824.22,9389.98,15,415.36,1476.85,223.19,6.83,0
3,2012-01-13,11,3.26,3927.76,3323.64,0,226.97,1725.19,223.38,6.83,0
3,2012-01-20,13,3.27,720.82,1629.26,1.46,16.05,799.5,223.47,6.83,0
3,2012-01-27,14,3.29,774.55,349.99,0,4,328.72,223.56,6.83,0
3,2012-02-03,15,3.36,9667.5,268.29,0.6,8368.15,804.24,223.66,6.83,0
3,2012-02-10,11,3.41,8687.47,1594.87,2.2,2144.87,2577.83,223.75,6.83,1
3,2012-02-17,11,3.51,2706.87,3128.74,1.88,2396.68,1631.28,223.92,6.83,0
3,2012-02-24,16,3.56,6129.28,1802.84,0,301.48,1929.71,224.13,6.83,0
3,2012-03-02,16,3.63,3552.58,601.32,0,2666.22,1524.87,224.35,6.83,0
3,2012-03-09,16,3.67,8368.5,298.46,1.39,1340.29,1416.22,224.56,6.83,0
3,2012-03-16,18,3.73,2588.06,80.89,3.2,909.76,491.83,224.72,6.83,0
3,2012-03-23,19,3.79,737.08,36.1,1.43,92.11,583.9,224.79,6.83,0
3,2012-03-30,21,3.85,825.1,99.83,1.25,113.25,388.39,224.87,6.83,0
3,2012-04-06,23,3.89,4433.71,0,24.45,1282.3,1062.83,224.94,6.66,0
3,2012-04-13,23,3.89,5359.22,1673.42,3,682.03,1371.55,225.01,6.66,0
3,2012-04-20,22,3.88,2784.82,130.68,1.75,425.29,904.8,225.07,6.66,0
3,2012-04-27,23,3.81,1178.7,0,2.95,36.5,351.97,225.12,6.66,0
3,2012-05-04,26,3.75,2430.23,0,30.92,1159.71,1432.53,225.18,6.66,0
3,2012-05-11,24,3.69,3794.95,0,0.25,813.77,618.46,225.24,6.66,0
3,2012-05-18,22,3.63,3208.73,0,0.3,143.23,805.06,225.25,6.66,0
3,2012-05-25,26,3.56,3032.03,0,291.17,536.82,580.87,225.25,6.66,0
3,2012-06-01,28,3.50,2664.55,10,220.03,618.49,1940.77,225.25,6.66,0
3,2012-06-08,28,3.45,5770.48,28.6,30.18,283.7,2093.48,225.25,6.66,0
3,2012-06-15,29,3.39,2014.47,31.8,1,631.17,835.34,225.26,6.66,0
3,2012-06-22,28,3.35,1843.45,11.2,0.51,421.71,1743.54,225.31,6.66,0
3,2012-06-29,30,3.29,2297.32,8,0,395.28,1182.52,225.35,6.66,0
3,2012-07-06,28,3.23,2625.99,30.7,28.16,703.16,1962.17,225.39,6.33,0
3,2012-07-13,28,3.26,3196.9,20.8,2.02,302.29,451.1,225.43,6.33,0
3,2012-07-20,27,3.31,1266.72,66.2,3.83,149.62,558.02,225.44,6.33,0
3,2012-07-27,29,3.41,3447.28,31,2.46,1791.7,1107.97,225.45,6.33,0
3,2012-08-03,30,3.42,5683.49,37.2,0.04,2484.22,639.29,225.46,6.33,0
3,2012-08-10,30,3.49,3375.44,28.4,2.4,1880.43,555.9,225.47,6.33,0
3,2012-08-17,31,3.57,990.08,44.2,0,401.46,430.69,225.56,6.33,0
3,2012-08-24,28,3.62,3062.02,26.8,0,1004.51,1285.29,225.69,6.33,0
3,2012-08-31,30,3.64,6599.69,27.8,24.7,1743.76,428.74,225.83,6.33,0
3,2012-09-07,29,3.73,2266.83,19,8.31,419.87,926.86,225.97,6.33,1
3,2012-09-14,26,3.72,3589.7,0,3.72,2080.29,1760.69,226.11,6.33,0
3,2012-09-21,23,3.72,3233.34,1.91,7.69,878.66,1602.11,226.32,6.33,0
3,2012-09-28,25,3.67,2493.82,0,1.5,890.65,715.52,226.52,6.33,0
3,2012-10-05,23,3.62,1750.8,0,3.01,480.24,646.82,226.72,6.03,0
3,2012-10-12,21,3.60,775.31,0,2.78,498.54,328.16,226.92,6.03,0
3,2012-10-19,23,3.59,629.25,0,7.5,75.11,3010.32,226.97,6.03,0
3,2012-10-26,24,3.51,370.99,6.35,4,5.94,180.07,226.99,6.03,0
3,2012-11-02,16,3.39,3218.13,420.29,0.55,1498.52,749.71,227.01,6.03,0
3,2012-11-09,20,3.31,2540.75,985.52,0.85,273.23,422.66,227.02,6.03,0
3,2012-11-16,16,3.25,1933.43,197.19,48.6,433.85,961.97,227.06,6.03,0
3,2012-11-23,16,3.21,145.3,0,54466.91,0,60.92,227.11,6.03,1
3,2012-11-30,14,3.21,1573.54,0,1095.99,157.62,2066.71,227.16,6.03,0
3,2012-12-07,18,3.20,5342.1,0,201,317.78,2210.24,227.21,6.03,0
3,2012-12-14,13,3.17,1214.46,0,28,119.11,861.4,227.27,6.03,0
3,2012-12-21,15,3.10,3318.97,0,10,397.02,296.66,227.39,6.03,0
3,2012-12-28,11,3.11,6542.05,10952.76,70.6,201.38,327.07,227.51,6.03,1
3,2013-01-04,8,3.16,2917.32,7821.32,0.2,171.09,570.6,227.64,6.11,0
3,2013-01-11,10,3.24,2503.67,3395,0.52,160.25,1366.37,227.76,6.11,0
3,2013-01-18,9,3.24,659.55,779.95,2.1,43.05,674.45,227.79,6.11,0
3,2013-01-25,14,3.23,524.43,838.33,0.1,19.79,907.5,227.78,6.11,0
3,2013-02-01,17,3.24,2513.52,665.85,30,3221.12,679.96,227.78,6.11,0
3,2013-02-08,17,3.42,29091.04,224.97,163.55,6151.53,782.92,227.78,6.11,1
3,2013-02-15,14,3.48,7962.18,1467.18,0,940.34,1509.96,227.81,6.11,0
3,2013-02-22,16,3.60,2005.31,1497.57,0,122.48,527.75,227.96,6.11,0
3,2013-03-01,12,3.71,3805.93,81.37,0,108.54,490.13,228.11,6.11,0
3,2013-03-08,14,3.66,6458.44,34.88,4,892.51,1095.59,228.25,6.11,0
3,2013-03-15,17,3.62,3634.62,0,1.5,149.77,637.86,228.38,6.11,0
3,2013-03-22,21,3.61,2657.14,0,246,392.86,450.58,228.47,6.11,0
3,2013-03-29,16,3.61,2177.83,0,199.96,103.87,672,228.56,6.11,0
3,2013-04-05,19,3.58,9649.15,1285.04,316.3,65.46,835.58,228.64,6.00,0
3,2013-04-12,20,3.53,900.72,716.86,53.54,151.17,637.16,228.73,6.00,0
3,2013-04-19,22,3.45,976.83,0.01,60,40.4,851.01,228.73,6.00,0
3,2013-04-26,18,3.42,539.28,0,60.37,135.01,572.62,228.73,6.00,0
3,2013-05-03,21,3.39,2889.32,13,10.61,496.24,1019.91,NULL,NULL,0
3,2013-05-10,21,3.39,1455.45,78,27.23,125.67,1513.48,NULL,NULL,0
3,2013-05-17,24,3.45,3388.65,145,2,321.8,1038.01,NULL,NULL,0
3,2013-05-24,27,3.49,3234.31,53,136.4,280.23,1197.92,NULL,NULL,0
3,2013-05-31,26,3.47,3301.63,8.51,144.57,56.15,628.77,NULL,NULL,0
3,2013-06-07,27,3.44,3996.14,70.74,160.6,1534.4,1694.48,NULL,NULL,0
3,2013-06-14,26,3.43,1728.99,94.8,235,433.38,1984.14,NULL,NULL,0
3,2013-06-21,28,3.48,875.97,117.68,165.2,262.81,1858.59,NULL,NULL,0
3,2013-06-28,30,3.50,1619.96,444.19,0,364.24,1954.88,NULL,NULL,0
3,2013-07-05,28,3.42,3251.59,937.9,310.4,1452.64,1440.44,NULL,NULL,0
3,2013-07-12,29,3.40,1362.23,645.99,34.5,255.54,2033.65,NULL,NULL,0
3,2013-07-19,27,3.56,718.43,228.54,37,521.39,627.68,NULL,NULL,0
3,2013-07-26,30,3.62,586.26,256.64,0,88.91,1152.08,NULL,NULL,0
4,2010-02-05,7,2.60,0,0,0,0,0,126.44,8.62,0
4,2010-02-12,-2,2.57,0,0,0,0,0,126.50,8.62,1
4,2010-02-19,2,2.54,0,0,0,0,0,126.53,8.62,0
4,2010-02-26,5,2.59,0,0,0,0,0,126.55,8.62,0
4,2010-03-05,6,2.65,0,0,0,0,0,126.58,8.62,0
4,2010-03-12,10,2.70,0,0,0,0,0,126.60,8.62,0
4,2010-03-19,13,2.74,0,0,0,0,0,126.61,8.62,0
4,2010-03-26,4,2.75,0,0,0,0,0,126.61,8.62,0
4,2010-04-02,9,2.74,0,0,0,0,0,126.60,7.90,0
4,2010-04-09,12,2.77,0,0,0,0,0,126.60,7.90,0
4,2010-04-16,13,2.81,0,0,0,0,0,126.56,7.90,0
4,2010-04-23,14,2.81,0,0,0,0,0,126.47,7.90,0
4,2010-04-30,12,2.79,0,0,0,0,0,126.38,7.90,0
4,2010-05-07,14,2.84,0,0,0,0,0,126.29,7.90,0
4,2010-05-14,17,2.85,0,0,0,0,0,126.21,7.90,0
4,2010-05-21,20,2.82,0,0,0,0,0,126.18,7.90,0
4,2010-05-28,20,2.76,0,0,0,0,0,126.16,7.90,0
4,2010-06-04,22,2.70,0,0,0,0,0,126.14,7.90,0
4,2010-06-11,26,2.67,0,0,0,0,0,126.11,7.90,0
4,2010-06-18,28,2.64,0,0,0,0,0,126.11,7.90,0
4,2010-06-25,27,2.65,0,0,0,0,0,126.13,7.90,0
4,2010-07-02,23,2.67,0,0,0,0,0,126.14,7.37,0
4,2010-07-09,27,2.64,0,0,0,0,0,126.15,7.37,0
4,2010-07-16,26,2.62,0,0,0,0,0,126.15,7.37,0
4,2010-07-23,27,2.61,0,0,0,0,0,126.13,7.37,0
4,2010-07-30,27,2.65,0,0,0,0,0,126.11,7.37,0
4,2010-08-06,25,2.64,0,0,0,0,0,126.09,7.37,0
4,2010-08-13,26,2.70,0,0,0,0,0,126.06,7.37,0
4,2010-08-20,26,2.67,0,0,0,0,0,126.08,7.37,0
4,2010-08-27,24,2.62,0,0,0,0,0,126.09,7.37,0
4,2010-09-03,25,2.58,0,0,0,0,0,126.10,7.37,0
4,2010-09-10,23,2.57,0,0,0,0,0,126.11,7.37,1
4,2010-09-17,18,2.59,0,0,0,0,0,126.15,7.37,0
4,2010-09-24,16,2.64,0,0,0,0,0,126.19,7.37,0
4,2010-10-01,18,2.62,0,0,0,0,0,126.23,7.13,0
4,2010-10-08,20,2.65,0,0,0,0,0,126.28,7.13,0
4,2010-10-15,17,2.73,0,0,0,0,0,126.33,7.13,0
4,2010-10-22,18,2.74,0,0,0,0,0,126.38,7.13,0
4,2010-10-29,14,2.72,0,0,0,0,0,126.44,7.13,0
4,2010-11-05,11,2.70,0,0,0,0,0,126.49,7.13,0
4,2010-11-12,11,2.74,0,0,0,0,0,126.55,7.13,0
4,2010-11-19,9,2.78,0,0,0,0,0,126.61,7.13,0
4,2010-11-26,9,2.75,0,0,0,0,0,126.67,7.13,1
4,2010-12-03,8,2.73,0,0,0,0,0,126.73,7.13,0
4,2010-12-10,6,2.86,0,0,0,0,0,126.79,7.13,0
4,2010-12-17,8,2.88,0,0,0,0,0,126.88,7.13,0
4,2010-12-24,6,2.89,0,0,0,0,0,126.98,7.13,0
4,2010-12-31,3,2.96,0,0,0,0,0,127.09,7.13,1
4,2011-01-07,4,2.98,0,0,0,0,0,127.19,6.51,0
4,2011-01-14,0,2.99,0,0,0,0,0,127.30,6.51,0
4,2011-01-21,4,3.02,0,0,0,0,0,127.44,6.51,0
4,2011-01-28,5,3.02,0,0,0,0,0,127.58,6.51,0
4,2011-02-04,1,3.00,0,0,0,0,0,127.72,6.51,0
4,2011-02-11,1,3.03,0,0,0,0,0,127.86,6.51,1
4,2011-02-18,9,3.06,0,0,0,0,0,128.00,6.51,0
4,2011-02-25,9,3.09,0,0,0,0,0,128.13,6.51,0
4,2011-03-04,8,3.31,0,0,0,0,0,128.26,6.51,0
4,2011-03-11,11,3.46,0,0,0,0,0,128.40,6.51,0
4,2011-03-18,11,3.50,0,0,0,0,0,128.51,6.51,0
4,2011-03-25,15,3.48,0,0,0,0,0,128.62,6.51,0
4,2011-04-01,14,3.52,0,0,0,0,0,128.72,5.95,0
4,2011-04-08,17,3.61,0,0,0,0,0,128.82,5.95,0
4,2011-04-15,17,3.72,0,0,0,0,0,128.91,5.95,0
4,2011-04-22,20,3.78,0,0,0,0,0,128.96,5.95,0
4,2011-04-29,18,3.78,0,0,0,0,0,129.00,5.95,0
4,2011-05-06,17,3.87,0,0,0,0,0,129.04,5.95,0
4,2011-05-13,21,3.87,0,0,0,0,0,129.09,5.95,0
4,2011-05-20,21,3.88,0,0,0,0,0,129.08,5.95,0
4,2011-05-27,23,3.77,0,0,0,0,0,129.06,5.95,0
4,2011-06-03,26,3.68,0,0,0,0,0,129.05,5.95,0
4,2011-06-10,27,3.64,0,0,0,0,0,129.04,5.95,0
4,2011-06-17,29,3.62,0,0,0,0,0,129.04,5.95,0
4,2011-06-24,28,3.57,0,0,0,0,0,129.07,5.95,0
4,2011-07-01,29,3.50,0,0,0,0,0,129.09,5.64,0
4,2011-07-08,29,3.47,0,0,0,0,0,129.11,5.64,0
4,2011-07-15,28,3.56,0,0,0,0,0,129.13,5.64,0
4,2011-07-22,28,3.63,0,0,0,0,0,129.15,5.64,0
4,2011-07-29,29,3.66,0,0,0,0,0,129.17,5.64,0
4,2011-08-05,30,3.66,0,0,0,0,0,129.18,5.64,0
4,2011-08-12,28,3.62,0,0,0,0,0,129.20,5.64,0
4,2011-08-19,28,3.55,0,0,0,0,0,129.24,5.64,0
4,2011-08-26,27,3.52,0,0,0,0,0,129.28,5.64,0
4,2011-09-02,26,3.53,0,0,0,0,0,129.33,5.64,0
4,2011-09-09,23,3.55,0,0,0,0,0,129.37,5.64,1
4,2011-09-16,23,3.53,0,0,0,0,0,129.43,5.64,0
4,2011-09-23,21,3.47,0,0,0,0,0,129.52,5.64,0
4,2011-09-30,22,3.37,0,0,0,0,0,129.61,5.64,0
4,2011-10-07,19,3.30,0,0,0,0,0,129.69,5.14,0
4,2011-10-14,18,3.28,0,0,0,0,0,129.77,5.14,0
4,2011-10-21,18,3.36,0,0,0,0,0,129.78,5.14,0
4,2011-10-28,13,3.36,0,0,0,0,0,129.79,5.14,0
4,2011-11-04,10,3.32,0,0,0,0,0,129.81,5.14,0
4,2011-11-11,8,3.29,12851.52,16658.47,430.13,5630.01,9213.39,129.82,5.14,0
4,2011-11-18,10,3.29,4539.94,840.56,372.9,613.96,5358.13,129.83,5.14,0
4,2011-11-25,9,3.23,561.45,137.88,83340.33,44.04,9239.23,129.84,5.14,1
4,2011-12-02,4,3.18,9762.39,160.94,2260.29,4767.86,28604.2,129.85,5.14,0
4,2011-12-09,0,3.15,5857.72,30,984.98,4692.5,13503.99,129.86,5.14,0
4,2011-12-16,2,3.15,2756.67,72.3,1790.15,777.65,10261.95,129.90,5.14,0
4,2011-12-23,2,3.10,2461.94,69.05,2938.24,52,4396.76,129.98,5.14,0
4,2011-12-30,3,3.12,3496.13,72413.71,399.77,776.26,5012.53,130.07,5.14,1
4,2012-01-06,4,3.16,7857.71,38677.72,234,863.22,8682.95,130.16,4.61,0
4,2012-01-13,1,3.26,3666.28,14553.37,76.37,820.37,5955.28,130.24,4.61,0
4,2012-01-20,6,3.27,2109.41,7040.02,44.16,918.36,1116.83,130.28,4.61,0
4,2012-01-27,5,3.29,1346.06,3740.12,46.16,445.47,2451.89,130.31,4.61,0
4,2012-02-03,5,3.35,50820.76,4033.29,285.11,48086.64,7456.15,130.35,4.61,0
4,2012-02-10,1,3.41,11374.63,7208.51,118.37,12869.78,10618.93,130.38,4.61,1
4,2012-02-17,1,3.49,14225.99,11049.65,17.36,11912.49,7565.99,130.45,4.61,0
4,2012-02-24,5,3.54,9777.71,4703.88,5.4,1179.72,9352.14,130.55,4.61,0
4,2012-03-02,10,3.62,18564.88,1394.86,32.93,10714.6,3592.82,130.65,4.61,0
4,2012-03-09,12,3.67,8779.57,602.02,8.53,1103.64,9464.98,130.74,4.61,0
4,2012-03-16,15,3.71,5669.21,37.12,0,8540.87,2544.94,130.83,4.61,0
4,2012-03-23,15,3.76,8806.8,-10.5,5.99,739.14,4396.97,130.90,4.61,0
4,2012-03-30,23,3.82,2565.8,442.52,6.5,487.66,4076.68,130.97,4.61,0
4,2012-04-06,20,3.86,11341.17,0,73.38,5677.89,7821.95,131.04,4.31,0
4,2012-04-13,20,3.88,12506.74,5941.43,30.84,3915.29,4392.95,131.11,4.31,0
4,2012-04-20,20,3.86,2774.39,4279.41,43.43,2409.97,4544.22,131.12,4.31,0
4,2012-04-27,25,3.81,3993.66,97.77,26.68,113.37,3947.45,131.13,4.31,0
4,2012-05-04,27,3.75,13737.91,0,93.65,6993.97,4541.89,131.14,4.31,0
4,2012-05-11,20,3.69,20499.88,86,103.05,5005.96,3815.16,131.15,4.31,0
4,2012-05-18,20,3.62,6531.12,0,99.91,2290.18,2521.84,131.10,4.31,0
4,2012-05-25,25,3.55,4330.02,436,862.31,3268.41,3749.53,131.03,4.31,0
4,2012-06-01,25,3.48,10165.22,8.6,47.93,2676.33,4896.34,130.96,4.31,0
4,2012-06-08,26,3.43,7429.46,249.8,7.86,4235.27,9690.55,130.89,4.31,0
4,2012-06-15,27,3.37,16063.84,84,0.22,2105.39,6113.16,130.83,4.31,0
4,2012-06-22,28,3.33,6619.2,351.22,3.48,5390.02,10920.89,130.79,4.31,0
4,2012-06-29,29,3.26,3756.11,211.6,0,2114.26,6371.15,130.76,4.31,0
4,2012-07-06,27,3.19,9789.03,90,157.62,10671.47,3864.91,130.72,4.08,0
4,2012-07-13,25,3.22,11075.38,151,17.27,3810.25,4766.88,130.68,4.08,0
4,2012-07-20,26,3.26,4799.23,47.55,30.56,634.78,4648.91,130.70,4.08,0
4,2012-07-27,27,3.36,7011.68,68.7,4.26,13565.83,3841.61,130.72,4.08,0
4,2012-08-03,29,3.37,29127.2,42.27,58.34,22663.73,10925.99,130.74,4.08,0
4,2012-08-10,28,3.48,16996.42,36.6,60.94,4777.2,3937.09,130.76,4.08,0
4,2012-08-17,27,3.55,2531.63,15.04,5.54,1269.13,3528.9,130.79,4.08,0
4,2012-08-24,24,3.61,9983.59,0,23.4,8115.89,7158.66,130.84,4.08,0
4,2012-08-31,25,3.65,19617.58,1.02,68.29,7187.73,6428.12,130.89,4.08,0
4,2012-09-07,28,3.71,9082.61,16,59.06,7217.88,8026.47,130.93,4.08,1
4,2012-09-14,20,3.71,13802.34,0,23.12,3643.77,12517.18,130.98,4.08,0
4,2012-09-21,21,3.72,11214.89,5.73,16.84,6376.86,4417.13,131.01,4.08,0
4,2012-09-28,22,3.67,5333.92,5.73,2.94,1931.02,9753.37,131.04,4.08,0
4,2012-10-05,17,3.62,5918.34,0,126.57,3674.49,6807.07,131.08,3.88,0
4,2012-10-12,14,3.60,4975.39,0,61.17,1513.17,5905.53,131.11,3.88,0
4,2012-10-19,18,3.61,6313.84,0,15.05,2421.08,5885.12,131.15,3.88,0
4,2012-10-26,18,3.51,1763.13,88.76,66.76,0,7577.14,131.19,3.88,0
4,2012-11-02,12,3.40,3717.8,7665.66,23,190.24,1586.46,131.24,3.88,0
4,2012-11-09,15,3.34,28299.04,6412.64,73.18,9912.23,7259.32,131.28,3.88,0
4,2012-11-16,10,3.27,14400.63,409.67,205.09,1497.33,7862.4,131.33,3.88,0
4,2012-11-23,13,3.23,3365.61,6.93,93310.3,497.28,3938.54,131.38,3.88,1
4,2012-11-30,11,3.24,4642.37,0,5146.88,243.5,9819.68,131.43,3.88,0
4,2012-12-07,12,3.23,10755.57,0,822,2966,22677.91,131.48,3.88,0
4,2012-12-14,6,3.19,3409.42,0,180,764.25,4930.05,131.54,3.88,0
4,2012-12-21,7,3.11,3564.6,137.92,118.28,21.32,1239.78,131.64,3.88,0
4,2012-12-28,3,3.13,7712.77,50636.71,347,6.24,862.39,131.75,3.88,1
4,2013-01-04,1,3.18,9471.27,42065.3,56.17,0,4980.46,131.85,3.92,0
4,2013-01-11,4,3.24,4749.65,23457.11,4.22,522.96,3743.86,131.96,3.92,0
4,2013-01-18,1,3.23,5219.94,3758.9,12.1,23.97,2112.04,132.03,3.92,0
4,2013-01-25,9,3.22,15302.22,1652.63,0.3,1257.32,1547.68,132.09,3.92,0
4,2013-02-01,9,3.23,27134.98,861.18,870.2,29210.08,1663.48,132.15,3.92,0
4,2013-02-08,10,3.40,56705.09,564.98,521.82,45331.3,7730.26,132.22,3.92,1
4,2013-02-15,7,3.45,41326.97,10303.91,630.8,17516.52,3782.94,132.27,3.92,0
4,2013-02-22,7,3.60,15128.45,10149.27,31.4,6451.6,4875.84,132.32,3.92,0
4,2013-03-01,6,3.69,27132.59,762.39,3.2,1621.99,3526.18,132.37,3.92,0
4,2013-03-08,12,3.65,23306.04,779.6,164.42,12389.6,9316.71,132.42,3.92,0
4,2013-03-15,12,3.61,9361.09,0,28.59,3602.71,2161.72,132.47,3.92,0
4,2013-03-22,15,3.59,17721.81,0,513.5,4370.01,3365.76,132.53,3.92,0
4,2013-03-29,10,3.58,3949.07,0,489.46,182,7265.39,132.59,3.92,0
4,2013-04-05,14,3.55,8031.33,12906.43,641.98,4801.53,2723.41,132.65,3.90,0
4,2013-04-12,16,3.50,7876.11,1269.44,201.06,2776.58,7702.91,132.72,3.90,0
4,2013-04-19,17,3.44,3578.12,96.18,183.6,358.15,2039.26,132.72,3.90,0
4,2013-04-26,15,3.40,3087.47,0,199.38,82.48,3223.06,132.72,3.90,0
4,2013-05-03,18,3.37,13789.79,14,218.21,7299.53,8146.91,NULL,NULL,0
4,2013-05-10,18,3.37,10686.88,388.94,118.4,4406.85,6098.37,NULL,NULL,0
4,2013-05-17,21,3.44,12026.21,272.94,23.04,2030.97,8818.06,NULL,NULL,0
4,2013-05-24,25,3.46,3560.92,144.06,723.61,3657.09,9179.04,NULL,NULL,0
4,2013-05-31,26,3.44,2536.65,443.94,483.9,28.76,4652.59,NULL,NULL,0
4,2013-06-07,26,3.41,14278.29,529.53,566.96,11824.87,6092.91,NULL,NULL,0
4,2013-06-14,26,3.42,14141.85,760.84,1125.14,4775.63,8842,NULL,NULL,0
4,2013-06-21,26,3.45,3423.81,176.93,457.43,7953.47,5443.06,NULL,NULL,0
4,2013-06-28,30,3.45,6723.27,358.37,3,3450.8,7483.44,NULL,NULL,0
4,2013-07-05,25,3.39,17126.22,933.43,1334.16,14191.01,5201.38,NULL,NULL,0
4,2013-07-12,28,3.37,6501.43,1464.81,124.97,3809.96,3868.6,NULL,NULL,0
4,2013-07-19,23,3.52,4191.78,440.36,173.66,534.56,2252.18,NULL,NULL,0
4,2013-07-26,26,3.58,1577.6,687.89,9.6,314.64,1433.77,NULL,NULL,0
5,2010-02-05,4,2.57,0,0,0,0,0,211.65,6.57,0
5,2010-02-12,4,2.55,0,0,0,0,0,211.80,6.57,1
5,2010-02-19,5,2.51,0,0,0,0,0,211.85,6.57,0
5,2010-02-26,8,2.56,0,0,0,0,0,211.88,6.57,0
5,2010-03-05,9,2.63,0,0,0,0,0,211.91,6.57,0
5,2010-03-12,15,2.67,0,0,0,0,0,211.94,6.57,0
5,2010-03-19,13,2.72,0,0,0,0,0,211.77,6.57,0
5,2010-03-26,11,2.73,0,0,0,0,0,211.57,6.57,0
5,2010-04-02,17,2.72,0,0,0,0,0,211.37,6.47,0
5,2010-04-09,18,2.77,0,0,0,0,0,211.17,6.47,0
5,2010-04-16,19,2.81,0,0,0,0,0,211.04,6.47,0
5,2010-04-23,18,2.80,0,0,0,0,0,210.99,6.47,0
5,2010-04-30,20,2.78,0,0,0,0,0,210.94,6.47,0
5,2010-05-07,22,2.84,0,0,0,0,0,210.89,6.47,0
5,2010-05-14,24,2.85,0,0,0,0,0,210.89,6.47,0
5,2010-05-21,24,2.83,0,0,0,0,0,211.17,6.47,0
5,2010-05-28,27,2.76,0,0,0,0,0,211.45,6.47,0
5,2010-06-04,26,2.71,0,0,0,0,0,211.73,6.47,0
5,2010-06-11,27,2.67,0,0,0,0,0,212.01,6.47,0
5,2010-06-18,29,2.64,0,0,0,0,0,212.01,6.47,0
5,2010-06-25,29,2.65,0,0,0,0,0,211.90,6.47,0
5,2010-07-02,27,2.67,0,0,0,0,0,211.78,6.50,0
5,2010-07-09,27,2.64,0,0,0,0,0,211.66,6.50,0
5,2010-07-16,29,2.62,0,0,0,0,0,211.66,6.50,0
5,2010-07-23,29,2.61,0,0,0,0,0,211.79,6.50,0
5,2010-07-30,28,2.64,0,0,0,0,0,211.93,6.50,0
5,2010-08-06,30,2.63,0,0,0,0,0,212.06,6.50,0
5,2010-08-13,31,2.69,0,0,0,0,0,212.20,6.50,0
5,2010-08-20,31,2.66,0,0,0,0,0,212.16,6.50,0
5,2010-08-27,31,2.62,0,0,0,0,0,212.12,6.50,0
5,2010-09-03,29,2.58,0,0,0,0,0,212.09,6.50,0
5,2010-09-10,27,2.57,0,0,0,0,0,212.05,6.50,1
5,2010-09-17,28,2.58,0,0,0,0,0,212.08,6.50,0
5,2010-09-24,26,2.62,0,0,0,0,0,212.15,6.50,0
5,2010-10-01,22,2.60,0,0,0,0,0,212.23,6.77,0
5,2010-10-08,18,2.63,0,0,0,0,0,212.30,6.77,0
5,2010-10-15,20,2.72,0,0,0,0,0,212.37,6.77,0
5,2010-10-22,22,2.73,0,0,0,0,0,212.42,6.77,0
5,2010-10-29,21,2.72,0,0,0,0,0,212.46,6.77,0
5,2010-11-05,15,2.69,0,0,0,0,0,212.51,6.77,0
5,2010-11-12,17,2.73,0,0,0,0,0,212.56,6.77,0
5,2010-11-19,11,2.77,0,0,0,0,0,212.45,6.77,0
5,2010-11-26,19,2.74,0,0,0,0,0,212.30,6.77,1
5,2010-12-03,11,2.71,0,0,0,0,0,212.16,6.77,0
5,2010-12-10,9,2.84,0,0,0,0,0,212.02,6.77,0
5,2010-12-17,11,2.87,0,0,0,0,0,211.96,6.77,0
5,2010-12-24,13,2.89,0,0,0,0,0,211.96,6.77,0
5,2010-12-31,10,2.94,0,0,0,0,0,211.96,6.77,1
5,2011-01-07,9,2.98,0,0,0,0,0,211.96,6.63,0
5,2011-01-14,3,2.98,0,0,0,0,0,212.01,6.63,0
5,2011-01-21,7,3.02,0,0,0,0,0,212.38,6.63,0
5,2011-01-28,7,3.01,0,0,0,0,0,212.75,6.63,0
5,2011-02-04,5,2.99,0,0,0,0,0,213.12,6.63,0
5,2011-02-11,3,3.02,0,0,0,0,0,213.49,6.63,1
5,2011-02-18,15,3.05,0,0,0,0,0,213.81,6.63,0
5,2011-02-25,17,3.07,0,0,0,0,0,214.10,6.63,0
5,2011-03-04,16,3.29,0,0,0,0,0,214.38,6.63,0
5,2011-03-11,13,3.46,0,0,0,0,0,214.67,6.63,0
5,2011-03-18,18,3.49,0,0,0,0,0,214.93,6.63,0
5,2011-03-25,22,3.47,0,0,0,0,0,215.16,6.63,0
5,2011-04-01,16,3.52,0,0,0,0,0,215.40,6.49,0
5,2011-04-08,21,3.62,0,0,0,0,0,215.64,6.49,0
5,2011-04-15,22,3.74,0,0,0,0,0,215.86,6.49,0
5,2011-04-22,24,3.81,0,0,0,0,0,216.03,6.49,0
5,2011-04-29,24,3.81,0,0,0,0,0,216.20,6.49,0
5,2011-05-06,19,3.91,0,0,0,0,0,216.37,6.49,0
5,2011-05-13,25,3.90,0,0,0,0,0,216.53,6.49,0
5,2011-05-20,22,3.91,0,0,0,0,0,216.30,6.49,0
5,2011-05-27,27,3.79,0,0,0,0,0,216.07,6.49,0
5,2011-06-03,29,3.70,0,0,0,0,0,215.84,6.49,0
5,2011-06-10,29,3.65,0,0,0,0,0,215.61,6.49,0
5,2011-06-17,30,3.64,0,0,0,0,0,215.56,6.49,0
5,2011-06-24,29,3.59,0,0,0,0,0,215.65,6.49,0
5,2011-07-01,30,3.52,0,0,0,0,0,215.75,6.53,0
5,2011-07-08,30,3.48,0,0,0,0,0,215.84,6.53,0
5,2011-07-15,31,3.58,0,0,0,0,0,215.93,6.53,0
5,2011-07-22,31,3.65,0,0,0,0,0,215.99,6.53,0
5,2011-07-29,32,3.68,0,0,0,0,0,216.05,6.53,0
5,2011-08-05,33,3.68,0,0,0,0,0,216.11,6.53,0
5,2011-08-12,32,3.64,0,0,0,0,0,216.17,6.53,0
5,2011-08-19,32,3.55,0,0,0,0,0,216.23,6.53,0
5,2011-08-26,32,3.52,0,0,0,0,0,216.30,6.53,0
5,2011-09-02,32,3.53,0,0,0,0,0,216.36,6.53,0
5,2011-09-09,26,3.55,0,0,0,0,0,216.42,6.53,1
5,2011-09-16,29,3.53,0,0,0,0,0,216.60,6.53,0
5,2011-09-23,26,3.47,0,0,0,0,0,216.94,6.53,0
5,2011-09-30,27,3.36,0,0,0,0,0,217.28,6.53,0
5,2011-10-07,22,3.29,0,0,0,0,0,217.61,6.30,0
5,2011-10-14,22,3.27,0,0,0,0,0,217.92,6.30,0
5,2011-10-21,19,3.35,0,0,0,0,0,218.09,6.30,0
5,2011-10-28,21,3.37,0,0,0,0,0,218.25,6.30,0
5,2011-11-04,14,3.33,0,0,0,0,0,218.41,6.30,0
5,2011-11-11,16,3.30,2971.48,1943.2,60.03,757.33,1040.96,218.57,6.30,0
5,2011-11-18,18,3.31,952.21,116.11,95.01,295.13,4368.45,218.79,6.30,0
5,2011-11-25,17,3.24,107.42,7,29333.06,8,826.06,219.04,6.30,1
5,2011-12-02,11,3.17,2359.44,4,658.01,901.67,24751.93,219.29,6.30,0
5,2011-12-09,7,3.16,2546.5,0,83.07,523.27,3118.64,219.54,6.30,0
5,2011-12-16,12,3.16,802.42,0,78.77,319.84,1940.54,219.76,6.30,0
5,2011-12-23,10,3.11,225.21,0.15,427.57,0,1443.04,219.94,6.30,0
5,2011-12-30,8,3.13,1938.28,17079.76,72.93,162.33,1211.95,220.12,6.30,1
5,2012-01-06,10,3.16,4602.39,6733.6,35.03,621.64,3507.24,220.30,5.94,0
5,2012-01-13,9,3.26,3408.93,3666.32,1.71,137.88,1706.42,220.48,5.94,0
5,2012-01-20,13,3.27,761.25,2100.24,0,132.63,1276.75,220.57,5.94,0
5,2012-01-27,13,3.29,573.64,969.68,0,12,861.28,220.66,5.94,0
5,2012-02-03,14,3.36,23811.41,1349.62,23.82,14928.42,3186.52,220.76,5.94,0
5,2012-02-10,9,3.41,4239.28,2725.8,1.53,3682.89,3234.79,220.85,5.94,1
5,2012-02-17,9,3.51,5548.48,1958.52,1.76,2662.84,2820.38,221.01,5.94,0
5,2012-02-24,14,3.56,2220.32,1407.4,0,145.46,2657.52,221.22,5.94,0
5,2012-03-02,16,3.63,6172.7,123.32,1,3063.26,1213.59,221.43,5.94,0
5,2012-03-09,14,3.67,1842.42,51.27,2,109.67,5043.45,221.65,5.94,0
5,2012-03-16,18,3.73,1879.87,30.7,2.24,585.12,1765.08,221.80,5.94,0
5,2012-03-23,18,3.79,694.24,32.75,5.59,210.09,775.7,221.87,5.94,0
5,2012-03-30,20,3.85,5097.87,25.2,2.7,322.57,1790.31,221.95,5.94,0
5,2012-04-06,21,3.89,5174.35,0,6.48,1489.1,2264.89,222.02,5.80,0
5,2012-04-13,21,3.89,1562.33,758.49,0,206,1642.42,222.10,5.80,0
5,2012-04-20,20,3.88,1197.53,225.78,3,247.94,1499.51,222.15,5.80,0
5,2012-04-27,21,3.81,1127.44,0,5.05,33.35,2598.67,222.21,5.80,0
5,2012-05-04,25,3.75,6396.61,0,83.63,1183.64,2813.83,222.26,5.80,0
5,2012-05-11,23,3.69,4668.2,0,42.75,709.19,1740.42,222.31,5.80,0
5,2012-05-18,21,3.63,2639.05,0,65.34,243.73,2119.63,222.33,5.80,0
5,2012-05-25,26,3.56,3784.86,0,431.99,225.2,2239.68,222.33,5.80,0
5,2012-06-01,27,3.50,2840.78,0,41.58,393.41,2114,222.33,5.80,0
5,2012-06-08,27,3.45,4488.47,0,0.24,231.16,1246.89,222.34,5.80,0
5,2012-06-15,28,3.39,1911.02,0.95,0.04,570.11,1828.62,222.35,5.80,0
5,2012-06-22,27,3.35,2046.93,8.8,0,677.36,2762.83,222.39,5.80,0
5,2012-06-29,31,3.29,1053.25,12.75,0,113.8,1300.11,222.43,5.80,0
5,2012-07-06,28,3.23,2592.37,2.65,52.06,914.36,2768.98,222.47,5.60,0
5,2012-07-13,27,3.26,1471.06,1,12,889.18,798.44,222.51,5.60,0
5,2012-07-20,27,3.31,964.82,13.48,3.39,278.93,1050.13,222.52,5.60,0
5,2012-07-27,29,3.41,2696.67,7.75,0.36,3104.68,2152.23,222.53,5.60,0
5,2012-08-03,31,3.42,7365.26,14.48,0.7,3640.7,2517.31,222.54,5.60,0
5,2012-08-10,31,3.49,3261.56,15,0.5,1687.13,2102.31,222.55,5.60,0
5,2012-08-17,31,3.57,1649.56,-10.98,2.31,1955.75,1205.23,222.63,5.60,0
5,2012-08-24,26,3.62,1985.37,68,4.54,627.6,1355.17,222.76,5.60,0
5,2012-08-31,29,3.64,5211.69,49,13,2799.14,2740.48,222.90,5.60,0
5,2012-09-07,30,3.73,2797.26,1.9,9.61,968.75,2069.3,223.03,5.60,1
5,2012-09-14,25,3.72,2027.18,4,4.55,1354.97,3535.01,223.17,5.60,0
5,2012-09-21,22,3.72,3033.26,5.73,1.1,83.82,4579.05,223.37,5.60,0
5,2012-09-28,26,3.67,1279.39,0,0.55,425.98,1492.6,223.57,5.60,0
5,2012-10-05,22,3.62,2048.94,0,6.02,1121.58,2070.87,223.77,5.42,0
5,2012-10-12,19,3.60,1355.87,0,4,453.98,3562.36,223.97,5.42,0
5,2012-10-19,21,3.59,908.91,0,0,0,709.95,224.02,5.42,0
5,2012-10-26,22,3.51,1547.61,1.74,0,133.31,598.74,224.04,5.42,0
5,2012-11-02,14,3.39,3526.61,1163.63,2.31,514.05,1555.5,224.06,5.42,0
5,2012-11-09,18,3.31,2548.02,2037.54,1.95,303.93,1595.16,224.07,5.42,0
5,2012-11-16,14,3.25,1631.01,-35.74,15.46,326.59,2310.83,224.11,5.42,0
5,2012-11-23,15,3.21,310.95,0,43319.43,46.61,372.22,224.16,5.42,1
5,2012-11-30,13,3.21,2077.6,0,2752.82,8.82,3349.59,224.21,5.42,0
5,2012-12-07,19,3.20,2472.7,0,68,105.14,2359.84,224.25,5.42,0
5,2012-12-14,11,3.17,4007.5,0,0.49,4.97,1108.47,224.31,5.42,0
5,2012-12-21,15,3.10,1344.9,0,15,0,911.84,224.44,5.42,0
5,2012-12-28,9,3.11,6052.63,13017.25,60.81,72.8,3503.26,224.56,5.42,1
5,2013-01-04,5,3.16,878.13,10409.38,0,0,1390.98,224.68,5.49,0
5,2013-01-11,10,3.24,2372.65,4414.85,1.04,37.36,1191.29,224.80,5.49,0
5,2013-01-18,7,3.24,2752.63,1329.85,1.14,600.58,1769.01,224.83,5.49,0
5,2013-01-25,14,3.23,1156.2,355.57,0,54.2,808.87,224.83,5.49,0
5,2013-02-01,15,3.24,4697.68,637.17,30,5803.02,970.8,224.83,5.49,0
5,2013-02-08,15,3.42,21533.52,271.06,80.55,10897.89,4109.09,224.83,5.49,1
5,2013-02-15,12,3.48,3763.73,742.56,0,1112.05,4380.83,224.87,5.49,0
5,2013-02-22,12,3.60,3229.38,166.06,0,7.38,1731.25,225.01,5.49,0
5,2013-03-01,10,3.71,3090.32,25.23,0,18.75,4117.85,225.16,5.49,0
5,2013-03-08,12,3.66,6476.98,41.8,2,1334.42,3081.47,225.30,5.49,0
5,2013-03-15,14,3.62,2889.92,0,1,412.01,1122,225.43,5.49,0
5,2013-03-22,19,3.61,2722.96,0,239,282.76,1476.38,225.51,5.49,0
5,2013-03-29,12,3.61,3189.78,0,167.64,23.38,1637.87,225.60,5.49,0
5,2013-04-05,17,3.58,9023.29,927.32,170.24,405.3,-185.17,225.68,5.28,0
5,2013-04-12,17,3.53,1352.02,376.67,7.6,184.54,1703.57,225.77,5.28,0
5,2013-04-19,20,3.45,884.75,0,34.2,21.11,895.18,225.77,5.28,0
5,2013-04-26,16,3.42,222.75,0,28,12.41,524.75,225.77,5.28,0
5,2013-05-03,20,3.39,2933.78,5,25.5,773.23,1252,NULL,NULL,0
5,2013-05-10,19,3.39,1023.4,192,11.5,107.83,2743.05,NULL,NULL,0
5,2013-05-17,22,3.45,3993.06,111,0,290.94,2145.91,NULL,NULL,0
5,2013-05-24,25,3.49,1717.87,55,365.88,517.77,1281.43,NULL,NULL,0
5,2013-05-31,26,3.47,2062.59,48,144.73,0,796.61,NULL,NULL,0
5,2013-06-07,26,3.44,4459.39,34.03,46.17,2003.25,1993.02,NULL,NULL,0
5,2013-06-14,27,3.43,623.45,25.93,111.81,596.15,951.43,NULL,NULL,0
5,2013-06-21,29,3.48,1522.62,23.42,69.96,411.46,2674.62,NULL,NULL,0
5,2013-06-28,30,3.50,1440.24,94.84,1.5,428.8,1431.38,NULL,NULL,0
5,2013-07-05,28,3.42,2254.18,203.04,469.36,1970.46,616.95,NULL,NULL,0
5,2013-07-12,30,3.40,1621.68,62.35,15.8,561.83,1684.25,NULL,NULL,0
5,2013-07-19,27,3.56,744.92,64.71,13.25,188.4,2151.64,NULL,NULL,0
5,2013-07-26,29,3.62,131.42,35.39,0.09,0,948.51,NULL,NULL,0
6,2010-02-05,5,2.57,0,0,0,0,0,212.62,7.26,0
6,2010-02-12,5,2.55,0,0,0,0,0,212.77,7.26,1
6,2010-02-19,6,2.51,0,0,0,0,0,212.82,7.26,0
6,2010-02-26,8,2.56,0,0,0,0,0,212.85,7.26,0
6,2010-03-05,10,2.63,0,0,0,0,0,212.87,7.26,0
6,2010-03-12,15,2.67,0,0,0,0,0,212.90,7.26,0
6,2010-03-19,14,2.72,0,0,0,0,0,212.74,7.26,0
6,2010-03-26,12,2.73,0,0,0,0,0,212.53,7.26,0
6,2010-04-02,18,2.72,0,0,0,0,0,212.33,7.09,0
6,2010-04-09,19,2.77,0,0,0,0,0,212.13,7.09,0
6,2010-04-16,19,2.81,0,0,0,0,0,211.99,7.09,0
6,2010-04-23,18,2.80,0,0,0,0,0,211.94,7.09,0
6,2010-04-30,21,2.78,0,0,0,0,0,211.89,7.09,0
6,2010-05-07,23,2.84,0,0,0,0,0,211.84,7.09,0
6,2010-05-14,24,2.85,0,0,0,0,0,211.84,7.09,0
6,2010-05-21,24,2.83,0,0,0,0,0,212.13,7.09,0
6,2010-05-28,26,2.76,0,0,0,0,0,212.41,7.09,0
6,2010-06-04,26,2.71,0,0,0,0,0,212.70,7.09,0
6,2010-06-11,28,2.67,0,0,0,0,0,212.98,7.09,0
6,2010-06-18,29,2.64,0,0,0,0,0,212.98,7.09,0
6,2010-06-25,29,2.65,0,0,0,0,0,212.86,7.09,0
6,2010-07-02,27,2.67,0,0,0,0,0,212.75,6.97,0
6,2010-07-09,27,2.64,0,0,0,0,0,212.63,6.97,0
6,2010-07-16,29,2.62,0,0,0,0,0,212.62,6.97,0
6,2010-07-23,29,2.61,0,0,0,0,0,212.76,6.97,0
6,2010-07-30,27,2.64,0,0,0,0,0,212.89,6.97,0
6,2010-08-06,30,2.63,0,0,0,0,0,213.03,6.97,0
6,2010-08-13,30,2.69,0,0,0,0,0,213.17,6.97,0
6,2010-08-20,31,2.66,0,0,0,0,0,213.13,6.97,0
6,2010-08-27,30,2.62,0,0,0,0,0,213.09,6.97,0
6,2010-09-03,28,2.58,0,0,0,0,0,213.05,6.97,0
6,2010-09-10,26,2.57,0,0,0,0,0,213.01,6.97,1
6,2010-09-17,28,2.58,0,0,0,0,0,213.04,6.97,0
6,2010-09-24,25,2.62,0,0,0,0,0,213.12,6.97,0
6,2010-10-01,21,2.60,0,0,0,0,0,213.19,7.01,0
6,2010-10-08,18,2.63,0,0,0,0,0,213.27,7.01,0
6,2010-10-15,21,2.72,0,0,0,0,0,213.33,7.01,0
6,2010-10-22,22,2.73,0,0,0,0,0,213.38,7.01,0
6,2010-10-29,21,2.72,0,0,0,0,0,213.43,7.01,0
6,2010-11-05,16,2.69,0,0,0,0,0,213.48,7.01,0
6,2010-11-12,17,2.73,0,0,0,0,0,213.53,7.01,0
6,2010-11-19,12,2.77,0,0,0,0,0,213.41,7.01,0
6,2010-11-26,19,2.74,0,0,0,0,0,213.27,7.01,1
6,2010-12-03,11,2.71,0,0,0,0,0,213.12,7.01,0
6,2010-12-10,9,2.84,0,0,0,0,0,212.98,7.01,0
6,2010-12-17,11,2.87,0,0,0,0,0,212.92,7.01,0
6,2010-12-24,13,2.89,0,0,0,0,0,212.92,7.01,0
6,2010-12-31,10,2.94,0,0,0,0,0,212.91,7.01,1
6,2011-01-07,9,2.98,0,0,0,0,0,212.91,6.86,0
6,2011-01-14,4,2.98,0,0,0,0,0,212.97,6.86,0
6,2011-01-21,8,3.02,0,0,0,0,0,213.34,6.86,0
6,2011-01-28,7,3.01,0,0,0,0,0,213.71,6.86,0
6,2011-02-04,5,2.99,0,0,0,0,0,214.09,6.86,0
6,2011-02-11,4,3.02,0,0,0,0,0,214.46,6.86,1
6,2011-02-18,15,3.05,0,0,0,0,0,214.78,6.86,0
6,2011-02-25,17,3.07,0,0,0,0,0,215.07,6.86,0
6,2011-03-04,16,3.29,0,0,0,0,0,215.36,6.86,0
6,2011-03-11,14,3.46,0,0,0,0,0,215.65,6.86,0
6,2011-03-18,18,3.49,0,0,0,0,0,215.90,6.86,0
6,2011-03-25,22,3.47,0,0,0,0,0,216.14,6.86,0
6,2011-04-01,17,3.52,0,0,0,0,0,216.38,6.86,0
6,2011-04-08,21,3.62,0,0,0,0,0,216.62,6.86,0
6,2011-04-15,23,3.74,0,0,0,0,0,216.84,6.86,0
6,2011-04-22,23,3.81,0,0,0,0,0,217.01,6.86,0
6,2011-04-29,24,3.81,0,0,0,0,0,217.18,6.86,0
6,2011-05-06,19,3.91,0,0,0,0,0,217.35,6.86,0
6,2011-05-13,25,3.90,0,0,0,0,0,217.52,6.86,0
6,2011-05-20,22,3.91,0,0,0,0,0,217.29,6.86,0
6,2011-05-27,27,3.79,0,0,0,0,0,217.05,6.86,0
6,2011-06-03,29,3.70,0,0,0,0,0,216.82,6.86,0
6,2011-06-10,29,3.65,0,0,0,0,0,216.58,6.86,0
6,2011-06-17,31,3.64,0,0,0,0,0,216.54,6.86,0
6,2011-06-24,30,3.59,0,0,0,0,0,216.63,6.86,0
6,2011-07-01,31,3.52,0,0,0,0,0,216.73,6.93,0
6,2011-07-08,31,3.48,0,0,0,0,0,216.82,6.93,0
6,2011-07-15,32,3.58,0,0,0,0,0,216.90,6.93,0
6,2011-07-22,31,3.65,0,0,0,0,0,216.96,6.93,0
6,2011-07-29,32,3.68,0,0,0,0,0,217.02,6.93,0
6,2011-08-05,33,3.68,0,0,0,0,0,217.08,6.93,0
6,2011-08-12,32,3.64,0,0,0,0,0,217.14,6.93,0
6,2011-08-19,32,3.55,0,0,0,0,0,217.21,6.93,0
6,2011-08-26,32,3.52,0,0,0,0,0,217.27,6.93,0
6,2011-09-02,33,3.53,0,0,0,0,0,217.33,6.93,0
6,2011-09-09,27,3.55,0,0,0,0,0,217.40,6.93,1
6,2011-09-16,29,3.53,0,0,0,0,0,217.58,6.93,0
6,2011-09-23,26,3.47,0,0,0,0,0,217.92,6.93,0
6,2011-09-30,28,3.36,0,0,0,0,0,218.26,6.93,0
6,2011-10-07,23,3.29,0,0,0,0,0,218.60,6.55,0
6,2011-10-14,22,3.27,0,0,0,0,0,218.91,6.55,0
6,2011-10-21,20,3.35,0,0,0,0,0,219.07,6.55,0
6,2011-10-28,21,3.37,0,0,0,0,0,219.24,6.55,0
6,2011-11-04,15,3.33,0,0,0,0,0,219.40,6.55,0
6,2011-11-11,16,3.30,12590.41,2173.66,123.2,3108.55,5416.96,219.56,6.55,0
6,2011-11-18,18,3.31,4649.8,304.36,205.38,687.88,7949.26,219.79,6.55,0
6,2011-11-25,17,3.24,429.03,171.88,83192.81,15,986.23,220.04,6.55,1
6,2011-12-02,11,3.17,6264.18,74.94,2885.14,3904.82,27272.53,220.29,6.55,0
6,2011-12-09,6,3.16,5473.33,42,282.45,4436.51,11311.24,220.55,6.55,0
6,2011-12-16,12,3.16,7070.01,27,603.98,508.56,4788.85,220.77,6.55,0
6,2011-12-23,10,3.11,2143.54,55.54,1417.2,23.41,5336.5,220.95,6.55,0
6,2011-12-30,8,3.13,6098.54,82881.16,326.68,814.58,2728.99,221.13,6.55,1
6,2012-01-06,10,3.16,3220.17,32056.43,108.24,985.76,6650.63,221.31,6.13,0
6,2012-01-13,9,3.26,4779.48,11967.81,65.72,575.13,4512.18,221.49,6.13,0
6,2012-01-20,13,3.27,3413.91,1540.99,33.02,449.06,6587.63,221.58,6.13,0
6,2012-01-27,12,3.29,1510.59,630.92,37.1,17,2641.9,221.68,6.13,0
6,2012-02-03,14,3.36,36848.38,1772.68,161.55,28199.34,7151.33,221.77,6.13,0
6,2012-02-10,9,3.41,12635.19,5694.76,68.45,8976.17,6779.43,221.86,6.13,1
6,2012-02-17,9,3.51,13182.32,15299.89,12.82,6129.29,7603.05,222.03,6.13,0
6,2012-02-24,15,3.56,9198.08,8878.31,10.6,642.13,5539.68,222.24,6.13,0
6,2012-03-02,16,3.63,20243.99,618.72,14.35,9687.4,4968.92,222.45,6.13,0
6,2012-03-09,14,3.67,7731.19,445.6,4.19,446.42,5729.67,222.67,6.13,0
6,2012-03-16,17,3.73,7034.05,103.68,4.59,2231.64,2062.04,222.82,6.13,0
6,2012-03-23,18,3.79,4928.84,57.72,10.95,664.8,3968.26,222.89,6.13,0
6,2012-03-30,20,3.85,12063.62,6.78,16.5,1859.67,3535.25,222.97,6.13,0
6,2012-04-06,22,3.89,9199.63,0,24.6,4044.88,4314.27,223.04,5.96,0
6,2012-04-13,22,3.89,4634.18,6968.14,18.04,1544.21,2875.46,223.12,5.96,0
6,2012-04-20,20,3.88,2326.27,2591.86,14.79,81.42,3663.48,223.17,5.96,0
6,2012-04-27,22,3.81,2564.41,1.49,15.54,9.94,2556.36,223.23,5.96,0
6,2012-05-04,25,3.75,13643.53,266,117.27,5455.98,2773.56,223.28,5.96,0
6,2012-05-11,23,3.69,10658.74,0,133.22,3312.9,9700.64,223.33,5.96,0
6,2012-05-18,21,3.63,6414.56,0,52.03,495.43,2991.72,223.35,5.96,0
6,2012-05-25,26,3.56,7694.17,0,945.23,1331.9,4852.27,223.35,5.96,0
6,2012-06-01,27,3.50,8267.68,16,441.83,1904.81,3517.55,223.35,5.96,0
6,2012-06-08,27,3.45,11150.2,188.6,63.7,859.54,6294.81,223.36,5.96,0
6,2012-06-15,28,3.39,7041.68,276.35,350.16,3373.11,5325.58,223.37,5.96,0
6,2012-06-22,27,3.35,7253.03,312.35,160.51,3024.57,6806.11,223.41,5.96,0
6,2012-06-29,31,3.29,3997.4,231.9,0,262.44,4182.9,223.45,5.96,0
6,2012-07-06,28,3.23,6087.24,254.9,205.95,3655.34,5715.69,223.49,5.67,0
6,2012-07-13,27,3.26,8413.69,113.45,39.42,5516.18,2724.98,223.53,5.67,0
6,2012-07-20,28,3.31,3762.14,148.95,18.43,3197.56,7560.36,223.54,5.67,0
6,2012-07-27,30,3.41,7017.6,203.26,8.11,17151.91,3340.02,223.55,5.67,0
6,2012-08-03,31,3.42,31765.22,141.14,19.13,15925.51,6069.02,223.56,5.67,0
6,2012-08-10,31,3.49,5750.2,187.04,5.21,3920.14,7505.63,223.57,5.67,0
6,2012-08-17,31,3.57,5433.03,171.64,0.01,4968.35,4940.37,223.65,5.67,0
6,2012-08-24,26,3.62,5492.77,103.36,50,5268.21,6277.08,223.79,5.67,0
6,2012-08-31,29,3.64,21801.35,111.57,16.74,15675.98,4002.59,223.92,5.67,0
6,2012-09-07,30,3.73,14105.12,47.96,24.6,3040.62,3558.18,224.06,5.67,1
6,2012-09-14,25,3.72,11072.87,22,6.01,3871.46,9997.93,224.20,5.67,0
6,2012-09-21,22,3.72,8735.97,3.82,6.15,855.06,9092.57,224.40,5.67,0
6,2012-09-28,25,3.67,4181.54,7.64,1.65,1952.69,2447.92,224.60,5.67,0
6,2012-10-05,22,3.62,9663.09,0,40.93,3720,5941.24,224.80,5.33,0
6,2012-10-12,19,3.60,1905.34,0,13.83,559.5,8706.87,225.01,5.33,0
6,2012-10-19,21,3.59,1476.45,0,3.1,31.32,4080.57,225.05,5.33,0
6,2012-10-26,22,3.51,6827.59,53.07,0,319.25,1881.27,225.07,5.33,0
6,2012-11-02,15,3.39,13494.41,15350.17,34.79,5549.32,6682.4,225.09,5.33,0
6,2012-11-09,19,3.31,10750.41,1244.27,11.32,524.64,4196.85,225.11,5.33,0
6,2012-11-16,13,3.25,7849.78,146.12,64.7,957.54,8467.19,225.14,5.33,0
6,2012-11-23,16,3.21,849.7,0,112255.67,212.36,1963.4,225.19,5.33,1
6,2012-11-30,13,3.21,4463.06,0,3737.14,94.88,9459.61,225.24,5.33,0
6,2012-12-07,18,3.20,11880.41,0,426,3127.97,15254.23,225.29,5.33,0
6,2012-12-14,11,3.17,5687.4,0,83.26,469.15,6390.63,225.35,5.33,0
6,2012-12-21,15,3.10,5511.3,35.96,240.32,10,4165.9,225.47,5.33,0
6,2012-12-28,8,3.11,12663.68,52304.87,424.04,46.98,1668.09,225.59,5.33,1
6,2013-01-04,5,3.16,2958.8,59362.3,27.18,24.85,4190.08,225.71,5.37,0
6,2013-01-11,9,3.24,5510.29,33063.57,-0.86,693.1,3418.77,225.83,5.37,0
6,2013-01-18,7,3.24,3311.95,1697.99,5.34,3,2403.96,225.86,5.37,0
6,2013-01-25,14,3.23,1541.93,751.92,0.6,40.61,1107.6,225.86,5.37,0
6,2013-02-01,15,3.24,12770.23,1088.16,434.8,17254.24,4436.09,225.86,5.37,0
6,2013-02-08,16,3.42,64733.8,1335.25,240.3,34049.73,6567.44,225.86,5.37,1
6,2013-02-15,12,3.48,20422.71,6289.09,203,19117.99,7911.9,225.90,5.37,0
6,2013-02-22,13,3.60,12528.67,5392.98,29.98,270.37,3771.58,226.04,5.37,0
6,2013-03-01,10,3.71,5999.24,578.17,2,155,5362.39,226.19,5.37,0
6,2013-03-08,13,3.66,45591.46,212.69,79.91,8383.35,3778.9,226.33,5.37,0
6,2013-03-15,15,3.62,8035.95,0,8.69,613.44,3328.21,226.46,5.37,0
6,2013-03-22,19,3.61,11497.72,0,649,2351.98,2772.72,226.55,5.37,0
6,2013-03-29,12,3.61,6162.8,0,736.47,32.03,3690.59,226.63,5.37,0
6,2013-04-05,16,3.58,13894.83,8546.67,635.55,1436.84,3152.22,226.72,5.29,0
6,2013-04-12,17,3.53,5772.74,180.35,97.82,1027.37,3742.94,226.80,5.29,0
6,2013-04-19,20,3.45,2218.26,9.04,95.2,13.38,1664.93,226.80,5.29,0
6,2013-04-26,16,3.42,2848.95,0,112.6,179.66,2553.43,226.80,5.29,0
6,2013-05-03,20,3.39,11882.48,22.88,36.92,4788.84,2648.71,NULL,NULL,0
6,2013-05-10,19,3.39,4028.93,321.9,53.47,537.54,11882.48,NULL,NULL,0
6,2013-05-17,22,3.45,7729.62,190.96,9.5,1285.36,4751.3,NULL,NULL,0
6,2013-05-24,26,3.49,5842.49,194.86,368.14,1000.8,7037.72,NULL,NULL,0
6,2013-05-31,25,3.47,5849.58,251.75,413.12,1.92,3945.71,NULL,NULL,0
6,2013-06-07,26,3.44,15657.52,1059.99,410.85,6795.91,7037.09,NULL,NULL,0
6,2013-06-14,27,3.43,4061.92,651.6,693.25,3838.56,2825.36,NULL,NULL,0
6,2013-06-21,29,3.48,6264.97,669.13,357.59,5171.26,6955.91,NULL,NULL,0
6,2013-06-28,30,3.50,5463.09,1071.94,210.1,4666.78,8341.22,NULL,NULL,0
6,2013-07-05,28,3.42,14374.85,4054.24,1126.23,9827.95,2385.16,NULL,NULL,0
6,2013-07-12,30,3.40,13456.91,1783.4,114.92,1133.32,6330.81,NULL,NULL,0
6,2013-07-19,26,3.56,2124.1,693.74,270.3,671.53,3867.01,NULL,NULL,0
6,2013-07-26,29,3.62,543.69,798.02,16.05,70.4,2648.37,NULL,NULL,0
7,2010-02-05,-12,2.58,0,0,0,0,0,189.38,9.01,0
7,2010-02-12,-3,2.57,0,0,0,0,0,189.46,9.01,1
7,2010-02-19,-3,2.55,0,0,0,0,0,189.53,9.01,0
7,2010-02-26,-4,2.59,0,0,0,0,0,189.60,9.01,0
7,2010-03-05,2,2.62,0,0,0,0,0,189.67,9.01,0
7,2010-03-12,-3,2.68,0,0,0,0,0,189.74,9.01,0
7,2010-03-19,-2,2.69,0,0,0,0,0,189.73,9.01,0
7,2010-03-26,-5,2.72,0,0,0,0,0,189.72,9.01,0
7,2010-04-02,3,2.73,0,0,0,0,0,189.70,8.96,0
7,2010-04-09,1,2.75,0,0,0,0,0,189.69,8.96,0
7,2010-04-16,5,2.77,0,0,0,0,0,189.66,8.96,0
7,2010-04-23,6,2.78,0,0,0,0,0,189.62,8.96,0
7,2010-04-30,4,2.77,0,0,0,0,0,189.58,8.96,0
7,2010-05-07,4,2.77,0,0,0,0,0,189.53,8.96,0
7,2010-05-14,5,2.79,0,0,0,0,0,189.49,8.96,0
7,2010-05-21,8,2.78,0,0,0,0,0,189.47,8.96,0
7,2010-05-28,12,2.74,0,0,0,0,0,189.45,8.96,0
7,2010-06-04,12,2.70,0,0,0,0,0,189.42,8.96,0
7,2010-06-11,18,2.68,0,0,0,0,0,189.40,8.96,0
7,2010-06-18,12,2.67,0,0,0,0,0,189.42,8.96,0
7,2010-06-25,16,2.72,0,0,0,0,0,189.45,8.96,0
7,2010-07-02,16,2.73,0,0,0,0,0,189.49,9.02,0
7,2010-07-09,14,2.71,0,0,0,0,0,189.52,9.02,0
7,2010-07-16,17,2.70,0,0,0,0,0,189.61,9.02,0
7,2010-07-23,18,2.69,0,0,0,0,0,189.77,9.02,0
7,2010-07-30,19,2.69,0,0,0,0,0,189.94,9.02,0
7,2010-08-06,17,2.69,0,0,0,0,0,190.10,9.02,0
7,2010-08-13,16,2.72,0,0,0,0,0,190.26,9.02,0
7,2010-08-20,15,2.73,0,0,0,0,0,190.29,9.02,0
7,2010-08-27,14,2.73,0,0,0,0,0,190.33,9.02,0
7,2010-09-03,10,2.77,0,0,0,0,0,190.36,9.02,0
7,2010-09-10,9,2.78,0,0,0,0,0,190.40,9.02,1
7,2010-09-17,9,2.80,0,0,0,0,0,190.47,9.02,0
7,2010-09-24,9,2.79,0,0,0,0,0,190.57,9.02,0
7,2010-10-01,10,2.76,0,0,0,0,0,190.67,9.14,0
7,2010-10-08,7,2.75,0,0,0,0,0,190.78,9.14,0
7,2010-10-15,2,2.76,0,0,0,0,0,190.86,9.14,0
7,2010-10-22,3,2.76,0,0,0,0,0,190.91,9.14,0
7,2010-10-29,2,2.75,0,0,0,0,0,190.95,9.14,0
7,2010-11-05,10,2.73,0,0,0,0,0,191.00,9.14,0
7,2010-11-12,-5,2.74,0,0,0,0,0,191.04,9.14,0
7,2010-11-19,-4,2.76,0,0,0,0,0,191.03,9.14,0
7,2010-11-26,-8,2.74,0,0,0,0,0,191.01,9.14,1
7,2010-12-03,-6,2.71,0,0,0,0,0,190.99,9.14,0
7,2010-12-10,-4,2.73,0,0,0,0,0,190.97,9.14,0
7,2010-12-17,-6,2.78,0,0,0,0,0,191.03,9.14,0
7,2010-12-24,-3,2.78,0,0,0,0,0,191.14,9.14,0
7,2010-12-31,-10,2.83,0,0,0,0,0,191.26,9.14,1
7,2011-01-07,-12,2.88,0,0,0,0,0,191.37,8.82,0
7,2011-01-14,-11,2.91,0,0,0,0,0,191.48,8.82,0
7,2011-01-21,-4,2.97,0,0,0,0,0,191.57,8.82,0
7,2011-01-28,-12,3.01,0,0,0,0,0,191.67,8.82,0
7,2011-02-04,-19,3.01,0,0,0,0,0,191.76,8.82,0
7,2011-02-11,-12,3.04,0,0,0,0,0,191.86,8.82,1
7,2011-02-18,-8,3.05,0,0,0,0,0,191.92,8.82,0
7,2011-02-25,-8,3.10,0,0,0,0,0,191.96,8.82,0
7,2011-03-04,-6,3.23,0,0,0,0,0,192.01,8.82,0
7,2011-03-11,-6,3.37,0,0,0,0,0,192.06,8.82,0
7,2011-03-18,-2,3.41,0,0,0,0,0,192.12,8.82,0
7,2011-03-25,-4,3.41,0,0,0,0,0,192.20,8.82,0
7,2011-04-01,-4,3.46,0,0,0,0,0,192.27,8.60,0
7,2011-04-08,-1,3.53,0,0,0,0,0,192.34,8.60,0
7,2011-04-15,-2,3.61,0,0,0,0,0,192.42,8.60,0
7,2011-04-22,0,3.64,0,0,0,0,0,192.52,8.60,0
7,2011-04-29,-3,3.66,0,0,0,0,0,192.62,8.60,0
7,2011-05-06,-3,3.74,0,0,0,0,0,192.73,8.60,0
7,2011-05-13,3,3.77,0,0,0,0,0,192.83,8.60,0
7,2011-05-20,2,3.83,0,0,0,0,0,192.83,8.60,0
7,2011-05-27,3,3.80,0,0,0,0,0,192.84,8.60,0
7,2011-06-03,8,3.76,0,0,0,0,0,192.84,8.60,0
7,2011-06-10,12,3.74,0,0,0,0,0,192.85,8.60,0
7,2011-06-17,9,3.70,0,0,0,0,0,192.90,8.60,0
7,2011-06-24,8,3.66,0,0,0,0,0,193.00,8.60,0
7,2011-07-01,15,3.60,0,0,0,0,0,193.09,8.62,0
7,2011-07-08,15,3.54,0,0,0,0,0,193.19,8.62,0
7,2011-07-15,12,3.53,0,0,0,0,0,193.31,8.62,0
7,2011-07-22,13,3.55,0,0,0,0,0,193.51,8.62,0
7,2011-07-29,14,3.55,0,0,0,0,0,193.71,8.62,0
7,2011-08-05,13,3.55,0,0,0,0,0,193.91,8.62,0
7,2011-08-12,13,3.54,0,0,0,0,0,194.11,8.62,0
7,2011-08-19,13,3.50,0,0,0,0,0,194.25,8.62,0
7,2011-08-26,14,3.49,0,0,0,0,0,194.38,8.62,0
7,2011-09-02,12,3.51,0,0,0,0,0,194.51,8.62,0
7,2011-09-09,8,3.57,0,0,0,0,0,194.64,8.62,1
7,2011-09-16,6,3.60,0,0,0,0,0,194.74,8.62,0
7,2011-09-23,6,3.58,0,0,0,0,0,194.81,8.62,0
7,2011-09-30,9,3.54,0,0,0,0,0,194.88,8.62,0
7,2011-10-07,5,3.50,0,0,0,0,0,194.95,8.51,0
7,2011-10-14,0,3.49,0,0,0,0,0,195.03,8.51,0
7,2011-10-21,3,3.55,0,0,0,0,0,195.18,8.51,0
7,2011-10-28,-2,3.55,0,0,0,0,0,195.33,8.51,0
7,2011-11-04,-5,3.53,0,0,0,0,0,195.48,8.51,0
7,2011-11-11,-7,3.51,3307.6,1431.65,143.06,1330.31,1680.9,195.64,8.51,0
7,2011-11-18,-1,3.48,3221.47,1229.96,7.35,494.15,3947.57,195.72,8.51,0
7,2011-11-25,-2,3.42,35.94,6.47,41487.59,12,905.95,195.77,8.51,1
7,2011-12-02,-6,3.38,2229.32,6.47,738.42,1630.88,11534.89,195.82,8.51,0
7,2011-12-09,-12,3.33,3393.21,0,94.93,589.44,3067.9,195.87,8.51,0
7,2011-12-16,-9,3.27,2089.28,0.09,168.73,439.97,1899.74,195.98,8.51,0
7,2011-12-23,-11,3.17,519.82,0.15,483.1,41.51,1313.38,196.17,8.51,0
7,2011-12-30,-9,3.12,2026.82,17021.3,113.19,144.93,1178.13,196.36,8.51,1
7,2012-01-06,-7,3.10,2373.44,11519.36,7.26,162.72,4504.47,196.55,8.26,0
7,2012-01-13,-14,3.08,3167.26,5926.48,0.54,191.84,1415.69,196.73,8.26,0
7,2012-01-20,-3,3.06,1967.73,2791.5,0.73,213.86,4297.27,196.78,8.26,0
7,2012-01-27,-3,3.04,747.21,559.46,0,47,2332.92,196.83,8.26,0
7,2012-02-03,-5,3.03,56917.7,1839.82,4.53,16241.73,2414.97,196.87,8.26,0
7,2012-02-10,-7,3.10,13100.37,3096.6,1.73,4854.7,6266.04,196.92,8.26,1
7,2012-02-17,-3,3.11,5453.54,4918.31,1.88,1838.98,5303.89,196.94,8.26,0
7,2012-02-24,-4,3.13,10170.57,4331.71,93.06,2699.15,3456.7,196.95,8.26,0
7,2012-03-02,-6,3.19,41848.34,2326.08,139.2,15505,1348.86,196.96,8.26,0
7,2012-03-09,-1,3.29,12144.9,1178.96,2.18,996.02,2221.16,196.96,8.26,0
7,2012-03-16,3,3.49,2980.91,3.28,2.55,3440.61,1127.01,197.05,8.26,0
7,2012-03-23,2,3.66,8458.87,0,3.84,293.35,1493.28,197.23,8.26,0
7,2012-03-30,7,3.75,8460.02,2.4,9.25,385.22,1666.6,197.41,8.26,0
7,2012-04-06,7,3.85,7550.89,0,21.98,1156.2,3500.91,197.60,8.09,0
7,2012-04-13,5,3.90,1662.2,1555.57,15.47,776.66,1377.63,197.78,8.09,0
7,2012-04-20,4,3.94,2114.64,863.38,14.21,549.62,1509.05,197.72,8.09,0
7,2012-04-27,11,3.93,819.48,0,45.94,49.82,1209.89,197.66,8.09,0
7,2012-05-04,7,3.90,6018.32,0,69.97,1590.01,1521.53,197.61,8.09,0
7,2012-05-11,9,3.87,24426.8,0,4.8,402.53,2012.64,197.55,8.09,0
7,2012-05-18,10,3.84,3225.22,0,24.83,508.1,1897.92,197.56,8.09,0
7,2012-05-25,10,3.80,5126.54,0,90.05,483.27,2236.31,197.59,8.09,0
7,2012-06-01,13,3.76,2427.12,0,98.67,1349.72,2112.74,197.62,8.09,0
7,2012-06-08,17,3.74,3729.69,76.6,0.12,444.64,3495.06,197.66,8.09,0
7,2012-06-15,15,3.72,16717.38,119.4,0.65,677.29,1144.07,197.69,8.09,0
7,2012-06-22,18,3.74,12407.71,352.1,0.09,1239.04,1533.86,197.74,8.09,0
7,2012-06-29,20,3.69,1246.74,425.6,0,42,1200.17,197.79,8.09,0
7,2012-07-06,18,3.65,2779.97,326.2,5.07,2112.68,1548.33,197.83,7.87,0
7,2012-07-13,18,3.61,1562.86,85.7,0.35,424.66,57029.78,197.88,7.87,0
7,2012-07-20,17,3.59,1182.59,114.37,11.37,198.49,2423.07,197.93,7.87,0
7,2012-07-27,18,3.57,1064.81,688.66,3.45,1264.45,2007.5,197.98,7.87,0
7,2012-08-03,17,3.53,9468.47,109.88,2.88,8606.99,1605.62,198.03,7.87,0
7,2012-08-10,17,3.51,4032.28,26.2,55.79,2124.61,960.59,198.08,7.87,0
7,2012-08-17,15,3.55,1266.82,34.6,46.86,1649.91,1421.44,198.10,7.87,0
7,2012-08-24,15,3.56,2534.52,19.6,1.86,1627.26,3915.85,198.10,7.87,0
7,2012-08-31,16,3.56,6246.07,9,16.35,2482.01,1225.36,198.10,7.87,0
7,2012-09-07,14,3.60,5069.74,0,10.15,817.15,2158.82,198.10,7.87,1
7,2012-09-14,12,3.66,3180.52,0,5.03,709.04,5384.1,198.13,7.87,0
7,2012-09-21,11,3.77,4113.14,12,3,344.2,4693.52,198.36,7.87,0
7,2012-09-28,10,3.79,3735.2,6.91,4.5,917.2,1793.35,198.59,7.87,0
7,2012-10-05,9,3.78,2955.56,0,9.9,2240.78,1324.84,198.82,7.56,0
7,2012-10-12,5,3.76,302.62,0,3.72,375.75,514.23,199.05,7.56,0
7,2012-10-19,6,3.75,2034.63,0,0.5,298.55,4163.41,199.15,7.56,0
7,2012-10-26,6,3.69,2818.42,24.03,2.97,343.26,1064.56,199.22,7.56,0
7,2012-11-02,3,3.60,3335.15,1937.31,5.02,282.71,1127.18,199.29,7.56,0
7,2012-11-09,3,3.55,1797.81,3661.28,10,501.33,3222.63,199.36,7.56,0
7,2012-11-16,-4,3.48,4971.72,723.12,7.28,845.51,1710.22,199.43,7.56,0
7,2012-11-23,2,3.45,295.5,0,44081.25,78.08,623.37,199.50,7.56,1
7,2012-11-30,-2,3.44,3839.63,0,14836.66,88.68,6046.28,199.56,7.56,0
7,2012-12-07,1,3.37,4599.98,0,116,368.57,4274.79,199.63,7.56,0
7,2012-12-14,-6,3.30,1463.18,0,26,3.97,1049.36,199.72,7.56,0
7,2012-12-21,-11,3.22,1066.13,0,29.64,40.6,475.96,199.94,7.56,0
7,2012-12-28,-16,3.11,7153,7398.79,106.33,24.43,1286.48,200.17,7.56,1
7,2013-01-04,-21,3.03,1390.63,11904.04,37.82,65.08,1446.44,200.39,7.11,0
7,2013-01-11,-21,2.96,2117.01,8298.08,8.61,15.26,745.42,200.62,7.11,0
7,2013-01-18,-22,2.89,6630.25,3626.32,1.96,1174.23,1513.31,200.74,7.11,0
7,2013-01-25,-16,2.87,717.12,1046.55,0.6,20.88,826.28,200.82,7.11,0
7,2013-02-01,-4,3.00,4389.12,316.88,113.68,4128.61,1238.01,200.89,7.11,0
7,2013-02-08,-12,3.21,30907.52,185.19,392.36,16519.53,2304.12,200.97,7.11,1
7,2013-02-15,-10,3.39,8906.51,490.37,0.24,959.51,3846.26,201.04,7.11,0
7,2013-02-22,-10,3.56,7919.43,642.57,46.54,3475.28,1450.55,201.10,7.11,0
7,2013-03-01,-11,3.64,3789.54,99.08,0.4,33.38,959.83,201.15,7.11,0
7,2013-03-08,-4,3.62,9370.38,85.98,107.66,2891.2,1385.72,201.21,7.11,0
7,2013-03-15,-1,3.61,2521.46,0,219.71,879.39,1203.71,201.24,7.11,0
7,2013-03-22,-1,3.61,4514.13,0,677.3,133.33,983.16,201.20,7.11,0
7,2013-03-29,-3,3.61,7886.02,0,420.1,69.41,2403.73,201.16,7.11,0
7,2013-04-05,4,3.63,6121.49,979.92,152.85,161.59,986.23,201.11,6.95,0
7,2013-04-12,2,3.64,1731.11,28.55,25.47,89.14,1032.44,201.07,6.95,0
7,2013-04-19,-1,3.60,1726.61,0.03,28.68,188.07,1130.11,201.07,6.95,0
7,2013-04-26,2,3.57,738.97,0,54.04,21.2,471.4,201.07,6.95,0
7,2013-05-03,6,3.57,4661.74,0,25.74,1145.37,917.91,NULL,NULL,0
7,2013-05-10,7,3.61,4441.63,85.76,18.25,153.84,3820.86,NULL,NULL,0
7,2013-05-17,12,3.70,3048.39,2,6.64,405.44,1236.57,NULL,NULL,0
7,2013-05-24,10,3.88,1557.79,4,177.08,596.22,1440.8,NULL,NULL,0
7,2013-05-31,10,3.87,2350.78,-7.76,91.59,166.86,540.89,NULL,NULL,0
7,2013-06-07,11,3.83,4849.33,148.68,75.64,2043.97,2240.29,NULL,NULL,0
7,2013-06-14,13,3.80,2143.04,196.29,157,605.85,1250.24,NULL,NULL,0
7,2013-06-21,11,3.74,1434.01,116.52,92.13,471.28,2812.28,NULL,NULL,0
7,2013-06-28,13,3.69,2817.6,750.96,0,272.82,1057.35,NULL,NULL,0
7,2013-07-05,12,3.64,3764.78,977.99,163.96,2038.56,1154.49,NULL,NULL,0
7,2013-07-12,16,3.58,918.12,732.41,55.68,470.11,1397.18,NULL,NULL,0
7,2013-07-19,13,3.59,460.9,250.72,13.75,310.91,778.74,NULL,NULL,0
7,2013-07-26,14,3.58,180.87,54.56,0,36.65,877.99,NULL,NULL,0
8,2010-02-05,1,2.57,0,0,0,0,0,214.47,6.30,0
8,2010-02-12,1,2.55,0,0,0,0,0,214.62,6.30,1
8,2010-02-19,4,2.51,0,0,0,0,0,214.67,6.30,0
8,2010-02-26,3,2.56,0,0,0,0,0,214.69,6.30,0
8,2010-03-05,8,2.63,0,0,0,0,0,214.72,6.30,0
8,2010-03-12,10,2.67,0,0,0,0,0,214.75,6.30,0
8,2010-03-19,8,2.72,0,0,0,0,0,214.58,6.30,0
8,2010-03-26,8,2.73,0,0,0,0,0,214.37,6.30,0
8,2010-04-02,16,2.72,0,0,0,0,0,214.16,6.29,0
8,2010-04-09,15,2.77,0,0,0,0,0,213.96,6.29,0
8,2010-04-16,17,2.81,0,0,0,0,0,213.82,6.29,0
8,2010-04-23,13,2.80,0,0,0,0,0,213.77,6.29,0
8,2010-04-30,16,2.78,0,0,0,0,0,213.72,6.29,0
8,2010-05-07,17,2.84,0,0,0,0,0,213.67,6.29,0
8,2010-05-14,16,2.85,0,0,0,0,0,213.67,6.29,0
8,2010-05-21,19,2.83,0,0,0,0,0,213.96,6.29,0
8,2010-05-28,24,2.76,0,0,0,0,0,214.25,6.29,0
8,2010-06-04,24,2.71,0,0,0,0,0,214.54,6.29,0
8,2010-06-11,28,2.67,0,0,0,0,0,214.83,6.29,0
8,2010-06-18,26,2.64,0,0,0,0,0,214.83,6.29,0
8,2010-06-25,28,2.65,0,0,0,0,0,214.71,6.29,0
8,2010-07-02,24,2.67,0,0,0,0,0,214.59,6.32,0
8,2010-07-09,22,2.64,0,0,0,0,0,214.47,6.32,0
8,2010-07-16,25,2.62,0,0,0,0,0,214.46,6.32,0
8,2010-07-23,26,2.61,0,0,0,0,0,214.60,6.32,0
8,2010-07-30,24,2.64,0,0,0,0,0,214.74,6.32,0
8,2010-08-06,27,2.63,0,0,0,0,0,214.88,6.32,0
8,2010-08-13,27,2.69,0,0,0,0,0,215.02,6.32,0
8,2010-08-20,26,2.66,0,0,0,0,0,214.98,6.32,0
8,2010-08-27,24,2.62,0,0,0,0,0,214.94,6.32,0
8,2010-09-03,25,2.58,0,0,0,0,0,214.89,6.32,0
8,2010-09-10,24,2.57,0,0,0,0,0,214.85,6.32,1
8,2010-09-17,24,2.58,0,0,0,0,0,214.88,6.32,0
8,2010-09-24,22,2.62,0,0,0,0,0,214.95,6.32,0
8,2010-10-01,20,2.60,0,0,0,0,0,215.03,6.43,0
8,2010-10-08,17,2.63,0,0,0,0,0,215.11,6.43,0
8,2010-10-15,17,2.72,0,0,0,0,0,215.18,6.43,0
8,2010-10-22,17,2.73,0,0,0,0,0,215.22,6.43,0
8,2010-10-29,14,2.72,0,0,0,0,0,215.27,6.43,0
8,2010-11-05,13,2.69,0,0,0,0,0,215.32,6.43,0
8,2010-11-12,13,2.73,0,0,0,0,0,215.37,6.43,0
8,2010-11-19,7,2.77,0,0,0,0,0,215.25,6.43,0
8,2010-11-26,11,2.74,0,0,0,0,0,215.11,6.43,1
8,2010-12-03,6,2.71,0,0,0,0,0,214.96,6.43,0
8,2010-12-10,6,2.84,0,0,0,0,0,214.82,6.43,0
8,2010-12-17,7,2.87,0,0,0,0,0,214.75,6.43,0
8,2010-12-24,8,2.89,0,0,0,0,0,214.75,6.43,0
8,2010-12-31,5,2.94,0,0,0,0,0,214.74,6.43,1
8,2011-01-07,2,2.98,0,0,0,0,0,214.74,6.26,0
8,2011-01-14,0,2.98,0,0,0,0,0,214.79,6.26,0
8,2011-01-21,6,3.02,0,0,0,0,0,215.17,6.26,0
8,2011-01-28,4,3.01,0,0,0,0,0,215.55,6.26,0
8,2011-02-04,-4,2.99,0,0,0,0,0,215.93,6.26,0
8,2011-02-11,-2,3.02,0,0,0,0,0,216.31,6.26,1
8,2011-02-18,10,3.05,0,0,0,0,0,216.63,6.26,0
8,2011-02-25,11,3.07,0,0,0,0,0,216.92,6.26,0
8,2011-03-04,12,3.29,0,0,0,0,0,217.22,6.26,0
8,2011-03-11,10,3.46,0,0,0,0,0,217.51,6.26,0
8,2011-03-18,14,3.49,0,0,0,0,0,217.77,6.26,0
8,2011-03-25,15,3.47,0,0,0,0,0,218.01,6.26,0
8,2011-04-01,10,3.52,0,0,0,0,0,218.26,6.30,0
8,2011-04-08,19,3.62,0,0,0,0,0,218.50,6.30,0
8,2011-04-15,18,3.74,0,0,0,0,0,218.73,6.30,0
8,2011-04-22,18,3.81,0,0,0,0,0,218.90,6.30,0
8,2011-04-29,17,3.81,0,0,0,0,0,219.07,6.30,0
8,2011-05-06,15,3.91,0,0,0,0,0,219.24,6.30,0
8,2011-05-13,23,3.90,0,0,0,0,0,219.42,6.30,0
8,2011-05-20,19,3.91,0,0,0,0,0,219.17,6.30,0
8,2011-05-27,23,3.79,0,0,0,0,0,218.93,6.30,0
8,2011-06-03,28,3.70,0,0,0,0,0,218.69,6.30,0
8,2011-06-10,28,3.65,0,0,0,0,0,218.45,6.30,0
8,2011-06-17,29,3.64,0,0,0,0,0,218.40,6.30,0
8,2011-06-24,29,3.59,0,0,0,0,0,218.50,6.30,0
8,2011-07-01,31,3.52,0,0,0,0,0,218.59,6.43,0
8,2011-07-08,29,3.48,0,0,0,0,0,218.69,6.43,0
8,2011-07-15,29,3.58,0,0,0,0,0,218.77,6.43,0
8,2011-07-22,30,3.65,0,0,0,0,0,218.83,6.43,0
8,2011-07-29,30,3.68,0,0,0,0,0,218.89,6.43,0
8,2011-08-05,30,3.68,0,0,0,0,0,218.95,6.43,0
8,2011-08-12,30,3.64,0,0,0,0,0,219.01,6.43,0
8,2011-08-19,28,3.55,0,0,0,0,0,219.07,6.43,0
8,2011-08-26,29,3.52,0,0,0,0,0,219.13,6.43,0
8,2011-09-02,29,3.53,0,0,0,0,0,219.20,6.43,0
8,2011-09-09,21,3.55,0,0,0,0,0,219.26,6.43,1
8,2011-09-16,21,3.53,0,0,0,0,0,219.44,6.43,0
8,2011-09-23,20,3.47,0,0,0,0,0,219.79,6.43,0
8,2011-09-30,22,3.36,0,0,0,0,0,220.13,6.43,0
8,2011-10-07,20,3.29,0,0,0,0,0,220.48,6.12,0
8,2011-10-14,17,3.27,0,0,0,0,0,220.80,6.12,0
8,2011-10-21,16,3.35,0,0,0,0,0,220.96,6.12,0
8,2011-10-28,14,3.37,0,0,0,0,0,221.13,6.12,0
8,2011-11-04,10,3.33,0,0,0,0,0,221.29,6.12,0
8,2011-11-11,10,3.30,4971.01,4538.18,541.05,1407.72,3846.73,221.46,6.12,0
8,2011-11-18,11,3.31,6839.45,114.32,166.32,868.79,4442.66,221.69,6.12,0
8,2011-11-25,10,3.24,437.61,320.76,45968.51,110.41,992.9,221.95,6.12,1
8,2011-12-02,5,3.17,2222.42,286,1464.46,1192.79,13865.57,222.21,6.12,0
8,2011-12-09,-1,3.16,4425.92,36,346.05,1791.15,9889.35,222.47,6.12,0
8,2011-12-16,4,3.16,739.45,34,326.76,169.2,2238.66,222.69,6.12,0
8,2011-12-23,3,3.11,1234,0.3,891.94,14,5884.24,222.87,6.12,0
8,2011-12-30,2,3.13,3701.08,36381.83,164.34,178.4,1508.56,223.06,6.12,1
8,2012-01-06,6,3.16,3093.39,26001.46,96.35,500.91,4468.63,223.24,5.83,0
8,2012-01-13,2,3.26,6725.29,12764.99,15.98,299.73,3851.69,223.42,5.83,0
8,2012-01-20,8,3.27,1643.08,1055.47,9.02,411.88,3161.92,223.52,5.83,0
8,2012-01-27,8,3.29,6065.01,730.16,15.18,30.28,24241.12,223.61,5.83,0
8,2012-02-03,8,3.36,41524.03,1412.41,83.15,18723.56,3886.31,223.71,5.83,0
8,2012-02-10,2,3.41,9332.6,3298.88,32.12,6530.08,4858.74,223.80,5.83,1
8,2012-02-17,3,3.51,4376.58,10723.12,10.5,1546.82,4117.02,223.97,5.83,0
8,2012-02-24,8,3.56,9712.39,4960.15,1,2441.26,5314.33,224.18,5.83,0
8,2012-03-02,11,3.63,19521.45,1000.19,0.6,5819.37,3641.54,224.40,5.83,0
8,2012-03-09,10,3.67,7740.12,269.44,2,509.65,4678.17,224.61,5.83,0
8,2012-03-16,14,3.73,4879.04,501.9,6.14,1078.01,1288.81,224.77,5.83,0
8,2012-03-23,12,3.79,6155.76,499.11,2.04,403.32,2748.36,224.84,5.83,0
8,2012-03-30,19,3.85,6052.68,121.67,0,375.27,1715.7,224.91,5.83,0
8,2012-04-06,17,3.89,6821.13,0,27.04,2101.86,3627.77,224.99,5.68,0
8,2012-04-13,18,3.89,7627.83,4689.55,4.2,940.82,1723.28,225.06,5.68,0
8,2012-04-20,18,3.88,3600.79,2105.64,4.9,1768.65,14945.23,225.12,5.68,0
8,2012-04-27,21,3.81,5440.25,1.5,2.2,15.6,3302.44,225.17,5.68,0
8,2012-05-04,23,3.75,12807.63,0,260.55,3338.11,2197.51,225.23,5.68,0
8,2012-05-11,18,3.69,10852.45,0,3.82,1425.65,2545.79,225.28,5.68,0
8,2012-05-18,18,3.63,7288.06,0,24.25,585.14,4836.15,225.30,5.68,0
8,2012-05-25,25,3.56,2989.94,0,651.09,1056.01,10189.75,225.30,5.68,0
8,2012-06-01,26,3.50,11578.32,41.6,58.17,1319.45,2044.72,225.30,5.68,0
8,2012-06-08,23,3.45,8721.82,252.8,30.45,679.89,5160.31,225.30,5.68,0
8,2012-06-15,25,3.39,8583.02,265.7,151.05,1184.4,5675.58,225.31,5.68,0
8,2012-06-22,26,3.35,5146.44,124.95,2.97,1409.95,3956.16,225.36,5.68,0
8,2012-06-29,29,3.29,8467.23,199.75,0,492.34,5529.08,225.40,5.68,0
8,2012-07-06,27,3.23,10526.01,157.93,182.17,3068.98,4059.99,225.44,5.40,0
8,2012-07-13,26,3.26,10278.48,129.2,24,1750.15,2057.71,225.48,5.40,0
8,2012-07-20,27,3.31,6764.94,164.8,13.02,390.77,58068.14,225.49,5.40,0
8,2012-07-27,28,3.41,6382.88,80.6,3.55,2242.95,4403.2,225.50,5.40,0
8,2012-08-03,29,3.42,12755.02,88.2,17.83,4783.44,4865.74,225.51,5.40,0
8,2012-08-10,29,3.49,11811.65,26,59.03,2215.73,2801.89,225.52,5.40,0
8,2012-08-17,27,3.57,3224.14,21.02,4.26,1066.29,5044.43,225.61,5.40,0
8,2012-08-24,23,3.62,3822.14,6.4,4.2,763.09,3570.91,225.74,5.40,0
8,2012-08-31,24,3.64,10297.42,21.6,17.16,3952.93,3198.02,225.88,5.40,0
8,2012-09-07,27,3.73,11548.63,9,29.22,1177.09,2831.4,226.02,5.40,1
8,2012-09-14,20,3.72,4678.98,0,12.29,1130.96,5427.34,226.16,5.40,0
8,2012-09-21,19,3.72,3913.12,5.73,2.28,0,6984.96,226.36,5.40,0
8,2012-09-28,22,3.67,5518.65,1.91,0.55,1103.02,2049.02,226.57,5.40,0
8,2012-10-05,16,3.62,3709.42,0,20.04,1332.17,2156.75,226.77,5.12,0
8,2012-10-12,13,3.60,757.39,0,7.5,186.45,4830.34,226.97,5.12,0
8,2012-10-19,17,3.59,1260.59,0,6.5,280.98,3531.83,227.02,5.12,0
8,2012-10-26,18,3.51,2679.05,20.38,6,384.25,1691.31,227.04,5.12,0
8,2012-11-02,12,3.39,8753.34,2732.6,6.3,1715.26,2261.91,227.06,5.12,0
8,2012-11-09,15,3.31,6026.16,4076.16,5.83,274.99,2239.32,227.07,5.12,0
8,2012-11-16,9,3.25,14137.45,3180.35,44.98,629.78,3936.76,227.11,5.12,0
8,2012-11-23,12,3.21,619.88,0,46342.06,28.36,1182.05,227.16,5.12,1
8,2012-11-30,9,3.21,7136.29,0,2776.64,218.89,2986.68,227.21,5.12,0
8,2012-12-07,12,3.20,9652.09,0,331,582.52,18292.6,227.26,5.12,0
8,2012-12-14,5,3.17,3714.5,0,76,571.53,2248.72,227.32,5.12,0
8,2012-12-21,6,3.10,6006.01,57.96,60.32,114.91,2614.41,227.44,5.12,0
8,2012-12-28,1,3.11,8867.99,21760.08,99.96,39,356.86,227.56,5.12,1
8,2013-01-04,-1,3.16,1048.19,22791.26,16.63,0,3751.39,227.69,5.21,0
8,2013-01-11,4,3.24,4261.84,7990.99,4.58,259.79,3090.33,227.81,5.21,0
8,2013-01-18,0,3.24,5317.35,5022.45,1.12,176.18,1567.8,227.84,5.21,0
8,2013-01-25,7,3.23,6534.46,1010.03,0,1806.73,1406.03,227.83,5.21,0
8,2013-02-01,8,3.24,17701.91,532.5,46.4,13281.29,2476.34,227.83,5.21,0
8,2013-02-08,8,3.42,56131.52,176.31,761.61,16189.82,5425.07,227.83,5.21,1
8,2013-02-15,5,3.48,7808.31,2965.72,1.86,530.03,5326.7,227.86,5.21,0
8,2013-02-22,5,3.60,8245.49,4084.81,1.6,1976.55,2110.41,228.01,5.21,0
8,2013-03-01,3,3.71,28754.5,289.26,1.2,20.81,1570.24,228.16,5.21,0
8,2013-03-08,11,3.66,28078.98,36.34,60.92,2031.46,3412.68,228.30,5.21,0
8,2013-03-15,11,3.62,11921.47,0,9.24,1748.46,1251.74,228.43,5.21,0
8,2013-03-22,12,3.61,5564.82,0,461.1,995.46,763.92,228.52,5.21,0
8,2013-03-29,9,3.61,12937.38,0,341.25,4.96,2561.96,228.61,5.21,0
8,2013-04-05,11,3.58,9189.81,5271.72,269.79,1103.23,1391.14,228.69,5.02,0
8,2013-04-12,14,3.53,3916.55,890.74,64.2,278.27,2337.48,228.78,5.02,0
8,2013-04-19,15,3.45,6880.74,173.25,85.36,84.02,1397.94,228.78,5.02,0
8,2013-04-26,13,3.42,2114.19,0,133.49,17.45,2140.78,228.78,5.02,0
8,2013-05-03,17,3.39,6350.54,37.92,63.97,2335.52,1436.22,NULL,NULL,0
8,2013-05-10,16,3.39,5616.53,51.37,44.57,212.39,5825.55,NULL,NULL,0
8,2013-05-17,21,3.45,4828.72,77.27,9.6,740.82,3053.03,NULL,NULL,0
8,2013-05-24,24,3.49,3574.15,33.96,583.98,903.89,2985.58,NULL,NULL,0
8,2013-05-31,26,3.47,6642.08,38.92,516.31,25.06,4405.9,NULL,NULL,0
8,2013-06-07,24,3.44,8402.95,427.63,211.64,4447.74,3276.15,NULL,NULL,0
8,2013-06-14,26,3.43,5285,274.37,538.68,1761.08,1596.28,NULL,NULL,0
8,2013-06-21,25,3.48,2732.22,372.86,228.8,1425.64,3966.22,NULL,NULL,0
8,2013-06-28,30,3.50,7133.36,388.98,20.2,2483.25,3965.72,NULL,NULL,0
8,2013-07-05,25,3.42,6801.88,1592.93,880.32,5097.59,1717.64,NULL,NULL,0
8,2013-07-12,28,3.40,4018.39,893.36,95.35,1586.56,3186,NULL,NULL,0
8,2013-07-19,23,3.56,1034.72,486.84,43.83,818.13,7118.46,NULL,NULL,0
8,2013-07-26,26,3.62,675.56,740.04,55.38,73.42,2343.11,NULL,NULL,0
9,2010-02-05,3,2.57,0,0,0,0,0,214.66,6.42,0
9,2010-02-12,3,2.55,0,0,0,0,0,214.81,6.42,1
9,2010-02-19,6,2.51,0,0,0,0,0,214.85,6.42,0
9,2010-02-26,7,2.56,0,0,0,0,0,214.88,6.42,0
9,2010-03-05,9,2.63,0,0,0,0,0,214.91,6.42,0
9,2010-03-12,13,2.67,0,0,0,0,0,214.93,6.42,0
9,2010-03-19,12,2.72,0,0,0,0,0,214.76,6.42,0
9,2010-03-26,11,2.73,0,0,0,0,0,214.55,6.42,0
9,2010-04-02,18,2.72,0,0,0,0,0,214.35,6.38,0
9,2010-04-09,18,2.77,0,0,0,0,0,214.14,6.38,0
9,2010-04-16,19,2.81,0,0,0,0,0,214.00,6.38,0
9,2010-04-23,16,2.80,0,0,0,0,0,213.95,6.38,0
9,2010-04-30,19,2.78,0,0,0,0,0,213.90,6.38,0
9,2010-05-07,20,2.84,0,0,0,0,0,213.85,6.38,0
9,2010-05-14,21,2.85,0,0,0,0,0,213.85,6.38,0
9,2010-05-21,22,2.83,0,0,0,0,0,214.14,6.38,0
9,2010-05-28,25,2.76,0,0,0,0,0,214.43,6.38,0
9,2010-06-04,26,2.71,0,0,0,0,0,214.73,6.38,0
9,2010-06-11,29,2.67,0,0,0,0,0,215.02,6.38,0
9,2010-06-18,28,2.64,0,0,0,0,0,215.02,6.38,0
9,2010-06-25,29,2.65,0,0,0,0,0,214.90,6.38,0
9,2010-07-02,26,2.67,0,0,0,0,0,214.78,6.44,0
9,2010-07-09,26,2.64,0,0,0,0,0,214.66,6.44,0
9,2010-07-16,28,2.62,0,0,0,0,0,214.65,6.44,0
9,2010-07-23,29,2.61,0,0,0,0,0,214.79,6.44,0
9,2010-07-30,27,2.64,0,0,0,0,0,214.93,6.44,0
9,2010-08-06,31,2.63,0,0,0,0,0,215.06,6.44,0
9,2010-08-13,30,2.69,0,0,0,0,0,215.20,6.44,0
9,2010-08-20,30,2.66,0,0,0,0,0,215.16,6.44,0
9,2010-08-27,29,2.62,0,0,0,0,0,215.12,6.44,0
9,2010-09-03,28,2.58,0,0,0,0,0,215.08,6.44,0
9,2010-09-10,25,2.57,0,0,0,0,0,215.04,6.44,1
9,2010-09-17,27,2.58,0,0,0,0,0,215.06,6.44,0
9,2010-09-24,25,2.62,0,0,0,0,0,215.14,6.44,0
9,2010-10-01,21,2.60,0,0,0,0,0,215.21,6.56,0
9,2010-10-08,19,2.63,0,0,0,0,0,215.29,6.56,0
9,2010-10-15,20,2.72,0,0,0,0,0,215.36,6.56,0
9,2010-10-22,21,2.73,0,0,0,0,0,215.41,6.56,0
9,2010-10-29,18,2.72,0,0,0,0,0,215.46,6.56,0
9,2010-11-05,15,2.69,0,0,0,0,0,215.51,6.56,0
9,2010-11-12,16,2.73,0,0,0,0,0,215.56,6.56,0
9,2010-11-19,10,2.77,0,0,0,0,0,215.44,6.56,0
9,2010-11-26,16,2.74,0,0,0,0,0,215.29,6.56,1
9,2010-12-03,10,2.71,0,0,0,0,0,215.14,6.56,0
9,2010-12-10,8,2.84,0,0,0,0,0,215.00,6.56,0
9,2010-12-17,10,2.87,0,0,0,0,0,214.93,6.56,0
9,2010-12-24,11,2.89,0,0,0,0,0,214.93,6.56,0
9,2010-12-31,8,2.94,0,0,0,0,0,214.93,6.56,1
9,2011-01-07,5,2.98,0,0,0,0,0,214.92,6.42,0
9,2011-01-14,2,2.98,0,0,0,0,0,214.97,6.42,0
9,2011-01-21,7,3.02,0,0,0,0,0,215.36,6.42,0
9,2011-01-28,7,3.01,0,0,0,0,0,215.74,6.42,0
9,2011-02-04,0,2.99,0,0,0,0,0,216.12,6.42,0
9,2011-02-11,1,3.02,0,0,0,0,0,216.50,6.42,1
9,2011-02-18,15,3.05,0,0,0,0,0,216.82,6.42,0
9,2011-02-25,15,3.07,0,0,0,0,0,217.11,6.42,0
9,2011-03-04,16,3.29,0,0,0,0,0,217.40,6.42,0
9,2011-03-11,13,3.46,0,0,0,0,0,217.70,6.42,0
9,2011-03-18,18,3.49,0,0,0,0,0,217.96,6.42,0
9,2011-03-25,20,3.47,0,0,0,0,0,218.20,6.42,0
9,2011-04-01,13,3.52,0,0,0,0,0,218.45,6.38,0
9,2011-04-08,22,3.62,0,0,0,0,0,218.69,6.38,0
9,2011-04-15,22,3.74,0,0,0,0,0,218.91,6.38,0
9,2011-04-22,22,3.81,0,0,0,0,0,219.09,6.38,0
9,2011-04-29,22,3.81,0,0,0,0,0,219.26,6.38,0
9,2011-05-06,17,3.91,0,0,0,0,0,219.43,6.38,0
9,2011-05-13,25,3.90,0,0,0,0,0,219.60,6.38,0
9,2011-05-20,21,3.91,0,0,0,0,0,219.36,6.38,0
9,2011-05-27,27,3.79,0,0,0,0,0,219.12,6.38,0
9,2011-06-03,30,3.70,0,0,0,0,0,218.88,6.38,0
9,2011-06-10,30,3.65,0,0,0,0,0,218.64,6.38,0
9,2011-06-17,32,3.64,0,0,0,0,0,218.59,6.38,0
9,2011-06-24,30,3.59,0,0,0,0,0,218.68,6.38,0
9,2011-07-01,32,3.52,0,0,0,0,0,218.78,6.40,0
9,2011-07-08,32,3.48,0,0,0,0,0,218.88,6.40,0
9,2011-07-15,32,3.58,0,0,0,0,0,218.96,6.40,0
9,2011-07-22,32,3.65,0,0,0,0,0,219.02,6.40,0
9,2011-07-29,33,3.68,0,0,0,0,0,219.08,6.40,0
9,2011-08-05,33,3.68,0,0,0,0,0,219.13,6.40,0
9,2011-08-12,33,3.64,0,0,0,0,0,219.19,6.40,0
9,2011-08-19,30,3.55,0,0,0,0,0,219.26,6.40,0
9,2011-08-26,32,3.52,0,0,0,0,0,219.32,6.40,0
9,2011-09-02,32,3.53,0,0,0,0,0,219.38,6.40,0
9,2011-09-09,24,3.55,0,0,0,0,0,219.45,6.40,1
9,2011-09-16,26,3.53,0,0,0,0,0,219.63,6.40,0
9,2011-09-23,24,3.47,0,0,0,0,0,219.97,6.40,0
9,2011-09-30,26,3.36,0,0,0,0,0,220.32,6.40,0
9,2011-10-07,23,3.29,0,0,0,0,0,220.66,6.05,0
9,2011-10-14,20,3.27,0,0,0,0,0,220.98,6.05,0
9,2011-10-21,19,3.35,0,0,0,0,0,221.15,6.05,0
9,2011-10-28,18,3.37,0,0,0,0,0,221.32,6.05,0
9,2011-11-04,12,3.33,0,0,0,0,0,221.48,6.05,0
9,2011-11-11,15,3.30,3235.06,1645.11,63.15,1580.98,2209.21,221.65,6.05,0
9,2011-11-18,15,3.31,3648.4,2.63,21.12,1639.62,3623.62,221.88,6.05,0
9,2011-11-25,12,3.24,121.57,0,44061.13,247.83,8294.47,222.14,6.05,1
9,2011-12-02,8,3.17,1237.88,0,1330.53,643.78,8323.51,222.40,6.05,0
9,2011-12-09,3,3.16,3075.89,0,248.8,822.69,7585.2,222.66,6.05,0
9,2011-12-16,9,3.16,2755.9,0,136.48,384.78,2240.49,222.88,6.05,0
9,2011-12-23,7,3.11,719.14,0.24,318.75,17.72,2357.19,223.07,6.05,0
9,2011-12-30,6,3.13,2155.73,14481.63,44.07,237.84,3699.24,223.25,6.05,1
9,2012-01-06,9,3.16,3597.08,6203.76,11.2,3743.55,1912.75,223.43,5.67,0
9,2012-01-13,6,3.26,4731.1,2959.36,0,129.27,3416.48,223.62,5.67,0
9,2012-01-20,11,3.27,910.51,234.36,0,117.08,6081.04,223.71,5.67,0
9,2012-01-27,10,3.29,489.19,283.85,0,22.5,2888.79,223.81,5.67,0
9,2012-02-03,12,3.36,19289.22,527.14,4.46,9955.21,3428.92,223.90,5.67,0
9,2012-02-10,7,3.41,5619.8,1595.17,1.71,4740.66,4494.14,224.00,5.67,1
9,2012-02-17,7,3.51,4572.81,5448.91,6,945.06,7589.85,224.16,5.67,0
9,2012-02-24,12,3.56,3801.98,4010.13,1,586.06,7315.09,224.37,5.67,0
9,2012-03-02,14,3.63,6268.15,154.97,0,3557.17,1878.44,224.59,5.67,0
9,2012-03-09,12,3.67,3923.2,96.52,17.36,990.11,2755.72,224.80,5.67,0
9,2012-03-16,16,3.73,1913.05,1.8,7.33,436.67,14026.36,224.96,5.67,0
9,2012-03-23,15,3.79,1681.15,1.8,0.68,414.45,466.42,225.03,5.67,0
9,2012-03-30,20,3.85,3669.95,15.98,0,69.02,2049.16,225.11,5.67,0
9,2012-04-06,20,3.89,4876.77,0,10,1201.8,8545.16,225.18,5.54,0
9,2012-04-13,21,3.89,4939.14,856.32,0,290.87,807,225.26,5.54,0
9,2012-04-20,20,3.88,910.31,121.25,2,265.55,1146.34,225.31,5.54,0
9,2012-04-27,23,3.81,409.76,0,0.4,7.88,7179.53,225.37,5.54,0
9,2012-05-04,26,3.75,5917.56,0,68,969.06,647.76,225.42,5.54,0
9,2012-05-11,22,3.69,4727.8,0,1.04,356.78,1077.81,225.48,5.54,0
9,2012-05-18,21,3.63,1926.92,0,0.24,426.51,2968.78,225.49,5.54,0
9,2012-05-25,26,3.56,1574.27,0,361.83,81.12,5286.38,225.49,5.54,0
9,2012-06-01,27,3.50,2542.14,35.6,76.8,374.37,3413.57,225.49,5.54,0
9,2012-06-08,26,3.45,3564.15,142.2,0.3,81.26,5518.29,225.49,5.54,0
9,2012-06-15,28,3.39,3296.23,176.4,50.03,780.78,4209.82,225.51,5.54,0
9,2012-06-22,27,3.35,2886.26,3.8,0,1270.8,4545.91,225.55,5.54,0
9,2012-06-29,31,3.29,2073.16,120,0,31.75,2792.7,225.59,5.54,0
9,2012-07-06,29,3.23,3165.17,87.2,8.08,1642.41,2096.86,225.63,5.28,0
9,2012-07-13,28,3.26,3031.81,0,2.02,47.76,4554.39,225.68,5.28,0
9,2012-07-20,29,3.31,1107.97,0.5,5.85,862.28,1986.24,225.69,5.28,0
9,2012-07-27,30,3.41,1042.73,8,1.66,1129.2,2929.43,225.70,5.28,0
9,2012-08-03,32,3.42,11864.5,61,0.22,1659.09,2176.37,225.71,5.28,0
9,2012-08-10,31,3.49,3180.78,-9.94,1.4,2112.03,2314.58,225.72,5.28,0
9,2012-08-17,30,3.57,975.91,0,3,325.68,670.48,225.80,5.28,0
9,2012-08-24,26,3.62,1524.71,0,1.8,501.16,4241.59,225.94,5.28,0
9,2012-08-31,27,3.64,5758.14,0,17.6,2828.89,1884.13,226.07,5.28,0
9,2012-09-07,31,3.73,4837.99,-5.96,22.74,602.8,1377.59,226.21,5.28,1
9,2012-09-14,23,3.72,2640.68,0,10.75,385.53,4276.03,226.36,5.28,0
9,2012-09-21,21,3.72,1887.95,1.91,0,273.53,4626.19,226.56,5.28,0
9,2012-09-28,25,3.67,1699.68,1.91,0.55,190.38,1819.15,226.76,5.28,0
9,2012-10-05,19,3.62,2657.57,0,3.01,1107.79,1560.55,226.97,4.95,0
9,2012-10-12,16,3.60,520.41,0,6.01,0,2839.84,227.17,4.95,0
9,2012-10-19,20,3.59,545.72,0,8,28.94,3098.87,227.21,4.95,0
9,2012-10-26,21,3.51,512.23,3,8,0,1666.38,227.23,4.95,0
9,2012-11-02,13,3.39,2291.26,2178.48,65.25,20.52,1347.79,227.25,4.95,0
9,2012-11-09,18,3.31,3595.06,2243.43,27.65,1000.2,1881.75,227.27,4.95,0
9,2012-11-16,12,3.25,1675.29,278.78,35.64,153.18,1749.12,227.30,4.95,0
9,2012-11-23,15,3.21,2.5,0.02,55952.99,14.64,310.72,227.35,4.95,1
9,2012-11-30,12,3.21,1383.39,0,5101.2,101.22,8336.61,227.41,4.95,0
9,2012-12-07,16,3.20,2521.31,0,388,171.98,4047.33,227.46,4.95,0
9,2012-12-14,8,3.17,1789.62,0,182,26.91,1233.42,227.52,4.95,0
9,2012-12-21,12,3.10,1374.65,107.88,205.02,0,421.38,227.64,4.95,0
9,2012-12-28,5,3.11,4089.65,7901.92,292.62,146.64,142.75,227.76,4.95,1
9,2013-01-04,1,3.16,894.63,5462.31,11.72,0,1750.05,227.88,5.05,0
9,2013-01-11,6,3.24,2071.62,3716.52,1.48,27.44,3263.71,228.00,5.05,0
9,2013-01-18,2,3.24,3421.04,1401.49,2.88,381.88,1418.05,228.04,5.05,0
9,2013-01-25,10,3.23,200.46,348.2,-14.29,59,2162.77,228.03,5.05,0
9,2013-02-01,11,3.24,1879.84,168.58,60,1906.67,2777.26,228.03,5.05,0
9,2013-02-08,12,3.42,24879.62,283.19,23.36,11771.16,7923.44,228.02,5.05,1
9,2013-02-15,8,3.48,4934.31,1410.08,0.18,1471.88,1929.96,228.06,5.05,0
9,2013-02-22,8,3.60,2810.86,1405.04,-179.26,63.12,3593.56,228.21,5.05,0
9,2013-03-01,7,3.71,3203.42,155.89,0,4.87,2740.31,228.35,5.05,0
9,2013-03-08,13,3.66,7327.86,14.52,20.3,970.77,2610.21,228.50,5.05,0
9,2013-03-15,13,3.62,2546.99,0,0.18,72.19,2078.03,228.63,5.05,0
9,2013-03-22,16,3.61,3054.45,0,440,472.45,1255.31,228.71,5.05,0
9,2013-03-29,11,3.61,2347.73,0,333.84,0,1843.46,228.80,5.05,0
9,2013-04-05,13,3.58,5976.92,627.38,269.52,614.76,1442.47,228.89,4.89,0
9,2013-04-12,17,3.53,1113,136.6,29.28,104.16,4195.31,228.98,4.89,0
9,2013-04-19,19,3.45,1769.37,0,97.1,0,3594.24,228.98,4.89,0
9,2013-04-26,16,3.42,316.93,0,95,7.76,547.5,228.98,4.89,0
9,2013-05-03,19,3.39,1984.01,0,15,771.12,4198.23,NULL,NULL,0
9,2013-05-10,19,3.39,1944.79,24,60.14,53.46,3130.68,NULL,NULL,0
9,2013-05-17,22,3.45,1198.65,25.94,0.06,292.07,6914.37,NULL,NULL,0
9,2013-05-24,27,3.49,2107.41,4,249.17,109.74,2590.06,NULL,NULL,0
9,2013-05-31,26,3.47,1573.24,65.11,203.57,5.84,1536.38,NULL,NULL,0
9,2013-06-07,26,3.44,3845.78,192.57,128.97,1453.88,2191.72,NULL,NULL,0
9,2013-06-14,26,3.43,958.94,119.77,425.36,510.55,1943.57,NULL,NULL,0
9,2013-06-21,26,3.48,2301.44,108.68,134.6,336.15,2399.94,NULL,NULL,0
9,2013-06-28,30,3.50,1358.51,318.95,0,205.18,2011.68,NULL,NULL,0
9,2013-07-05,27,3.42,5382.87,886.86,484.64,1899.92,1478.67,NULL,NULL,0
9,2013-07-12,30,3.40,2239.81,594.63,89.7,404.25,1613.78,NULL,NULL,0
9,2013-07-19,24,3.56,1040.56,188.09,0,178.85,1507.3,NULL,NULL,0
9,2013-07-26,28,3.62,52.43,258.14,0,2.5,1265.6,NULL,NULL,0
10,2010-02-05,12,2.96,0,0,0,0,0,126.44,9.77,0
10,2010-02-12,10,2.83,0,0,0,0,0,126.50,9.77,1
10,2010-02-19,15,2.92,0,0,0,0,0,126.53,9.77,0
10,2010-02-26,12,2.83,0,0,0,0,0,126.55,9.77,0
10,2010-03-05,13,2.88,0,0,0,0,0,126.58,9.77,0
10,2010-03-12,11,3.03,0,0,0,0,0,126.60,9.77,0
10,2010-03-19,16,3.05,0,0,0,0,0,126.61,9.77,0
10,2010-03-26,16,2.98,0,0,0,0,0,126.61,9.77,0
10,2010-04-02,18,3.09,0,0,0,0,0,126.60,9.52,0
10,2010-04-09,18,3.00,0,0,0,0,0,126.60,9.52,0
10,2010-04-16,21,3.11,0,0,0,0,0,126.56,9.52,0
10,2010-04-23,19,3.05,0,0,0,0,0,126.47,9.52,0
10,2010-04-30,21,3.11,0,0,0,0,0,126.38,9.52,0
10,2010-05-07,22,3.13,0,0,0,0,0,126.29,9.52,0
10,2010-05-14,23,3.15,0,0,0,0,0,126.21,9.52,0
10,2010-05-21,26,3.12,0,0,0,0,0,126.18,9.52,0
10,2010-05-28,25,3.06,0,0,0,0,0,126.16,9.52,0
10,2010-06-04,28,2.94,0,0,0,0,0,126.14,9.52,0
10,2010-06-11,32,3.06,0,0,0,0,0,126.11,9.52,0
10,2010-06-18,29,2.94,0,0,0,0,0,126.11,9.52,0
10,2010-06-25,32,3.08,0,0,0,0,0,126.13,9.52,0
10,2010-07-02,34,2.98,0,0,0,0,0,126.14,9.20,0
10,2010-07-09,33,3.10,0,0,0,0,0,126.15,9.20,0
10,2010-07-16,33,2.97,0,0,0,0,0,126.15,9.20,0
10,2010-07-23,31,3.11,0,0,0,0,0,126.13,9.20,0
10,2010-07-30,29,3.02,0,0,0,0,0,126.11,9.20,0
10,2010-08-06,30,3.12,0,0,0,0,0,126.09,9.20,0
10,2010-08-13,31,3.05,0,0,0,0,0,126.06,9.20,0
10,2010-08-20,32,3.04,0,0,0,0,0,126.08,9.20,0
10,2010-08-27,29,3.02,0,0,0,0,0,126.09,9.20,0
10,2010-09-03,29,3.09,0,0,0,0,0,126.10,9.20,0
10,2010-09-10,29,2.96,0,0,0,0,0,126.11,9.20,1
10,2010-09-17,30,3.03,0,0,0,0,0,126.15,9.20,0
10,2010-09-24,30,2.94,0,0,0,0,0,126.19,9.20,0
10,2010-10-01,30,3.00,0,0,0,0,0,126.23,9.00,0
10,2010-10-08,25,2.92,0,0,0,0,0,126.28,9.00,0
10,2010-10-15,24,3.08,0,0,0,0,0,126.33,9.00,0
10,2010-10-22,20,3.01,0,0,0,0,0,126.38,9.00,0
10,2010-10-29,20,3.13,0,0,0,0,0,126.44,9.00,0
10,2010-11-05,22,3.01,0,0,0,0,0,126.49,9.00,0
10,2010-11-12,16,3.13,0,0,0,0,0,126.55,9.00,0
10,2010-11-19,15,3.05,0,0,0,0,0,126.61,9.00,0
10,2010-11-26,13,3.16,0,0,0,0,0,126.67,9.00,1
10,2010-12-03,11,3.04,0,0,0,0,0,126.73,9.00,0
10,2010-12-10,16,3.09,0,0,0,0,0,126.79,9.00,0
10,2010-12-17,15,3.13,0,0,0,0,0,126.88,9.00,0
10,2010-12-24,14,3.24,0,0,0,0,0,126.98,9.00,0
10,2010-12-31,10,3.15,0,0,0,0,0,127.09,9.00,1
10,2011-01-07,6,3.29,0,0,0,0,0,127.19,8.74,0
10,2011-01-14,10,3.31,0,0,0,0,0,127.30,8.74,0
10,2011-01-21,14,3.34,0,0,0,0,0,127.44,8.74,0
10,2011-01-28,12,3.23,0,0,0,0,0,127.58,8.74,0
10,2011-02-04,7,3.35,0,0,0,0,0,127.72,8.74,0
10,2011-02-11,11,3.38,0,0,0,0,0,127.86,8.74,1
10,2011-02-18,17,3.43,0,0,0,0,0,128.00,8.74,0
10,2011-02-25,12,3.40,0,0,0,0,0,128.13,8.74,0
10,2011-03-04,14,3.67,0,0,0,0,0,128.26,8.74,0
10,2011-03-11,18,3.63,0,0,0,0,0,128.40,8.74,0
10,2011-03-18,21,3.89,0,0,0,0,0,128.51,8.74,0
10,2011-03-25,17,3.72,0,0,0,0,0,128.62,8.74,0
10,2011-04-01,20,3.77,0,0,0,0,0,128.72,8.49,0
10,2011-04-08,23,3.82,0,0,0,0,0,128.82,8.49,0
10,2011-04-15,16,4.09,0,0,0,0,0,128.91,8.49,0
10,2011-04-22,24,3.92,0,0,0,0,0,128.96,8.49,0
10,2011-04-29,23,4.15,0,0,0,0,0,129.00,8.49,0
10,2011-05-06,23,4.19,0,0,0,0,0,129.04,8.49,0
10,2011-05-13,23,4.20,0,0,0,0,0,129.09,8.49,0
10,2011-05-20,23,3.99,0,0,0,0,0,129.08,8.49,0
10,2011-05-27,26,3.93,0,0,0,0,0,129.06,8.49,0
10,2011-06-03,28,3.89,0,0,0,0,0,129.05,8.49,0
10,2011-06-10,29,3.98,0,0,0,0,0,129.04,8.49,0
10,2011-06-17,31,3.94,0,0,0,0,0,129.04,8.49,0
10,2011-06-24,33,3.81,0,0,0,0,0,129.07,8.49,0
10,2011-07-01,35,3.84,0,0,0,0,0,129.09,8.26,0
10,2011-07-08,31,3.79,0,0,0,0,0,129.11,8.26,0
10,2011-07-15,30,3.78,0,0,0,0,0,129.13,8.26,0
10,2011-07-22,31,3.70,0,0,0,0,0,129.15,8.26,0
10,2011-07-29,30,3.69,0,0,0,0,0,129.17,8.26,0
10,2011-08-05,32,3.80,0,0,0,0,0,129.18,8.26,0
10,2011-08-12,30,3.79,0,0,0,0,0,129.20,8.26,0
10,2011-08-19,31,3.74,0,0,0,0,0,129.24,8.26,0
10,2011-08-26,33,3.66,0,0,0,0,0,129.28,8.26,0
10,2011-09-02,33,3.80,0,0,0,0,0,129.33,8.26,0
10,2011-09-09,32,3.77,0,0,0,0,0,129.37,8.26,1
10,2011-09-16,25,3.78,0,0,0,0,0,129.43,8.26,0
10,2011-09-23,28,3.79,0,0,0,0,0,129.52,8.26,0
10,2011-09-30,28,3.88,0,0,0,0,0,129.61,8.26,0
10,2011-10-07,24,3.83,0,0,0,0,0,129.69,7.87,0
10,2011-10-14,21,3.70,0,0,0,0,0,129.77,7.87,0
10,2011-10-21,26,3.84,0,0,0,0,0,129.78,7.87,0
10,2011-10-28,23,3.84,0,0,0,0,0,129.79,7.87,0
10,2011-11-04,20,3.83,0,0,0,0,0,129.81,7.87,0
10,2011-11-11,13,3.68,13444.17,14909.99,752.18,4320.22,5896.3,129.82,7.87,0
10,2011-11-18,15,3.67,3886.23,708.7,115.18,695.54,9141.32,129.83,7.87,0
10,2011-11-25,16,3.76,174.72,329,141630.61,79,1009.98,129.84,7.87,1
10,2011-12-02,14,3.70,7772.17,240,4737.51,6615.5,36360.42,129.85,7.87,0
10,2011-12-09,6,3.64,7010.08,74.24,1019.36,5124.86,9458.28,129.86,7.87,0
10,2011-12-16,10,3.49,2200.27,337.44,1203.16,158.52,3475.95,129.90,7.87,0
10,2011-12-23,9,3.54,300.02,77.73,2432.01,108.37,4078.21,129.98,7.87,0
10,2011-12-30,9,3.43,7676.36,104519.54,179.82,1573.87,3732.93,130.07,7.87,1
10,2012-01-06,15,3.44,7737.75,38456.09,39.72,305.2,5408.08,130.16,7.55,0
10,2012-01-13,11,3.48,5203.77,14424.42,1.38,597.55,5659.57,130.24,7.55,0
10,2012-01-20,13,3.66,2972.31,3286.44,1,644.03,5331.52,130.28,7.55,0
10,2012-01-27,12,3.68,3242.59,1646.86,0,45.8,1691.83,130.31,7.55,0
10,2012-02-03,14,3.54,42468.4,1985.73,174.33,33345.34,5609.77,130.35,7.55,0
10,2012-02-10,13,3.72,8414.22,861.38,66.96,6806.11,5723,130.38,7.55,1
10,2012-02-17,12,3.78,20174.89,8935.08,10.8,6330.02,12821.24,130.45,7.55,0
10,2012-02-24,13,3.95,13929.09,4614.67,0,596.5,6528.31,130.55,7.55,0
10,2012-03-02,14,3.88,22685.06,152.91,48.76,5831.75,2808.95,130.65,7.55,0
10,2012-03-09,14,3.96,11265.62,7.9,14.95,919.45,2473.83,130.74,7.55,0
10,2012-03-16,17,4.27,3977.45,-10.5,6.03,1928.5,2273.92,130.83,7.55,0
10,2012-03-23,14,4.29,4034.35,3.1,4.08,480.89,2194.51,130.90,7.55,0
10,2012-03-30,20,4.29,7388.74,7.8,0,574.87,4035.49,130.97,7.55,0
10,2012-04-06,19,4.28,9256,0,23.74,4802.15,8553.67,131.04,7.38,0
10,2012-04-13,21,4.25,7299.64,10818.3,27.47,3675.97,1148.04,131.11,7.38,0
10,2012-04-20,20,4.11,4973.95,4561.31,5.17,1953.72,3653.48,131.12,7.38,0
10,2012-04-27,27,4.09,3444.43,1.5,3.39,124.18,2906.22,131.13,7.38,0
10,2012-05-04,25,4.06,18275.88,0,21.31,4872.45,2722.29,131.14,7.38,0
10,2012-05-11,24,4.19,10837.25,0,105.67,4736.02,2747.36,131.15,7.38,0
10,2012-05-18,30,4.31,9630.62,0,9.46,972.85,2986.24,131.10,7.38,0
10,2012-05-25,30,4.13,7786.58,0,712.2,1701.28,3214.55,131.03,7.38,0
10,2012-06-01,27,4.28,11614.41,0,172.39,2945.55,1528.02,130.96,7.38,0
10,2012-06-08,30,4.10,7184.69,31,338.26,637.39,5399.57,130.89,7.38,0
10,2012-06-15,31,4.14,6017.71,18.8,41.99,2052.91,4250.19,130.83,7.38,0
10,2012-06-22,32,4.01,7684.55,12.6,1.17,3375.65,7210.53,130.79,7.38,0
10,2012-06-29,33,3.88,3339.88,22,0,1119.45,3710.52,130.76,7.38,0
10,2012-07-06,30,3.67,12644.88,11.2,4.12,5763.56,4746.94,130.72,7.17,0
10,2012-07-13,32,3.72,7069.25,5,0.32,8194.36,1372.82,130.68,7.17,0
10,2012-07-20,29,3.59,6596.8,-1.6,44.6,4275.27,10650.28,130.70,7.17,0
10,2012-07-27,29,3.77,9511.34,0,8.87,16376.33,3062.22,130.72,7.17,0
10,2012-08-03,29,3.60,37194.44,0,53.4,21623.93,2549.27,130.74,7.17,0
10,2012-08-10,33,3.81,15282.47,0,58.8,5537.01,14827.71,130.76,7.17,0
10,2012-08-17,32,4.00,4407.9,0,7.2,3037.56,3717.52,130.79,7.17,0
10,2012-08-24,28,4.06,11322.69,0,34,6602.59,7256.22,130.84,7.17,0
10,2012-08-31,31,3.89,26218.85,0,68.24,12440.51,3544.68,130.89,7.17,0
10,2012-09-07,28,4.12,11848.88,20,47.52,3530.47,2552.3,130.93,7.17,1
10,2012-09-14,26,3.97,10389.14,0,15.97,4943.53,7618.04,130.98,7.17,0
10,2012-09-21,28,4.13,11273.56,245.91,27,2976.5,7950.03,131.01,7.17,0
10,2012-09-28,28,3.97,6091.96,62.82,2.82,3350.88,1751.75,131.04,7.17,0
10,2012-10-05,27,4.13,8975.95,0,46.24,9546.75,7186.77,131.08,6.94,0
10,2012-10-12,24,4.47,2674.51,0,10.32,1390.15,8116.13,131.11,6.94,0
10,2012-10-19,23,4.45,3067.64,0,53.6,967.02,2705.58,131.15,6.94,0
10,2012-10-26,21,4.30,9657.93,63.3,100,1925.87,834.57,131.19,6.94,0
10,2012-11-02,22,4.10,25680.2,6037.06,44.68,17412.04,4223.05,131.24,6.94,0
10,2012-11-09,21,3.78,9208.4,2501.11,364.14,679.96,6831.32,131.28,6.94,0
10,2012-11-16,15,3.70,13459,120.76,128.41,1802.25,5503.42,131.33,6.94,0
10,2012-11-23,18,3.76,1789.75,0.1,146394.44,787.24,1005.18,131.38,6.94,1
10,2012-11-30,18,3.72,4304,0,8935,175.68,12676.61,131.43,6.94,0
10,2012-12-07,16,3.67,13613.52,0,822,3516.91,18831.34,131.48,6.94,0
10,2012-12-14,12,3.60,4548.24,0,179.56,1772.9,1639.16,131.54,6.94,0
10,2012-12-21,10,3.39,5582.35,11,248.02,72.29,3904.43,131.64,6.94,0
10,2012-12-28,10,3.48,7810.94,71074.17,618.04,15.47,302.01,131.75,6.94,1
10,2013-01-04,7,3.34,2912.56,47440.51,8.96,102.02,3591.51,131.85,6.90,0
10,2013-01-11,10,3.54,5044.1,12418.39,4.14,1338.89,2169.24,131.96,6.90,0
10,2013-01-18,5,3.55,2985.32,2043,2.74,2.88,2275.88,132.03,6.90,0
10,2013-01-25,15,3.56,2255.78,1790.75,1.7,693.48,1280.81,132.09,6.90,0
10,2013-02-01,11,3.60,12823.37,683.96,388.4,7973.65,1063.21,132.15,6.90,0
10,2013-02-08,14,3.80,73407.49,127.12,440.16,37571.17,7891.72,132.22,6.90,1
10,2013-02-15,8,3.61,15135.48,4327.15,35.2,3501.52,7136.52,132.27,6.90,0
10,2013-02-22,11,4.03,9000.19,4205.69,200.4,1181.68,3176.17,132.32,6.90,0
10,2013-03-01,9,3.83,17336.83,324.31,2,581.51,1568.74,132.37,6.90,0
10,2013-03-08,18,4.13,30042.66,349.22,29.14,6969.72,4125.89,132.42,6.90,0
10,2013-03-15,17,3.89,10158.96,0,4.66,726.65,1874.34,132.47,6.90,0
10,2013-03-22,21,4.06,7869.15,0,2415,2344.35,1336.56,132.53,6.90,0
10,2013-03-29,20,4.02,6681.67,0,911.28,76.3,2739.61,132.59,6.90,0
10,2013-04-05,22,3.81,9965.99,4803.63,766.72,3310.09,2541.31,132.65,6.79,0
10,2013-04-12,19,3.80,7655.94,633.02,70.48,3582.29,2394.07,132.72,6.79,0
10,2013-04-19,20,3.94,1432.3,5.46,171.64,122.62,655.79,132.72,6.79,0
10,2013-04-26,24,3.89,2750.99,0,196.72,39.17,1262.38,132.72,6.79,0
10,2013-05-03,26,3.67,13083.94,7.06,67.38,6259.16,1768.83,NULL,NULL,0
10,2013-05-10,24,3.69,3601.98,126.94,108.76,1550,4923.66,NULL,NULL,0
10,2013-05-17,28,3.81,11371.4,109.94,10.1,2853.61,3752.87,NULL,NULL,0
10,2013-05-24,28,3.84,7278.55,67,443.99,2456.22,2661,NULL,NULL,0
10,2013-05-31,28,3.83,1843.44,112.12,411.37,102.14,1833.56,NULL,NULL,0
10,2013-06-07,32,3.79,13759.96,146.67,658.36,9118.77,8033.78,NULL,NULL,0
10,2013-06-14,33,3.77,4897.78,157.21,1129.22,2803.41,1657.42,NULL,NULL,0
10,2013-06-21,33,3.77,3929.72,69.48,471.45,5261.84,4708.31,NULL,NULL,0
10,2013-06-28,32,3.78,5894.36,102.74,10.5,5852.61,5474.75,NULL,NULL,0
10,2013-07-05,34,3.75,14076.31,1533.74,523.78,7971.03,1212.02,NULL,NULL,0
10,2013-07-12,31,3.74,5894.71,393.58,38.54,4523.58,2221.85,NULL,NULL,0
10,2013-07-19,31,3.82,7816.71,791.21,165,8330.84,1355.78,NULL,NULL,0
10,2013-07-26,29,3.87,1221.15,936.36,165.5,198.93,1649.64,NULL,NULL,0
11,2010-02-05,8,2.57,0,0,0,0,0,214.42,7.37,0
11,2010-02-12,9,2.55,0,0,0,0,0,214.57,7.37,1
11,2010-02-19,9,2.51,0,0,0,0,0,214.62,7.37,0
11,2010-02-26,12,2.56,0,0,0,0,0,214.65,7.37,0
11,2010-03-05,12,2.63,0,0,0,0,0,214.68,7.37,0
11,2010-03-12,18,2.67,0,0,0,0,0,214.70,7.37,0
11,2010-03-19,16,2.72,0,0,0,0,0,214.53,7.37,0
11,2010-03-26,14,2.73,0,0,0,0,0,214.32,7.37,0
11,2010-04-02,19,2.72,0,0,0,0,0,214.12,7.34,0
11,2010-04-09,21,2.77,0,0,0,0,0,213.91,7.34,0
11,2010-04-16,20,2.81,0,0,0,0,0,213.77,7.34,0
11,2010-04-23,20,2.80,0,0,0,0,0,213.72,7.34,0
11,2010-04-30,22,2.78,0,0,0,0,0,213.67,7.34,0
11,2010-05-07,24,2.84,0,0,0,0,0,213.62,7.34,0
11,2010-05-14,25,2.85,0,0,0,0,0,213.62,7.34,0
11,2010-05-21,25,2.83,0,0,0,0,0,213.91,7.34,0
11,2010-05-28,26,2.76,0,0,0,0,0,214.20,7.34,0
11,2010-06-04,26,2.71,0,0,0,0,0,214.50,7.34,0
11,2010-06-11,28,2.67,0,0,0,0,0,214.79,7.34,0
11,2010-06-18,29,2.64,0,0,0,0,0,214.79,7.34,0
11,2010-06-25,29,2.65,0,0,0,0,0,214.67,7.34,0
11,2010-07-02,28,2.67,0,0,0,0,0,214.55,7.35,0
11,2010-07-09,28,2.64,0,0,0,0,0,214.43,7.35,0
11,2010-07-16,29,2.62,0,0,0,0,0,214.42,7.35,0
11,2010-07-23,29,2.61,0,0,0,0,0,214.56,7.35,0
11,2010-07-30,28,2.64,0,0,0,0,0,214.70,7.35,0
11,2010-08-06,30,2.63,0,0,0,0,0,214.83,7.35,0
11,2010-08-13,31,2.69,0,0,0,0,0,214.97,7.35,0
11,2010-08-20,32,2.66,0,0,0,0,0,214.93,7.35,0
11,2010-08-27,31,2.62,0,0,0,0,0,214.89,7.35,0
11,2010-09-03,29,2.58,0,0,0,0,0,214.85,7.35,0
11,2010-09-10,28,2.57,0,0,0,0,0,214.81,7.35,1
11,2010-09-17,28,2.58,0,0,0,0,0,214.83,7.35,0
11,2010-09-24,25,2.62,0,0,0,0,0,214.91,7.35,0
11,2010-10-01,24,2.60,0,0,0,0,0,214.98,7.56,0
11,2010-10-08,20,2.63,0,0,0,0,0,215.06,7.56,0
11,2010-10-15,22,2.72,0,0,0,0,0,215.13,7.56,0
11,2010-10-22,23,2.73,0,0,0,0,0,215.18,7.56,0
11,2010-10-29,23,2.72,0,0,0,0,0,215.23,7.56,0
11,2010-11-05,18,2.69,0,0,0,0,0,215.28,7.56,0
11,2010-11-12,18,2.73,0,0,0,0,0,215.33,7.56,0
11,2010-11-19,15,2.77,0,0,0,0,0,215.21,7.56,0
11,2010-11-26,21,2.74,0,0,0,0,0,215.06,7.56,1
11,2010-12-03,13,2.71,0,0,0,0,0,214.92,7.56,0
11,2010-12-10,12,2.84,0,0,0,0,0,214.77,7.56,0
11,2010-12-17,13,2.87,0,0,0,0,0,214.70,7.56,0
11,2010-12-24,15,2.89,0,0,0,0,0,214.70,7.56,0
11,2010-12-31,13,2.94,0,0,0,0,0,214.70,7.56,1
11,2011-01-07,12,2.98,0,0,0,0,0,214.70,7.55,0
11,2011-01-14,7,2.98,0,0,0,0,0,214.75,7.55,0
11,2011-01-21,11,3.02,0,0,0,0,0,215.13,7.55,0
11,2011-01-28,11,3.01,0,0,0,0,0,215.51,7.55,0
11,2011-02-04,8,2.99,0,0,0,0,0,215.89,7.55,0
11,2011-02-11,7,3.02,0,0,0,0,0,216.27,7.55,1
11,2011-02-18,16,3.05,0,0,0,0,0,216.58,7.55,0
11,2011-02-25,20,3.07,0,0,0,0,0,216.88,7.55,0
11,2011-03-04,19,3.29,0,0,0,0,0,217.17,7.55,0
11,2011-03-11,17,3.46,0,0,0,0,0,217.47,7.55,0
11,2011-03-18,21,3.49,0,0,0,0,0,217.72,7.55,0
11,2011-03-25,23,3.47,0,0,0,0,0,217.97,7.55,0
11,2011-04-01,21,3.52,0,0,0,0,0,218.21,7.57,0
11,2011-04-08,23,3.62,0,0,0,0,0,218.46,7.57,0
11,2011-04-15,25,3.74,0,0,0,0,0,218.68,7.57,0
11,2011-04-22,26,3.81,0,0,0,0,0,218.85,7.57,0
11,2011-04-29,27,3.81,0,0,0,0,0,219.02,7.57,0
11,2011-05-06,22,3.91,0,0,0,0,0,219.20,7.57,0
11,2011-05-13,27,3.90,0,0,0,0,0,219.37,7.57,0
11,2011-05-20,25,3.91,0,0,0,0,0,219.13,7.57,0
11,2011-05-27,30,3.79,0,0,0,0,0,218.89,7.57,0
11,2011-06-03,30,3.70,0,0,0,0,0,218.64,7.57,0
11,2011-06-10,30,3.65,0,0,0,0,0,218.40,7.57,0
11,2011-06-17,31,3.64,0,0,0,0,0,218.36,7.57,0
11,2011-06-24,30,3.59,0,0,0,0,0,218.45,7.57,0
11,2011-07-01,30,3.52,0,0,0,0,0,218.55,7.57,0
11,2011-07-08,31,3.48,0,0,0,0,0,218.64,7.57,0
11,2011-07-15,31,3.58,0,0,0,0,0,218.73,7.57,0
11,2011-07-22,31,3.65,0,0,0,0,0,218.79,7.57,0
11,2011-07-29,32,3.68,0,0,0,0,0,218.84,7.57,0
11,2011-08-05,32,3.68,0,0,0,0,0,218.90,7.57,0
11,2011-08-12,32,3.64,0,0,0,0,0,218.96,7.57,0
11,2011-08-19,32,3.55,0,0,0,0,0,219.02,7.57,0
11,2011-08-26,32,3.52,0,0,0,0,0,219.09,7.57,0
11,2011-09-02,33,3.53,0,0,0,0,0,219.15,7.57,0
11,2011-09-09,29,3.55,0,0,0,0,0,219.21,7.57,1
11,2011-09-16,30,3.53,0,0,0,0,0,219.40,7.57,0
11,2011-09-23,28,3.47,0,0,0,0,0,219.74,7.57,0
11,2011-09-30,29,3.36,0,0,0,0,0,220.09,7.57,0
11,2011-10-07,25,3.29,0,0,0,0,0,220.43,7.20,0
11,2011-10-14,24,3.27,0,0,0,0,0,220.75,7.20,0
11,2011-10-21,22,3.35,0,0,0,0,0,220.91,7.20,0
11,2011-10-28,23,3.37,0,0,0,0,0,221.08,7.20,0
11,2011-11-04,16,3.33,0,0,0,0,0,221.25,7.20,0
11,2011-11-11,18,3.30,9134.39,10126.19,473.38,2206.22,6338.3,221.41,7.20,0
11,2011-11-18,19,3.31,10941.05,222.94,263.1,404.05,8885.3,221.64,7.20,0
11,2011-11-25,21,3.24,531.09,74.35,71081.98,3,1676.85,221.90,7.20,1
11,2011-12-02,14,3.17,7019.2,97.47,2917.09,3648.95,28803.28,222.16,7.20,0
11,2011-12-09,10,3.16,4923.89,36,525.03,2598.36,8696.45,222.42,7.20,0
11,2011-12-16,15,3.16,1812.02,143.06,592.44,669.07,4900.25,222.64,7.20,0
11,2011-12-23,12,3.11,515.57,11.23,964.31,0,3429.82,222.83,7.20,0
11,2011-12-30,9,3.13,4241.32,58046.41,239.33,78.09,586.72,223.01,7.20,1
11,2012-01-06,12,3.16,5107.29,32305.3,144.66,530.55,6004.19,223.19,6.83,0
11,2012-01-13,12,3.26,7153.87,4831.34,39.14,590.68,8698.99,223.38,6.83,0
11,2012-01-20,14,3.27,2421.89,1803.64,37.76,297.73,2282.23,223.47,6.83,0
11,2012-01-27,15,3.29,708.33,1631.94,49.3,3,2116.1,223.56,6.83,0
11,2012-02-03,16,3.36,50909.18,1957.49,137.23,37091.67,6418.36,223.66,6.83,0
11,2012-02-10,11,3.41,12424.72,4575.75,81.74,8932.68,6987.67,223.75,6.83,1
11,2012-02-17,12,3.51,10256.46,9792.52,24.82,4060.54,2418.36,223.92,6.83,0
11,2012-02-24,16,3.56,17546.88,7531.48,0.5,3698.03,12656.68,224.13,6.83,0
11,2012-03-02,17,3.63,16404.25,1191.27,7.03,11524.7,4400.35,224.35,6.83,0
11,2012-03-09,16,3.67,7634.94,379.04,3.5,1251.85,6147.5,224.56,6.83,0
11,2012-03-16,18,3.73,7073.59,224.43,4.19,3164.68,2438.5,224.72,6.83,0
11,2012-03-23,20,3.79,7359.11,297.23,2.04,558.46,3588.44,224.79,6.83,0
11,2012-03-30,21,3.85,7438.04,190.98,1,1345.08,3504,224.87,6.83,0
11,2012-04-06,23,3.89,10760.37,0,45.34,4048.21,5596.73,224.94,6.66,0
11,2012-04-13,23,3.89,8906.38,4722.18,9.86,1412.83,2772.79,225.01,6.66,0
11,2012-04-20,22,3.88,7906.21,68.22,1.44,393.55,4854.79,225.07,6.66,0
11,2012-04-27,23,3.81,1824.41,1.41,1.48,0,5826.68,225.12,6.66,0
11,2012-05-04,26,3.75,17975.32,0,160.84,9298.85,4109.98,225.18,6.66,0
11,2012-05-11,24,3.69,15656.23,0,21.7,4600.43,3707.51,225.24,6.66,0
11,2012-05-18,23,3.63,4622.9,0,9.22,479.55,4109.33,225.25,6.66,0
11,2012-05-25,26,3.56,15143.06,0,984.13,2938.13,5495.44,225.25,6.66,0
11,2012-06-01,28,3.50,8172.36,79.6,126.72,1785.38,4232.48,225.25,6.66,0
11,2012-06-08,28,3.45,11984.13,191.4,78.65,2768.31,6358.77,225.25,6.66,0
11,2012-06-15,29,3.39,7018,247.6,0.15,2876.5,4951.58,225.26,6.66,0
11,2012-06-22,28,3.35,8329.88,278.6,1.98,1726.99,6103.42,225.31,6.66,0
11,2012-06-29,31,3.29,4430.73,219.8,0,1799.43,6504.38,225.35,6.66,0
11,2012-07-06,29,3.23,8324.1,125.6,88.73,6101.75,4603.06,225.39,6.33,0
11,2012-07-13,28,3.26,7783.03,105.95,34.8,4778.55,2445.82,225.43,6.33,0
11,2012-07-20,28,3.31,2874.78,140.22,44.95,3689.47,6187.32,225.44,6.33,0
11,2012-07-27,30,3.41,2799.14,97.58,5.64,2364.95,1897.08,225.45,6.33,0
11,2012-08-03,31,3.42,21974.47,173.58,25.5,22778.65,6172.69,225.46,6.33,0
11,2012-08-10,30,3.49,16812.92,128.54,8.74,4764.33,4098.22,225.47,6.33,0
11,2012-08-17,31,3.57,6844.78,209.26,0.04,1235.79,2254.08,225.56,6.33,0
11,2012-08-24,28,3.62,3936.04,74.16,102.55,1673.59,4930.02,225.69,6.33,0
11,2012-08-31,30,3.64,16650.73,120,45,7575.93,6689.78,225.83,6.33,0
11,2012-09-07,30,3.73,14597.86,56,45.05,3235.27,2855.68,225.97,6.33,1
11,2012-09-14,26,3.72,7571.95,32.98,19.52,707.47,8664.16,226.11,6.33,0
11,2012-09-21,23,3.72,6267.79,159.46,12,838.95,9194.37,226.32,6.33,0
11,2012-09-28,25,3.67,7694.84,51.91,5.2,1653.38,3211.84,226.52,6.33,0
11,2012-10-05,23,3.62,5635.1,0,27.94,1754.56,5473.9,226.72,6.03,0
11,2012-10-12,21,3.60,2345.03,0,22.95,271.93,13035.68,226.92,6.03,0
11,2012-10-19,23,3.59,2344.65,0,153.97,409.53,2739.63,226.97,6.03,0
11,2012-10-26,23,3.51,4115.64,147.27,153,1060.9,3936.2,226.99,6.03,0
11,2012-11-02,17,3.39,17795.33,6233.15,44.62,12979.82,3359.51,227.01,6.03,0
11,2012-11-09,20,3.31,10591.76,1860.93,214.24,1144.92,4599.73,227.02,6.03,0
11,2012-11-16,16,3.25,12103.43,48.93,58.93,2113.4,8327.81,227.06,6.03,0
11,2012-11-23,16,3.21,1875.86,0.13,82490.58,529.16,636.43,227.11,6.03,1
11,2012-11-30,15,3.21,2302.4,0.03,7756.82,87.75,6745.14,227.16,6.03,0
11,2012-12-07,19,3.20,8922.92,0,520,1939.53,16327.19,227.21,6.03,0
11,2012-12-14,13,3.17,2299.38,0,179,11.94,2687.63,227.27,6.03,0
11,2012-12-21,16,3.10,3403.69,82.92,176.74,6.44,1303.99,227.39,6.03,0
11,2012-12-28,11,3.11,15963.84,38545.15,474.72,3.8,3974.11,227.51,6.03,1
11,2013-01-04,8,3.16,3542.8,37018.68,20.1,43.65,6484.05,227.64,6.11,0
11,2013-01-11,10,3.24,4086.34,19143.47,2.17,832.97,3878.6,227.76,6.11,0
11,2013-01-18,10,3.24,3645.01,2343.34,2.04,9.87,3570.37,227.79,6.11,0
11,2013-01-25,15,3.23,1743.87,2148.31,0,47.22,6828.36,227.78,6.11,0
11,2013-02-01,17,3.24,16795.1,1889.47,453,24051.21,5579.09,227.78,6.11,0
11,2013-02-08,17,3.42,80498.65,820.68,381.3,33918.18,7040.6,227.78,6.11,1
11,2013-02-15,14,3.48,11957.9,4038.96,1,4259.34,4572.33,227.81,6.11,0
11,2013-02-22,16,3.60,8811.59,9277.29,0.8,282.89,5538.26,227.96,6.11,0
11,2013-03-01,13,3.71,8318.67,1004.38,2.4,52.46,4238.36,228.11,6.11,0
11,2013-03-08,14,3.66,30094.95,413.21,39.11,7152.47,4030.5,228.25,6.11,0
11,2013-03-15,17,3.62,6478.45,0,7.33,792.11,1873.16,228.38,6.11,0
11,2013-03-22,21,3.61,11838.93,0,641,3518,2144.12,228.47,6.11,0
11,2013-03-29,16,3.61,8598.57,0,545.42,74.56,2641.34,228.56,6.11,0
11,2013-04-05,19,3.58,13814.88,9023.25,695.55,243.54,3529.04,228.64,6.00,0
11,2013-04-12,19,3.53,8091.82,3309.69,89.66,1924.7,4398.53,228.73,6.00,0
11,2013-04-19,22,3.45,3808.66,-15.45,142.7,529.99,2742.75,228.73,6.00,0
11,2013-04-26,18,3.42,1212.55,0,98.4,54.64,2460.41,228.73,6.00,0
11,2013-05-03,21,3.39,7146.86,52,90.39,1475.16,2336.52,NULL,NULL,0
11,2013-05-10,20,3.39,14558.09,936.9,57.53,4577.68,11169.69,NULL,NULL,0
11,2013-05-17,24,3.45,9700.29,903.94,4.4,1438.39,7241.75,NULL,NULL,0
11,2013-05-24,27,3.49,8267.2,569.76,451.66,1323.59,3336.3,NULL,NULL,0
11,2013-05-31,26,3.47,3860.6,66.2,657.91,55.12,1506.84,NULL,NULL,0
11,2013-06-07,26,3.44,14283.15,590.34,349.94,8285.11,8180.74,NULL,NULL,0
11,2013-06-14,26,3.43,7858.76,704.05,445.61,2701.17,3797.25,NULL,NULL,0
11,2013-06-21,28,3.48,9399.84,288.85,262.7,4429.14,6401.08,NULL,NULL,0
11,2013-06-28,29,3.50,5054.81,534.72,90.31,2562.24,3437.51,NULL,NULL,0
11,2013-07-05,28,3.42,14356.75,3636.7,1463.56,12945.68,3628.67,NULL,NULL,0
11,2013-07-12,30,3.40,8129.38,1703.63,107.45,870.71,3865.9,NULL,NULL,0
11,2013-07-19,28,3.56,1554.05,1169.85,68.06,373.45,1046.13,NULL,NULL,0
11,2013-07-26,30,3.62,2387.21,717.2,106.7,1084.84,3264.52,NULL,NULL,0
12,2010-02-05,10,2.96,0,0,0,0,0,126.44,13.98,0
12,2010-02-12,9,2.95,0,0,0,0,0,126.50,13.98,1
12,2010-02-19,13,2.92,0,0,0,0,0,126.53,13.98,0
12,2010-02-26,10,2.83,0,0,0,0,0,126.55,13.98,0
12,2010-03-05,12,2.99,0,0,0,0,0,126.58,13.98,0
12,2010-03-12,10,2.93,0,0,0,0,0,126.60,13.98,0
12,2010-03-19,15,3.05,0,0,0,0,0,126.61,13.98,0
12,2010-03-26,16,3.08,0,0,0,0,0,126.61,13.98,0
12,2010-04-02,15,3.09,0,0,0,0,0,126.60,14.10,0
12,2010-04-09,15,3.09,0,0,0,0,0,126.60,14.10,0
12,2010-04-16,18,3.11,0,0,0,0,0,126.56,14.10,0
12,2010-04-23,18,3.05,0,0,0,0,0,126.47,14.10,0
12,2010-04-30,20,3.11,0,0,0,0,0,126.38,14.10,0
12,2010-05-07,21,3.13,0,0,0,0,0,126.29,14.10,0
12,2010-05-14,20,3.15,0,0,0,0,0,126.21,14.10,0
12,2010-05-21,25,3.12,0,0,0,0,0,126.18,14.10,0
12,2010-05-28,20,3.06,0,0,0,0,0,126.16,14.10,0
12,2010-06-04,27,2.94,0,0,0,0,0,126.14,14.10,0
12,2010-06-11,33,2.95,0,0,0,0,0,126.11,14.10,0
12,2010-06-18,27,3.04,0,0,0,0,0,126.11,14.10,0
12,2010-06-25,31,3.08,0,0,0,0,0,126.13,14.10,0
12,2010-07-02,33,3.11,0,0,0,0,0,126.14,14.18,0
12,2010-07-09,32,3.10,0,0,0,0,0,126.15,14.18,0
12,2010-07-16,36,3.09,0,0,0,0,0,126.15,14.18,0
12,2010-07-23,37,3.11,0,0,0,0,0,126.13,14.18,0
12,2010-07-30,36,3.02,0,0,0,0,0,126.11,14.18,0
12,2010-08-06,34,3.12,0,0,0,0,0,126.09,14.18,0
12,2010-08-13,31,3.16,0,0,0,0,0,126.06,14.18,0
12,2010-08-20,34,3.04,0,0,0,0,0,126.08,14.18,0
12,2010-08-27,34,3.13,0,0,0,0,0,126.09,14.18,0
12,2010-09-03,28,3.09,0,0,0,0,0,126.10,14.18,0
12,2010-09-10,29,3.04,0,0,0,0,0,126.11,14.18,1
12,2010-09-17,28,3.03,0,0,0,0,0,126.15,14.18,0
12,2010-09-24,28,2.94,0,0,0,0,0,126.19,14.18,0
12,2010-10-01,30,3.00,0,0,0,0,0,126.23,14.31,0
12,2010-10-08,22,3.01,0,0,0,0,0,126.28,14.31,0
12,2010-10-15,24,2.98,0,0,0,0,0,126.33,14.31,0
12,2010-10-22,20,3.01,0,0,0,0,0,126.38,14.31,0
12,2010-10-29,16,3.02,0,0,0,0,0,126.44,14.31,0
12,2010-11-05,19,3.13,0,0,0,0,0,126.49,14.31,0
12,2010-11-12,14,3.13,0,0,0,0,0,126.55,14.31,0
12,2010-11-19,15,3.16,0,0,0,0,0,126.61,14.31,0
12,2010-11-26,9,3.16,0,0,0,0,0,126.67,14.31,1
12,2010-12-03,6,3.04,0,0,0,0,0,126.73,14.31,0
12,2010-12-10,10,3.20,0,0,0,0,0,126.79,14.31,0
12,2010-12-17,12,3.24,0,0,0,0,0,126.88,14.31,0
12,2010-12-24,11,3.24,0,0,0,0,0,126.98,14.31,0
12,2010-12-31,8,3.15,0,0,0,0,0,127.09,14.31,1
12,2011-01-07,3,3.29,0,0,0,0,0,127.19,14.02,0
12,2011-01-14,6,3.31,0,0,0,0,0,127.30,14.02,0
12,2011-01-21,12,3.22,0,0,0,0,0,127.44,14.02,0
12,2011-01-28,10,3.34,0,0,0,0,0,127.58,14.02,0
12,2011-02-04,7,3.35,0,0,0,0,0,127.72,14.02,0
12,2011-02-11,11,3.38,0,0,0,0,0,127.86,14.02,1
12,2011-02-18,12,3.43,0,0,0,0,0,128.00,14.02,0
12,2011-02-25,9,3.53,0,0,0,0,0,128.13,14.02,0
12,2011-03-04,11,3.67,0,0,0,0,0,128.26,14.02,0
12,2011-03-11,14,3.82,0,0,0,0,0,128.40,14.02,0
12,2011-03-18,18,3.69,0,0,0,0,0,128.51,14.02,0
12,2011-03-25,12,3.91,0,0,0,0,0,128.62,14.02,0
12,2011-04-01,18,3.77,0,0,0,0,0,128.72,13.74,0
12,2011-04-08,18,4.00,0,0,0,0,0,128.82,13.74,0
12,2011-04-15,14,3.87,0,0,0,0,0,128.91,13.74,0
12,2011-04-22,22,4.13,0,0,0,0,0,128.96,13.74,0
12,2011-04-29,20,4.15,0,0,0,0,0,129.00,13.74,0
12,2011-05-06,20,4.19,0,0,0,0,0,129.04,13.74,0
12,2011-05-13,22,4.20,0,0,0,0,0,129.09,13.74,0
12,2011-05-20,19,4.17,0,0,0,0,0,129.08,13.74,0
12,2011-05-27,25,4.09,0,0,0,0,0,129.06,13.74,0
12,2011-06-03,22,4.03,0,0,0,0,0,129.05,13.74,0
12,2011-06-10,26,3.98,0,0,0,0,0,129.04,13.74,0
12,2011-06-17,30,3.94,0,0,0,0,0,129.04,13.74,0
12,2011-06-24,32,3.90,0,0,0,0,0,129.07,13.74,0
12,2011-07-01,32,3.84,0,0,0,0,0,129.09,13.50,0
12,2011-07-08,32,3.71,0,0,0,0,0,129.11,13.50,0
12,2011-07-15,31,3.69,0,0,0,0,0,129.13,13.50,0
12,2011-07-22,33,3.79,0,0,0,0,0,129.15,13.50,0
12,2011-07-29,34,3.81,0,0,0,0,0,129.17,13.50,0
12,2011-08-05,33,3.80,0,0,0,0,0,129.18,13.50,0
12,2011-08-12,33,3.70,0,0,0,0,0,129.20,13.50,0
12,2011-08-19,33,3.74,0,0,0,0,0,129.24,13.50,0
12,2011-08-26,35,3.74,0,0,0,0,0,129.28,13.50,0
12,2011-09-02,34,3.80,0,0,0,0,0,129.33,13.50,0
12,2011-09-09,31,3.91,0,0,0,0,0,129.37,13.50,1
12,2011-09-16,25,3.92,0,0,0,0,0,129.43,13.50,0
12,2011-09-23,28,3.79,0,0,0,0,0,129.52,13.50,0
12,2011-09-30,28,3.88,0,0,0,0,0,129.61,13.50,0
12,2011-10-07,21,3.83,0,0,0,0,0,129.69,12.89,0
12,2011-10-14,20,3.81,0,0,0,0,0,129.77,12.89,0
12,2011-10-21,23,3.84,0,0,0,0,0,129.78,12.89,0
12,2011-10-28,20,3.73,0,0,0,0,0,129.79,12.89,0
12,2011-11-04,15,3.83,0,0,0,0,0,129.81,12.89,0
12,2011-11-11,9,3.82,18049.87,7939.68,234.64,10463.07,5588.33,129.82,12.89,0
12,2011-11-18,12,3.81,5957.36,343.22,84.93,2390.67,12934.62,129.83,12.89,0
12,2011-11-25,12,3.62,5391.83,8,63143.29,49.27,2115.67,129.84,12.89,1
12,2011-12-02,11,3.70,4868.73,0,2022.46,3768.45,18368.11,129.85,12.89,0
12,2011-12-09,6,3.64,8374.63,15.85,573.92,5849.71,37581.27,129.86,12.89,0
12,2011-12-16,6,3.60,4940.95,28.45,1038.3,1100.93,5243.21,129.90,12.89,0
12,2011-12-23,7,3.54,1797.35,15.98,839.84,1375.84,17699.26,129.98,12.89,0
12,2011-12-30,7,3.43,6982.02,58804.91,60.29,1268.21,3553.79,130.07,12.89,1
12,2012-01-06,10,3.60,11181.59,33829.84,36.96,624.05,10152.27,130.16,12.19,0
12,2012-01-13,9,3.66,6935.5,23438.57,0,2289.8,9526.73,130.24,12.19,0
12,2012-01-20,8,3.66,4167.27,5161.57,5.84,2552.39,3854.53,130.28,12.19,0
12,2012-01-27,10,3.68,1201.31,631.79,0,104.69,1050.85,130.31,12.19,0
12,2012-02-03,10,3.70,60740.64,3779.65,43.08,48403.53,20348.16,130.35,12.19,0
12,2012-02-10,11,3.72,20281.03,2551.32,14.99,10597.74,7457.16,130.38,12.19,1
12,2012-02-17,11,3.78,17708.64,8549.74,2.88,14234.76,5960.69,130.45,12.19,0
12,2012-02-24,12,3.95,12862.31,5681.93,2,2401.22,5131.37,130.55,12.19,0
12,2012-03-02,11,4.18,15046.69,2131.62,12.84,4574.95,3428.27,130.65,12.19,0
12,2012-03-09,13,4.25,8404.29,2192.75,3.91,1479.91,5882.51,130.74,12.19,0
12,2012-03-16,18,4.27,9582.27,731.87,4.02,1589.97,2365.63,130.83,12.19,0
12,2012-03-23,13,4.04,3865.96,1496.18,7.35,1951.11,1440.31,130.90,12.19,0
12,2012-03-30,18,4.29,13644.08,115.67,8.34,1885.51,2291.86,130.97,12.19,0
12,2012-04-06,18,4.12,11772.46,0,61.63,3885.06,4225.11,131.04,11.63,0
12,2012-04-13,18,4.25,9681.11,2934.51,14.08,1944.35,3103.61,131.11,11.63,0
12,2012-04-20,19,4.22,8679.29,1265.97,7.7,878.01,4358.86,131.12,11.63,0
12,2012-04-27,26,4.19,2936.01,336.39,26.18,613.65,740.83,131.13,11.63,0
12,2012-05-04,24,4.17,10073.64,0,76.29,1671.53,3721.62,131.14,11.63,0
12,2012-05-11,25,4.19,13083.53,0,8.54,1378.68,2071.31,131.15,11.63,0
12,2012-05-18,29,4.11,20882.5,0,3.73,9506.75,2091.67,131.10,11.63,0
12,2012-05-25,29,4.29,8220.32,0,373.92,2185.46,1825.94,131.03,11.63,0
12,2012-06-01,26,4.28,7512.07,0,43.71,3666.37,4109.01,130.96,11.63,0
12,2012-06-08,29,4.10,10421.58,93.2,160.4,2385.69,4837.21,130.89,11.63,0
12,2012-06-15,30,4.14,15025.58,33.4,2.51,4573.57,2283.27,130.83,11.63,0
12,2012-06-22,33,4.01,10233.14,67.6,3.65,4693.44,3618.64,130.79,11.63,0
12,2012-06-29,32,3.88,7439.99,47.6,0,1330.36,4873.87,130.76,11.63,0
12,2012-07-06,32,3.77,10804.73,-0.6,3.33,5397.84,4395.03,130.72,10.93,0
12,2012-07-13,35,3.72,8699.07,20,0.06,5542.53,2781.14,130.68,10.93,0
12,2012-07-20,30,3.73,5799,59.68,37.56,5292.33,3376.66,130.70,10.93,0
12,2012-07-27,34,3.77,8217.72,41.28,2.31,9211.05,5507.68,130.72,10.93,0
12,2012-08-03,31,3.76,41059.39,69.7,45.73,22802.96,2743.18,130.74,10.93,0
12,2012-08-10,36,3.81,10844.78,79.4,38.62,6513.42,2756.59,130.76,10.93,0
12,2012-08-17,35,4.00,7487.95,25.5,6.6,5107.54,4876.34,130.79,10.93,0
12,2012-08-24,30,4.06,10712.3,86.08,70,7981.57,3515.91,130.84,10.93,0
12,2012-08-31,32,4.09,30055.26,13.2,116.87,11860.18,3746.24,130.89,10.93,0
12,2012-09-07,31,4.12,17640.02,84,46.18,3202.21,2634.17,130.93,10.93,1
12,2012-09-14,29,4.13,6928.05,0,19.56,863.95,5776.08,130.98,10.93,0
12,2012-09-21,28,4.13,11918.13,156.82,388.52,3290.61,7953.53,131.01,10.93,0
12,2012-09-28,27,3.97,3068.35,27.82,0.22,1307.43,3605.14,131.04,10.93,0
12,2012-10-05,28,3.97,8953.66,0,44.83,7731.09,3269.62,131.08,10.20,0
12,2012-10-12,22,4.47,1986.92,0,16.75,910.5,4225.2,131.11,10.20,0
12,2012-10-19,20,4.45,1810.87,0,8.48,640.64,2250.86,131.15,10.20,0
12,2012-10-26,19,4.30,13749.1,104.54,56,2402.63,4813.93,131.19,10.20,0
12,2012-11-02,17,4.10,16343.61,4621.69,118.14,7805.38,4247.26,131.24,10.20,0
12,2012-11-09,19,3.95,7692.83,7429.95,77.86,3662.83,3157.95,131.28,10.20,0
12,2012-11-16,10,3.83,13835.16,237.82,51.29,6519.99,5196.47,131.33,10.20,0
12,2012-11-23,14,3.76,5143.24,0,91073.56,3757.15,1381.84,131.38,10.20,1
12,2012-11-30,14,3.58,4876.87,7.5,8549.38,813.77,4832.18,131.43,10.20,0
12,2012-12-07,14,3.67,13375.6,0,338,6510.29,12971.31,131.48,10.20,0
12,2012-12-14,10,3.47,4264.3,0,193,872.87,17128.48,131.54,10.20,0
12,2012-12-21,6,3.39,5849.99,129.88,183.01,1591.66,2264.8,131.64,10.20,0
12,2012-12-28,6,3.48,10344.3,35051.68,196.76,486.88,518.83,131.75,10.20,1
12,2013-01-04,4,3.51,4458.06,27754.01,58.27,301.24,3798.13,131.85,9.91,0
12,2013-01-11,7,3.54,9819.88,13556.68,0.48,305.82,3113.78,131.96,9.91,0
12,2013-01-18,2,3.55,4304.79,3262.23,1.24,446.34,2718.67,132.03,9.91,0
12,2013-01-25,10,3.34,4899.26,1949.62,0,739.61,1922.27,132.09,9.91,0
12,2013-02-01,10,3.60,15107.83,939.31,65.7,12829.72,3366.13,132.15,9.91,0
12,2013-02-08,13,3.80,74777.22,1127.36,382.36,33466.32,5693.26,132.22,9.91,1
12,2013-02-15,8,3.92,13886.07,3228.42,27.24,9073.93,10232.63,132.27,9.91,0
12,2013-02-22,10,4.03,6821.02,2985.67,0,1535.14,1582.81,132.32,9.91,0
12,2013-03-01,9,4.11,8524.99,510.79,0,1369.5,5260.02,132.37,9.91,0
12,2013-03-08,16,3.87,18508.17,330.17,19.04,8128.78,2145.31,132.42,9.91,0
12,2013-03-15,17,4.10,7286.12,0,3.71,2271.05,930.55,132.47,9.91,0
12,2013-03-22,20,4.06,10679.58,0,647,3188.2,1750.99,132.53,9.91,0
12,2013-03-29,17,4.02,7517.14,0,257.4,787.48,2125.94,132.59,9.91,0
12,2013-04-05,21,4.00,12126.6,2222.12,349.23,5266.87,2457.17,132.65,9.87,0
12,2013-04-12,19,3.98,7641.52,807.32,22.43,8137.17,2078.68,132.72,9.87,0
12,2013-04-19,18,3.76,3294.87,33.66,87.64,1369.74,1895.84,132.72,9.87,0
12,2013-04-26,22,3.89,1685.96,0,49.88,2503.77,1161,132.72,9.87,0
12,2013-05-03,25,3.67,9317.56,13.94,12.97,7664.25,1742.78,NULL,NULL,0
12,2013-05-10,21,3.69,5617.43,193.82,24.62,4671.5,8235.71,NULL,NULL,0
12,2013-05-17,29,3.81,8051.71,68.88,8.38,2945.82,2521.68,NULL,NULL,0
12,2013-05-24,25,3.84,4737.51,72.88,589.22,4812.96,1491.99,NULL,NULL,0
12,2013-05-31,27,3.83,2963.59,68.18,115.07,295.4,1215.24,NULL,NULL,0
12,2013-06-07,32,3.79,14645.08,200.37,80.4,9578.14,6548.46,NULL,NULL,0
12,2013-06-14,33,3.77,3274.83,232.43,400.53,4992.42,1182.33,NULL,NULL,0
12,2013-06-21,31,3.77,1571.06,130.06,213.8,3391.74,1789.76,NULL,NULL,0
12,2013-06-28,32,3.78,8745.83,262.16,11.97,9475.17,6249.56,NULL,NULL,0
12,2013-07-05,39,3.75,10258.3,1663.37,541.21,16546.54,1213.84,NULL,NULL,0
12,2013-07-12,34,3.74,3409.33,977.89,80.96,8574.06,1997.97,NULL,NULL,0
12,2013-07-19,34,3.82,4349.54,687.86,93.05,1361.92,1614.2,NULL,NULL,0
12,2013-07-26,32,3.87,1008.91,232.99,6,284.49,2132.08,NULL,NULL,0
13,2010-02-05,0,2.67,0,0,0,0,0,126.44,8.32,0
13,2010-02-12,1,2.67,0,0,0,0,0,126.50,8.32,1
13,2010-02-19,2,2.65,0,0,0,0,0,126.53,8.32,0
13,2010-02-26,-1,2.67,0,0,0,0,0,126.55,8.32,0
13,2010-03-05,5,2.68,0,0,0,0,0,126.58,8.32,0
13,2010-03-12,3,2.73,0,0,0,0,0,126.60,8.32,0
13,2010-03-19,6,2.78,0,0,0,0,0,126.61,8.32,0
13,2010-03-26,5,2.82,0,0,0,0,0,126.61,8.32,0
13,2010-04-02,6,2.84,0,0,0,0,0,126.60,8.11,0
13,2010-04-09,4,2.88,0,0,0,0,0,126.60,8.11,0
13,2010-04-16,10,2.92,0,0,0,0,0,126.56,8.11,0
13,2010-04-23,13,2.94,0,0,0,0,0,126.47,8.11,0
13,2010-04-30,9,2.94,0,0,0,0,0,126.38,8.11,0
13,2010-05-07,7,2.95,0,0,0,0,0,126.29,8.11,0
13,2010-05-14,10,2.96,0,0,0,0,0,126.21,8.11,0
13,2010-05-21,14,2.95,0,0,0,0,0,126.18,8.11,0
13,2010-05-28,12,2.91,0,0,0,0,0,126.16,8.11,0
13,2010-06-04,15,2.87,0,0,0,0,0,126.14,8.11,0
13,2010-06-11,18,2.84,0,0,0,0,0,126.11,8.11,0
13,2010-06-18,15,2.82,0,0,0,0,0,126.11,8.11,0
13,2010-06-25,22,2.82,0,0,0,0,0,126.13,8.11,0
13,2010-07-02,26,2.81,0,0,0,0,0,126.14,7.95,0
13,2010-07-09,22,2.80,0,0,0,0,0,126.15,7.95,0
13,2010-07-16,25,2.79,0,0,0,0,0,126.15,7.95,0
13,2010-07-23,28,2.80,0,0,0,0,0,126.13,7.95,0
13,2010-07-30,26,2.80,0,0,0,0,0,126.11,7.95,0
13,2010-08-06,27,2.80,0,0,0,0,0,126.09,7.95,0
13,2010-08-13,24,2.84,0,0,0,0,0,126.06,7.95,0
13,2010-08-20,25,2.85,0,0,0,0,0,126.08,7.95,0
13,2010-08-27,24,2.85,0,0,0,0,0,126.09,7.95,0
13,2010-09-03,19,2.87,0,0,0,0,0,126.10,7.95,0
13,2010-09-10,19,2.87,0,0,0,0,0,126.11,7.95,1
13,2010-09-17,19,2.88,0,0,0,0,0,126.15,7.95,0
13,2010-09-24,20,2.87,0,0,0,0,0,126.19,7.95,0
13,2010-10-01,20,2.85,0,0,0,0,0,126.23,7.80,0
13,2010-10-08,17,2.84,0,0,0,0,0,126.28,7.80,0
13,2010-10-15,12,2.85,0,0,0,0,0,126.33,7.80,0
13,2010-10-22,14,2.85,0,0,0,0,0,126.38,7.80,0
13,2010-10-29,7,2.84,0,0,0,0,0,126.44,7.80,0
13,2010-11-05,10,2.83,0,0,0,0,0,126.49,7.80,0
13,2010-11-12,6,2.83,0,0,0,0,0,126.55,7.80,0
13,2010-11-19,6,2.84,0,0,0,0,0,126.61,7.80,0
13,2010-11-26,-2,2.83,0,0,0,0,0,126.67,7.80,1
13,2010-12-03,-3,2.81,0,0,0,0,0,126.73,7.80,0
13,2010-12-10,3,2.82,0,0,0,0,0,126.79,7.80,0
13,2010-12-17,2,2.84,0,0,0,0,0,126.88,7.80,0
13,2010-12-24,2,2.85,0,0,0,0,0,126.98,7.80,0
13,2010-12-31,-3,2.87,0,0,0,0,0,127.09,7.80,1
13,2011-01-07,-8,2.89,0,0,0,0,0,127.19,7.47,0
13,2011-01-14,-6,2.90,0,0,0,0,0,127.30,7.47,0
13,2011-01-21,2,2.93,0,0,0,0,0,127.44,7.47,0
13,2011-01-28,0,2.96,0,0,0,0,0,127.58,7.47,0
13,2011-02-04,-5,2.97,0,0,0,0,0,127.72,7.47,0
13,2011-02-11,-1,3.03,0,0,0,0,0,127.86,7.47,1
13,2011-02-18,5,3.06,0,0,0,0,0,128.00,7.47,0
13,2011-02-25,1,3.12,0,0,0,0,0,128.13,7.47,0
13,2011-03-04,1,3.23,0,0,0,0,0,128.26,7.47,0
13,2011-03-11,5,3.35,0,0,0,0,0,128.40,7.47,0
13,2011-03-18,7,3.41,0,0,0,0,0,128.51,7.47,0
13,2011-03-25,6,3.44,0,0,0,0,0,128.62,7.47,0
13,2011-04-01,6,3.49,0,0,0,0,0,128.72,7.19,0
13,2011-04-08,6,3.55,0,0,0,0,0,128.82,7.19,0
13,2011-04-15,5,3.62,0,0,0,0,0,128.91,7.19,0
13,2011-04-22,9,3.66,0,0,0,0,0,128.96,7.19,0
13,2011-04-29,7,3.68,0,0,0,0,0,129.00,7.19,0
13,2011-05-06,9,3.74,0,0,0,0,0,129.04,7.19,0
13,2011-05-13,11,3.77,0,0,0,0,0,129.09,7.19,0
13,2011-05-20,11,3.80,0,0,0,0,0,129.08,7.19,0
13,2011-05-27,13,3.78,0,0,0,0,0,129.06,7.19,0
13,2011-06-03,12,3.75,0,0,0,0,0,129.05,7.19,0
13,2011-06-10,16,3.73,0,0,0,0,0,129.04,7.19,0
13,2011-06-17,17,3.70,0,0,0,0,0,129.04,7.19,0
13,2011-06-24,19,3.67,0,0,0,0,0,129.07,7.19,0
13,2011-07-01,23,3.61,0,0,0,0,0,129.09,6.88,0
13,2011-07-08,25,3.56,0,0,0,0,0,129.11,6.88,0
13,2011-07-15,24,3.55,0,0,0,0,0,129.13,6.88,0
13,2011-07-22,26,3.56,0,0,0,0,0,129.15,6.88,0
13,2011-07-29,25,3.57,0,0,0,0,0,129.17,6.88,0
13,2011-08-05,24,3.60,0,0,0,0,0,129.18,6.88,0
13,2011-08-12,24,3.61,0,0,0,0,0,129.20,6.88,0
13,2011-08-19,25,3.58,0,0,0,0,0,129.24,6.88,0
13,2011-08-26,28,3.57,0,0,0,0,0,129.28,6.88,0
13,2011-09-02,25,3.58,0,0,0,0,0,129.33,6.88,0
13,2011-09-09,21,3.62,0,0,0,0,0,129.37,6.88,1
13,2011-09-16,20,3.64,0,0,0,0,0,129.43,6.88,0
13,2011-09-23,18,3.65,0,0,0,0,0,129.52,6.88,0
13,2011-09-30,20,3.62,0,0,0,0,0,129.61,6.88,0
13,2011-10-07,16,3.59,0,0,0,0,0,129.69,6.39,0
13,2011-10-14,11,3.57,0,0,0,0,0,129.77,6.39,0
13,2011-10-21,13,3.58,0,0,0,0,0,129.78,6.39,0
13,2011-10-28,9,3.57,0,0,0,0,0,129.79,6.39,0
13,2011-11-04,6,3.54,0,0,0,0,0,129.81,6.39,0
13,2011-11-11,1,3.51,31400.97,30876.79,645.07,4407.38,7740.27,129.82,6.39,0
13,2011-11-18,5,3.49,11003.75,1090.92,89.88,1201.3,10231.67,129.83,6.39,0
13,2011-11-25,4,3.45,1282.42,548.1,109030.75,146.33,3557.67,129.84,6.39,1
13,2011-12-02,1,3.39,7945.42,56,25126.9,5550.87,31844.2,129.85,6.39,0
13,2011-12-09,-4,3.34,5924.71,56,577.59,1778.83,20371.02,129.86,6.39,0
13,2011-12-16,-2,3.28,3272.56,556.15,959.55,424.43,5933.01,129.90,6.39,0
13,2011-12-23,-4,3.19,686.24,193.26,2971.53,239.78,3567.03,129.98,6.39,0
13,2011-12-30,0,3.12,5970.81,89121.94,406.4,1772.02,3645,130.07,6.39,1
13,2012-01-06,1,3.08,6809.96,37106.52,179.77,1922.55,7481.58,130.16,6.10,0
13,2012-01-13,-4,3.06,3627.07,14887.88,119.93,798.48,4668.82,130.24,6.10,0
13,2012-01-20,0,3.05,3150.56,6765.52,87.63,1196.17,3136.96,130.28,6.10,0
13,2012-01-27,1,3.06,3743,3744.31,108.46,253.99,3511.82,130.31,6.10,0
13,2012-02-03,0,3.08,53423.29,5822.12,282.08,57817.56,9654.23,130.35,6.10,0
13,2012-02-10,1,3.12,9264.48,8292.73,179.72,18849.21,9083.54,130.38,6.10,1
13,2012-02-17,3,3.12,21621.16,16497.47,25.52,13643.83,14660.97,130.45,6.10,0
13,2012-02-24,2,3.15,16404.54,12013.87,3.4,2584.12,5126.53,130.55,6.10,0
13,2012-03-02,0,3.24,25204.67,2436.75,167.88,16066.76,7289.69,130.65,6.10,0
13,2012-03-09,3,3.38,9173.97,339.05,9.44,1300.75,7479.12,130.74,6.10,0
13,2012-03-16,11,3.53,8901.34,637.7,3.85,6169.81,2446.53,130.83,6.10,0
13,2012-03-23,9,3.67,3489.61,75.36,2.52,827.19,3427.9,130.90,6.10,0
13,2012-03-30,12,3.73,10556.61,43.54,15.84,1116.83,8179.03,130.97,6.10,0
13,2012-04-06,9,3.79,9249.62,0,59.94,3969.24,6016.86,131.04,5.97,0
13,2012-04-13,11,3.83,7419.44,19610.52,54.65,3021.51,3374.9,131.11,5.97,0
13,2012-04-20,10,3.85,22464.84,8216.22,70.45,1561.38,7307.24,131.12,5.97,0
13,2012-04-27,18,3.84,4626.7,0.11,67.16,104.18,3280.73,131.13,5.97,0
13,2012-05-04,12,3.83,15589.85,0,337.47,7557.14,5025.28,131.14,5.97,0
13,2012-05-11,14,3.81,14566.92,86,60.34,6009.18,4224.91,131.15,5.97,0
13,2012-05-18,18,3.81,7623.14,0,86.99,2583.46,3312.67,131.10,5.97,0
13,2012-05-25,17,3.80,7282.07,0,416.15,1048.83,7293.87,131.03,5.97,0
13,2012-06-01,16,3.79,8868.86,123,37.87,3793.73,6276.31,130.96,5.97,0
13,2012-06-08,20,3.78,12461.96,406.6,254.19,1450.62,8952.93,130.89,5.97,0
13,2012-06-15,19,3.76,8819.8,416.5,0.22,3496.08,6331.52,130.83,5.97,0
13,2012-06-22,23,3.74,9298.46,565.14,1.79,4025.82,8626.51,130.79,5.97,0
13,2012-06-29,28,3.68,4768.5,446.92,0,743.34,4076.02,130.76,5.97,0
13,2012-07-06,26,3.63,14357.07,337.7,89.85,8820.75,5507.25,130.72,5.77,0
13,2012-07-13,29,3.60,6330.74,220.42,1.17,4033.74,4225.77,130.68,5.77,0
13,2012-07-20,24,3.56,6060.59,133.34,35.23,1518.75,6675.69,130.70,5.77,0
13,2012-07-27,27,3.54,6699.6,96.56,5.2,8723.87,6650.26,130.72,5.77,0
13,2012-08-03,28,3.51,48280.91,73.92,98.64,13485.99,7765.27,130.74,5.77,0
13,2012-08-10,28,3.51,6249.06,70.38,51.09,3258.43,7070.04,130.76,5.77,0
13,2012-08-17,26,3.55,5063.08,6.76,40.96,2344.61,5594.85,130.79,5.77,0
13,2012-08-24,25,3.58,9360.8,71.92,179.51,8290.49,6291.99,130.84,5.77,0
13,2012-08-31,26,3.62,21327.53,50.44,88.44,9444.6,3872.19,130.89,5.77,0
13,2012-09-07,21,3.69,17452.15,18.74,69.23,4472.17,5180.78,130.93,5.77,1
13,2012-09-14,20,3.75,13208.43,0,28.06,1300.16,10484.98,130.98,5.77,0
13,2012-09-21,20,3.82,10671.71,141.83,46,2465.37,12372.29,131.01,5.77,0
13,2012-09-28,18,3.82,5197.64,63.1,2.6,3022.73,9779.77,131.04,5.77,0
13,2012-10-05,17,3.82,6607.14,0,50.6,3943.91,7700.91,131.08,5.62,0
13,2012-10-12,13,3.80,1927.15,0,9.72,518.97,11269.24,131.11,5.62,0
13,2012-10-19,11,3.78,2753.9,0,8.84,775.96,6978.9,131.15,5.62,0
13,2012-10-26,8,3.76,10192.49,364.57,150,1714.15,5563.92,131.19,5.62,0
13,2012-11-02,11,3.70,22673.11,15133.42,65.54,8135.66,5449.98,131.24,5.62,0
13,2012-11-09,10,3.66,31930.04,19452.26,88.2,668.89,4941.57,131.28,5.62,0
13,2012-11-16,1,3.61,13357.31,4584.74,302.19,970.32,7968.28,131.33,5.62,0
13,2012-11-23,8,3.56,2088.09,-0.05,149483.31,756.99,1176.1,131.38,5.62,1
13,2012-11-30,5,3.52,5858.02,0,11470.92,173.18,7018.08,131.43,5.62,0
13,2012-12-07,6,3.46,9753.88,0,1258.51,2777.92,21807.99,131.48,5.62,0
13,2012-12-14,2,3.38,2816.36,0,189,1679.56,2416,131.54,5.62,0
13,2012-12-21,-1,3.26,4655.55,82.92,263.93,41.68,2105.14,131.64,5.62,0
13,2012-12-28,-1,3.15,20297.6,52850.71,828.32,50.19,1947.25,131.75,5.62,1
13,2013-01-04,-10,3.07,4914.57,39020.8,35.21,111.43,3050,131.85,5.37,0
13,2013-01-11,-7,2.98,3726.82,17212.29,-23.97,116.72,2662.8,131.96,5.37,0
13,2013-01-18,-11,2.91,6847.96,5267.27,5.18,933.65,3113.78,132.03,5.37,0
13,2013-01-25,-10,2.93,3250.58,2576.84,1,81.67,2360.57,132.09,5.37,0
13,2013-02-01,-1,3.03,21473.2,1904.19,424.53,26859.39,3342.06,132.15,5.37,0
13,2013-02-08,-3,3.19,103184.98,1058.07,406.24,65344.64,8699.21,132.22,5.37,1
13,2013-02-15,-3,3.32,17771.48,6944.08,13.3,10514.31,7599.67,132.27,5.37,0
13,2013-02-22,-1,3.46,10360.46,8744.31,49.16,2212.69,3326.43,132.32,5.37,0
13,2013-03-01,-3,3.52,8315.84,1260.83,11.2,659.35,3007.98,132.37,5.37,0
13,2013-03-08,3,3.53,29775.13,279.06,139.61,7962.19,6277.85,132.42,5.37,0
13,2013-03-15,8,3.52,7748.56,0,25.45,2369.84,2522.64,132.47,5.37,0
13,2013-03-22,6,3.52,15752.69,0,4330.1,3086.68,2250.2,132.53,5.37,0
13,2013-03-29,5,3.52,8423.57,0,1018.43,156.2,4640.19,132.59,5.37,0
13,2013-04-05,12,3.55,25061.6,16527.33,715.36,3092.08,6326.11,132.65,5.27,0
13,2013-04-12,7,3.58,5553.66,6576.2,130.64,1282.8,2816.65,132.72,5.27,0
13,2013-04-19,5,3.56,2604.11,186.71,247.64,73.92,2605.84,132.72,5.27,0
13,2013-04-26,9,3.54,3664.88,0,297.65,374.46,2284.14,132.72,5.27,0
13,2013-05-03,13,3.54,15599.02,9,162.76,5754.98,3223.41,NULL,NULL,0
13,2013-05-10,15,3.54,4974.55,349,103.99,869.1,12998.65,NULL,NULL,0
13,2013-05-17,21,3.61,10484.85,332.82,14.26,1877,7360.88,NULL,NULL,0
13,2013-05-24,14,3.72,4055.58,174.82,323.77,864.21,7642.23,NULL,NULL,0
13,2013-05-31,16,3.77,5026.09,342.21,277.3,31.16,2626.13,NULL,NULL,0
13,2013-06-07,20,3.78,15752.93,1133.16,563.67,9099.13,8754.58,NULL,NULL,0
13,2013-06-14,25,3.77,5574.52,798.37,1763.71,5692.34,3896.16,NULL,NULL,0
13,2013-06-21,21,3.74,5531.43,450.45,438.12,5117.36,4976.75,NULL,NULL,0
13,2013-06-28,24,3.73,7171.47,928.22,16.1,4607.09,5301.35,NULL,NULL,0
13,2013-07-05,30,3.70,22841.84,3226.72,433.81,14901.99,4966.09,NULL,NULL,0
13,2013-07-12,26,3.67,7062.38,1561,117.15,2393.91,5452.83,NULL,NULL,0
13,2013-07-19,27,3.67,2973.47,1440.63,142.45,1059.44,1315.72,NULL,NULL,0
13,2013-07-26,29,3.67,346.31,1377.41,93.4,140.32,2147.06,NULL,NULL,0
14,2010-02-05,-3,2.78,0,0,0,0,0,181.87,8.99,0
14,2010-02-12,-2,2.77,0,0,0,0,0,181.98,8.99,1
14,2010-02-19,0,2.75,0,0,0,0,0,182.03,8.99,0
14,2010-02-26,2,2.75,0,0,0,0,0,182.08,8.99,0
14,2010-03-05,3,2.78,0,0,0,0,0,182.12,8.99,0
14,2010-03-12,8,2.82,0,0,0,0,0,182.16,8.99,0
14,2010-03-19,9,2.84,0,0,0,0,0,182.08,8.99,0
14,2010-03-26,12,2.85,0,0,0,0,0,181.97,8.99,0
14,2010-04-02,9,2.85,0,0,0,0,0,181.87,8.90,0
14,2010-04-09,19,2.87,0,0,0,0,0,181.76,8.90,0
14,2010-04-16,12,2.90,0,0,0,0,0,181.69,8.90,0
14,2010-04-23,12,2.90,0,0,0,0,0,181.68,8.90,0
14,2010-04-30,12,2.92,0,0,0,0,0,181.66,8.90,0
14,2010-05-07,22,2.97,0,0,0,0,0,181.65,8.90,0
14,2010-05-14,12,2.98,0,0,0,0,0,181.66,8.90,0
14,2010-05-21,17,2.96,0,0,0,0,0,181.85,8.90,0
14,2010-05-28,21,2.90,0,0,0,0,0,182.05,8.90,0
14,2010-06-04,24,2.85,0,0,0,0,0,182.24,8.90,0
14,2010-06-11,21,2.81,0,0,0,0,0,182.43,8.90,0
14,2010-06-18,23,2.78,0,0,0,0,0,182.44,8.90,0
14,2010-06-25,26,2.81,0,0,0,0,0,182.38,8.90,0
14,2010-07-02,25,2.82,0,0,0,0,0,182.32,8.74,0
14,2010-07-09,28,2.79,0,0,0,0,0,182.26,8.74,0
14,2010-07-16,25,2.78,0,0,0,0,0,182.26,8.74,0
14,2010-07-23,27,2.77,0,0,0,0,0,182.35,8.74,0
14,2010-07-30,27,2.78,0,0,0,0,0,182.44,8.74,0
14,2010-08-06,25,2.78,0,0,0,0,0,182.53,8.74,0
14,2010-08-13,26,2.81,0,0,0,0,0,182.62,8.74,0
14,2010-08-20,24,2.78,0,0,0,0,0,182.62,8.74,0
14,2010-08-27,22,2.76,0,0,0,0,0,182.61,8.74,0
14,2010-09-03,26,2.72,0,0,0,0,0,182.60,8.74,0
14,2010-09-10,22,2.70,0,0,0,0,0,182.60,8.74,1
14,2010-09-17,19,2.71,0,0,0,0,0,182.62,8.74,0
14,2010-09-24,20,2.71,0,0,0,0,0,182.67,8.74,0
14,2010-10-01,21,2.71,0,0,0,0,0,182.72,8.72,0
14,2010-10-08,14,2.76,0,0,0,0,0,182.76,8.72,0
14,2010-10-15,15,2.87,0,0,0,0,0,182.81,8.72,0
14,2010-10-22,12,2.92,0,0,0,0,0,182.86,8.72,0
14,2010-10-29,16,2.92,0,0,0,0,0,182.90,8.72,0
14,2010-11-05,8,2.92,0,0,0,0,0,182.95,8.72,0
14,2010-11-12,8,2.93,0,0,0,0,0,182.99,8.72,0
14,2010-11-19,10,3.00,0,0,0,0,0,182.90,8.72,0
14,2010-11-26,8,3.04,0,0,0,0,0,182.78,8.72,1
14,2010-12-03,5,3.05,0,0,0,0,0,182.67,8.72,0
14,2010-12-10,-1,3.11,0,0,0,0,0,182.55,8.72,0
14,2010-12-17,-1,3.14,0,0,0,0,0,182.52,8.72,0
14,2010-12-24,-1,3.14,0,0,0,0,0,182.54,8.72,0
14,2010-12-31,-1,3.18,0,0,0,0,0,182.57,8.72,1
14,2011-01-07,1,3.19,0,0,0,0,0,182.60,8.55,0
14,2011-01-14,-4,3.21,0,0,0,0,0,182.66,8.55,0
14,2011-01-21,-1,3.23,0,0,0,0,0,182.92,8.55,0
14,2011-01-28,-4,3.24,0,0,0,0,0,183.18,8.55,0
14,2011-02-04,-2,3.23,0,0,0,0,0,183.44,8.55,0
14,2011-02-11,-1,3.24,0,0,0,0,0,183.70,8.55,1
14,2011-02-18,5,3.25,0,0,0,0,0,183.94,8.55,0
14,2011-02-25,2,3.27,0,0,0,0,0,184.16,8.55,0
14,2011-03-04,4,3.43,0,0,0,0,0,184.39,8.55,0
14,2011-03-11,7,3.58,0,0,0,0,0,184.61,8.55,0
14,2011-03-18,8,3.63,0,0,0,0,0,184.81,8.55,0
14,2011-03-25,5,3.63,0,0,0,0,0,184.99,8.55,0
14,2011-04-01,3,3.64,0,0,0,0,0,185.18,8.52,0
14,2011-04-08,9,3.72,0,0,0,0,0,185.36,8.52,0
14,2011-04-15,12,3.82,0,0,0,0,0,185.53,8.52,0
14,2011-04-22,12,3.89,0,0,0,0,0,185.67,8.52,0
14,2011-04-29,19,3.96,0,0,0,0,0,185.80,8.52,0
14,2011-05-06,15,4.05,0,0,0,0,0,185.94,8.52,0
14,2011-05-13,16,4.07,0,0,0,0,0,186.07,8.52,0
14,2011-05-20,17,4.06,0,0,0,0,0,185.97,8.52,0
14,2011-05-27,21,3.99,0,0,0,0,0,185.86,8.52,0
14,2011-06-03,25,3.92,0,0,0,0,0,185.75,8.52,0
14,2011-06-10,23,3.88,0,0,0,0,0,185.65,8.52,0
14,2011-06-17,21,3.84,0,0,0,0,0,185.67,8.52,0
14,2011-06-24,24,3.80,0,0,0,0,0,185.79,8.52,0
14,2011-07-01,23,3.75,0,0,0,0,0,185.91,8.63,0
14,2011-07-08,25,3.71,0,0,0,0,0,186.03,8.63,0
14,2011-07-15,26,3.76,0,0,0,0,0,186.14,8.63,0
14,2011-07-22,28,3.81,0,0,0,0,0,186.22,8.63,0
14,2011-07-29,27,3.83,0,0,0,0,0,186.30,8.63,0
14,2011-08-05,26,3.84,0,0,0,0,0,186.37,8.63,0
14,2011-08-12,25,3.81,0,0,0,0,0,186.45,8.63,0
14,2011-08-19,23,3.75,0,0,0,0,0,186.51,8.63,0
14,2011-08-26,23,3.70,0,0,0,0,0,186.56,8.63,0
14,2011-09-02,21,3.70,0,0,0,0,0,186.62,8.63,0
14,2011-09-09,22,3.74,0,0,0,0,0,186.67,8.63,1
14,2011-09-16,21,3.74,0,0,0,0,0,186.80,8.63,0
14,2011-09-23,18,3.71,0,0,0,0,0,187.03,8.63,0
14,2011-09-30,21,3.65,0,0,0,0,0,187.26,8.63,0
14,2011-10-07,13,3.58,0,0,0,0,0,187.48,8.52,0
14,2011-10-14,18,3.54,0,0,0,0,0,187.69,8.52,0
14,2011-10-21,15,3.57,0,0,0,0,0,187.78,8.52,0
14,2011-10-28,11,3.57,0,0,0,0,0,187.88,8.52,0
14,2011-11-04,7,3.55,0,0,0,0,0,187.97,8.52,0
14,2011-11-11,9,3.53,11376.03,22505.23,1079.89,2679.33,4257.94,188.06,8.52,0
14,2011-11-18,11,3.53,16308.11,749.9,273.72,2331.53,9347,188.20,8.52,0
14,2011-11-25,9,3.49,286.52,54,89402.64,13,1915.8,188.35,8.52,1
14,2011-12-02,10,3.45,6428.59,0,3657.58,2939.92,34955.25,188.50,8.52,0
14,2011-12-09,8,3.42,7297.72,15,342.71,4849,7509.9,188.65,8.52,0
14,2011-12-16,4,3.41,5398.47,6.12,881.17,290.64,6390.47,188.80,8.52,0
14,2011-12-23,6,3.39,924.14,112.73,2127.77,80.02,4638.81,188.93,8.52,0
14,2011-12-30,3,3.39,7844.31,70574.85,312.98,1559.84,2851.33,189.06,8.52,1
14,2012-01-06,2,3.42,10428.95,39234.09,839.74,981.17,15911.56,189.19,8.42,0
14,2012-01-13,5,3.51,4605.8,21593.85,636.54,727.57,4054.79,189.33,8.42,0
14,2012-01-20,0,3.53,5037.95,4952.93,860.9,2560.08,5386.74,189.42,8.42,0
14,2012-01-27,3,3.57,3468.31,2195.14,689.52,252.01,2128.36,189.52,8.42,0
14,2012-02-03,6,3.62,78124.5,4232.19,788.56,46081.94,14550.73,189.61,8.42,0
14,2012-02-10,3,3.64,17118.97,6533.16,285.82,11597.23,6174.43,189.71,8.42,1
14,2012-02-17,3,3.70,23664.75,13769.67,143.36,11965.7,10506.12,189.84,8.42,0
14,2012-02-24,6,3.74,15074.23,8644.89,4.2,4450.84,7278.87,190.01,8.42,0
14,2012-03-02,5,3.82,20212.56,1991.38,46.67,11970.8,6876.57,190.17,8.42,0
14,2012-03-09,8,3.85,15710.87,1050.48,1.49,2302.28,2702.96,190.34,8.42,0
14,2012-03-16,10,3.86,6021.47,280.43,5.5,1814.5,1581.84,190.46,8.42,0
14,2012-03-23,15,3.90,4718.7,348.81,6.85,353.11,3726.39,190.54,8.42,0
14,2012-03-30,10,3.95,11267.8,185.8,8.84,1152.46,2509.18,190.61,8.42,0
14,2012-04-06,10,4.00,8376.85,0,81.19,3578.4,4857.19,190.69,8.57,0
14,2012-04-13,11,4.04,5236.77,13739.76,51.75,984.02,2638.42,190.76,8.57,0
14,2012-04-20,17,4.03,32124.49,6870.09,100.15,2213.04,3706.04,190.81,8.57,0
14,2012-04-27,12,4.00,3548.09,0.35,45.88,78.21,4193.26,190.87,8.57,0
14,2012-05-04,13,3.95,21068.05,0,128.13,5490.93,2764.55,190.92,8.57,0
14,2012-05-11,16,3.89,10626.27,0,131.11,1664.04,10557.13,190.98,8.57,0
14,2012-05-18,19,3.85,8818.97,0,8.88,1297.39,3330.23,191.00,8.57,0
14,2012-05-25,20,3.80,11421.79,0,634.52,1071.25,3204.72,191.00,8.57,0
14,2012-06-01,24,3.74,7765.54,11,185.64,2473.3,2603.92,191.01,8.57,0
14,2012-06-08,18,3.69,4636.1,570.2,172.7,1103.04,8024.53,191.02,8.57,0
14,2012-06-15,22,3.62,10737.66,423.4,5.06,1904.52,3823.07,191.03,8.57,0
14,2012-06-22,23,3.56,10291.35,317,4.3,3292.07,6115.51,191.06,8.57,0
14,2012-06-29,24,3.51,4575.3,211.7,0,304.94,2686.11,191.10,8.57,0
14,2012-07-06,28,3.48,7024.93,416.3,83.47,6927.24,6002.43,191.13,8.68,0
14,2012-07-13,27,3.52,9158.47,-2.5,5.37,4516.68,2574.55,191.17,8.68,0
14,2012-07-20,26,3.57,4564.87,58.48,19.69,1418.34,3764.15,191.17,8.68,0
14,2012-07-27,25,3.65,4945.52,113.66,4.1,10751.35,3298.31,191.17,8.68,0
14,2012-08-03,25,3.65,17465.29,37.82,110.8,13149.34,5089.95,191.16,8.68,0
14,2012-08-10,26,3.72,32432.09,23.68,32.44,4309.81,3570.81,191.16,8.68,0
14,2012-08-17,24,3.81,4625.55,62.5,5.84,2100.73,2663.23,191.23,8.68,0
14,2012-08-24,23,3.83,6647.88,34.56,255.31,6931.8,9414.1,191.34,8.68,0
14,2012-08-31,24,3.87,24718.73,9.94,120.98,14110.32,3332.99,191.46,8.68,0
14,2012-09-07,24,3.91,6623.84,6.97,34.35,2720.17,5498.39,191.58,8.68,1
14,2012-09-14,20,3.95,11320.02,0,28.2,855.45,1743.58,191.70,8.68,0
14,2012-09-21,19,4.04,21474.27,98.28,29.88,1924.92,15282.51,191.86,8.68,0
14,2012-09-28,18,4.00,3816.64,38.19,8.16,2545.14,3536.04,192.01,8.68,0
14,2012-10-05,18,3.99,9219.05,0,12.04,3592,3300.66,192.17,8.67,0
14,2012-10-12,12,4.00,3214.56,0,20.28,822.73,7207.7,192.33,8.67,0
14,2012-10-19,14,3.97,4192.74,0,17.46,1076.25,3839.99,192.33,8.67,0
14,2012-10-26,15,3.88,9258.41,99.19,117.84,1489.28,1433.31,192.31,8.67,0
14,2012-11-02,11,3.79,14502.36,27807.59,65.98,9137.86,10309.95,192.29,8.67,0
14,2012-11-09,5,3.77,7505.03,13686.34,141.08,704.1,3790.53,192.26,8.67,0
14,2012-11-16,8,3.75,57257.78,1301.94,132.74,1355.51,6149.94,192.26,8.67,0
14,2012-11-23,6,3.75,1144.07,0.04,105691.67,242.1,1415.51,192.28,8.67,1
14,2012-11-30,3,3.73,2912.49,7.5,7324.57,159.88,6351.54,192.30,8.67,0
14,2012-12-07,8,3.69,13923.99,0,247,3458,12715.04,192.33,8.67,0
14,2012-12-14,6,3.64,2671.82,0,147,1661.11,3096.94,192.36,8.67,0
14,2012-12-21,6,3.58,5301.52,576.5,306.28,174.34,3874.92,192.46,8.67,0
14,2012-12-28,2,3.56,14283.51,45767.78,430.44,47.67,2128.13,192.56,8.67,1
14,2013-01-04,0,3.59,4949.81,46315.84,18.38,388.47,4683.98,192.66,8.63,0
14,2013-01-11,4,3.61,5186.45,26233.26,7.34,758.66,3343.6,192.76,8.63,0
14,2013-01-18,5,3.61,30780.8,6529.64,8.24,6434.82,3124.97,192.81,8.63,0
14,2013-01-25,-3,3.58,7289.32,2704.62,1,462.85,1749.59,192.84,8.63,0
14,2013-02-01,2,3.62,15670.66,1125.57,1811.8,28494.45,2430.86,192.87,8.63,0
14,2013-02-08,-2,3.75,75522.86,903.11,205.18,35146.67,4340.72,192.90,8.63,1
14,2013-02-15,2,3.81,16693.07,3038.43,6.06,2242.93,9686.98,192.94,8.63,0
14,2013-02-22,0,3.86,15320.65,8697.68,103.84,10277.08,5841.93,193.03,8.63,0
14,2013-03-01,4,3.89,16667.02,913.36,20.24,73.88,2601.07,193.12,8.63,0
14,2013-03-08,2,3.86,23140.88,198.2,99.6,6288.14,4650.09,193.21,8.63,0
14,2013-03-15,6,3.83,13379.88,0,5.32,1666.38,1967.09,193.30,8.63,0
14,2013-03-22,3,3.80,14080.01,0,1024.41,2420.09,5120.3,193.37,8.63,0
14,2013-03-29,5,3.78,10368.04,0,763.82,418.76,5066.86,193.44,8.63,0
14,2013-04-05,7,3.76,13011.66,6422.57,438.51,1640.42,4059.25,193.52,8.34,0
14,2013-04-12,14,3.72,10932.61,3011.97,79.46,2129.49,1628.89,193.59,8.34,0
14,2013-04-19,13,3.68,5393.42,2.95,86,265.26,1174.47,193.59,8.34,0
14,2013-04-26,10,3.62,1071.92,0,187.03,53.47,1723.94,193.59,8.34,0
14,2013-05-03,13,3.59,11008.28,0.94,157.91,3873.67,1988.69,NULL,NULL,0
14,2013-05-10,15,3.58,4538.72,334.06,107.45,2100.1,9069.8,NULL,NULL,0
14,2013-05-17,16,3.61,9659.44,204.88,25.91,1896.27,5896.76,NULL,NULL,0
14,2013-05-24,20,3.63,3701.66,247.84,821.91,2031.64,3202.59,NULL,NULL,0
14,2013-05-31,19,3.65,6253.46,581.33,584.42,145.01,1440.91,NULL,NULL,0
14,2013-06-07,22,3.63,11724.35,955.18,111.16,7790.71,4317.11,NULL,NULL,0
14,2013-06-14,21,3.63,5621.45,629.72,595.38,2513.62,2492.73,NULL,NULL,0
14,2013-06-21,21,3.63,3522.71,674.34,190.55,2890.09,3831.73,NULL,NULL,0
14,2013-06-28,24,3.64,6846.38,1097.6,0,6760.2,4170.58,NULL,NULL,0
14,2013-07-05,25,3.61,9443.6,3495.95,1245.83,9221.07,630.61,NULL,NULL,0
14,2013-07-12,26,3.61,4472.61,1389.15,121.37,1373.9,3850.61,NULL,NULL,0
14,2013-07-19,28,3.74,2128.98,739.94,148.15,481.63,3032.51,NULL,NULL,0
14,2013-07-26,24,3.80,779.98,731.33,13.9,185.27,1972.09,NULL,NULL,0
15,2010-02-05,-7,2.95,0,0,0,0,0,131.53,8.35,0
15,2010-02-12,-6,2.94,0,0,0,0,0,131.59,8.35,1
15,2010-02-19,-2,2.91,0,0,0,0,0,131.64,8.35,0
15,2010-02-26,-1,2.91,0,0,0,0,0,131.69,8.35,0
15,2010-03-05,0,2.92,0,0,0,0,0,131.74,8.35,0
15,2010-03-12,5,2.94,0,0,0,0,0,131.78,8.35,0
15,2010-03-19,7,2.96,0,0,0,0,0,131.82,8.35,0
15,2010-03-26,4,2.96,0,0,0,0,0,131.86,8.35,0
15,2010-04-02,7,2.96,0,0,0,0,0,131.90,8.19,0
15,2010-04-09,14,2.99,0,0,0,0,0,131.94,8.19,0
15,2010-04-16,10,3.01,0,0,0,0,0,131.98,8.19,0
15,2010-04-23,8,3.02,0,0,0,0,0,132.02,8.19,0
15,2010-04-30,9,3.04,0,0,0,0,0,132.06,8.19,0
15,2010-05-07,17,3.10,0,0,0,0,0,132.11,8.19,0
15,2010-05-14,8,3.11,0,0,0,0,0,132.15,8.19,0
15,2010-05-21,15,3.10,0,0,0,0,0,132.22,8.19,0
15,2010-05-28,21,3.05,0,0,0,0,0,132.29,8.19,0
15,2010-06-04,21,3.01,0,0,0,0,0,132.36,8.19,0
15,2010-06-11,16,2.97,0,0,0,0,0,132.44,8.19,0
15,2010-06-18,19,2.94,0,0,0,0,0,132.47,8.19,0
15,2010-06-25,23,2.96,0,0,0,0,0,132.50,8.19,0
15,2010-07-02,19,2.96,0,0,0,0,0,132.52,8.10,0
15,2010-07-09,25,2.94,0,0,0,0,0,132.55,8.10,0
15,2010-07-16,23,2.93,0,0,0,0,0,132.57,8.10,0
15,2010-07-23,23,2.92,0,0,0,0,0,132.58,8.10,0
15,2010-07-30,22,2.93,0,0,0,0,0,132.60,8.10,0
15,2010-08-06,23,2.94,0,0,0,0,0,132.61,8.10,0
15,2010-08-13,22,2.92,0,0,0,0,0,132.63,8.10,0
15,2010-08-20,22,2.91,0,0,0,0,0,132.66,8.10,0
15,2010-08-27,18,2.89,0,0,0,0,0,132.69,8.10,0
15,2010-09-03,23,2.86,0,0,0,0,0,132.72,8.10,0
15,2010-09-10,17,2.84,0,0,0,0,0,132.76,8.10,1
15,2010-09-17,14,2.85,0,0,0,0,0,132.77,8.10,0
15,2010-09-24,17,2.84,0,0,0,0,0,132.76,8.10,0
15,2010-10-01,15,2.84,0,0,0,0,0,132.76,8.07,0
15,2010-10-08,11,2.90,0,0,0,0,0,132.75,8.07,0
15,2010-10-15,10,3.00,0,0,0,0,0,132.76,8.07,0
15,2010-10-22,8,3.05,0,0,0,0,0,132.82,8.07,0
15,2010-10-29,13,3.06,0,0,0,0,0,132.87,8.07,0
15,2010-11-05,5,3.05,0,0,0,0,0,132.92,8.07,0
15,2010-11-12,4,3.07,0,0,0,0,0,132.98,8.07,0
15,2010-11-19,7,3.14,0,0,0,0,0,132.92,8.07,0
15,2010-11-26,5,3.19,0,0,0,0,0,132.84,8.07,1
15,2010-12-03,2,3.20,0,0,0,0,0,132.76,8.07,0
15,2010-12-10,-4,3.26,0,0,0,0,0,132.68,8.07,0
15,2010-12-17,-4,3.30,0,0,0,0,0,132.68,8.07,0
15,2010-12-24,-4,3.31,0,0,0,0,0,132.75,8.07,0
15,2010-12-31,-3,3.34,0,0,0,0,0,132.82,8.07,1
15,2011-01-07,-1,3.35,0,0,0,0,0,132.88,7.77,0
15,2011-01-14,-7,3.37,0,0,0,0,0,132.95,7.77,0
15,2011-01-21,-6,3.39,0,0,0,0,0,133.03,7.77,0
15,2011-01-28,-7,3.40,0,0,0,0,0,133.11,7.77,0
15,2011-02-04,-6,3.40,0,0,0,0,0,133.18,7.77,0
15,2011-02-11,-6,3.42,0,0,0,0,0,133.26,7.77,1
15,2011-02-18,1,3.42,0,0,0,0,0,133.37,7.77,0
15,2011-02-25,-6,3.45,0,0,0,0,0,133.49,7.77,0
15,2011-03-04,-2,3.61,0,0,0,0,0,133.61,7.77,0
15,2011-03-11,1,3.75,0,0,0,0,0,133.74,7.77,0
15,2011-03-18,5,3.80,0,0,0,0,0,133.85,7.77,0
15,2011-03-25,0,3.79,0,0,0,0,0,133.96,7.77,0
15,2011-04-01,-1,3.81,0,0,0,0,0,134.07,7.66,0
15,2011-04-08,5,3.90,0,0,0,0,0,134.18,7.66,0
15,2011-04-15,9,3.98,0,0,0,0,0,134.28,7.66,0
15,2011-04-22,5,4.06,0,0,0,0,0,134.36,7.66,0
15,2011-04-29,13,4.12,0,0,0,0,0,134.44,7.66,0
15,2011-05-06,10,4.19,0,0,0,0,0,134.51,7.66,0
15,2011-05-13,14,4.21,0,0,0,0,0,134.59,7.66,0
15,2011-05-20,14,4.20,0,0,0,0,0,134.68,7.66,0
15,2011-05-27,19,4.13,0,0,0,0,0,134.77,7.66,0
15,2011-06-03,21,4.07,0,0,0,0,0,134.86,7.66,0
15,2011-06-10,21,4.03,0,0,0,0,0,134.94,7.66,0
15,2011-06-17,18,3.99,0,0,0,0,0,135.08,7.66,0
15,2011-06-24,21,3.96,0,0,0,0,0,135.27,7.66,0
15,2011-07-01,20,3.92,0,0,0,0,0,135.45,7.81,0
15,2011-07-08,23,3.89,0,0,0,0,0,135.63,7.81,0
15,2011-07-15,23,3.92,0,0,0,0,0,135.78,7.81,0
15,2011-07-22,27,3.97,0,0,0,0,0,135.87,7.81,0
15,2011-07-29,24,4.00,0,0,0,0,0,135.96,7.81,0
15,2011-08-05,23,4.02,0,0,0,0,0,136.05,7.81,0
15,2011-08-12,21,4.00,0,0,0,0,0,136.14,7.81,0
15,2011-08-19,21,3.94,0,0,0,0,0,136.18,7.81,0
15,2011-08-26,21,3.91,0,0,0,0,0,136.21,7.81,0
15,2011-09-02,20,3.88,0,0,0,0,0,136.24,7.81,0
15,2011-09-09,20,3.93,0,0,0,0,0,136.27,7.81,1
15,2011-09-16,17,3.94,0,0,0,0,0,136.31,7.81,0
15,2011-09-23,15,3.90,0,0,0,0,0,136.37,7.81,0
15,2011-09-30,18,3.86,0,0,0,0,0,136.42,7.81,0
15,2011-10-07,11,3.78,0,0,0,0,0,136.47,7.87,0
15,2011-10-14,16,3.74,0,0,0,0,0,136.52,7.87,0
15,2011-10-21,11,3.76,0,0,0,0,0,136.50,7.87,0
15,2011-10-28,8,3.76,0,0,0,0,0,136.49,7.87,0
15,2011-11-04,6,3.74,0,0,0,0,0,136.48,7.87,0
15,2011-11-11,8,3.72,9727.57,4267.72,617.98,1236.64,2067.74,136.46,7.87,0
15,2011-11-18,8,3.72,3668.4,615.27,49.57,946.2,4393.97,136.47,7.87,0
15,2011-11-25,5,3.69,299.72,54.94,67073.91,34.22,171.76,136.48,7.87,1
15,2011-12-02,8,3.67,3751.34,191.82,6485.06,1803.17,16136.43,136.49,7.87,0
15,2011-12-09,4,3.63,3581.98,193.94,75.62,1713.45,5227.94,136.50,7.87,0
15,2011-12-16,2,3.61,2176.13,19,158.53,925.45,1273.02,136.53,7.87,0
15,2011-12-23,2,3.59,260.78,7.27,1120.42,80.13,622.48,136.59,7.87,0
15,2011-12-30,0,3.57,3248.4,31122.2,111.35,605.88,3474.84,136.64,7.87,1
15,2012-01-06,-1,3.59,5597.99,17413.82,18.8,646.2,3098.77,136.70,7.94,0
15,2012-01-13,2,3.67,1684.66,8959.27,1,487.76,542.9,136.75,7.94,0
15,2012-01-20,-6,3.71,2637.43,3151.32,0,265.47,2257.53,136.86,7.94,0
15,2012-01-27,-1,3.74,875.81,2072.02,0,58.58,1418.14,136.96,7.94,0
15,2012-02-03,2,3.80,25565.53,3425.96,56.72,19303.94,3230.99,137.06,7.94,0
15,2012-02-10,0,3.83,5140.44,5527.21,10.39,9439.38,6371.82,137.17,7.94,1
15,2012-02-17,-1,3.87,17822.56,7914.95,1.76,11094.94,4922.19,137.26,7.94,0
15,2012-02-24,1,3.92,6881.03,5859.12,1,3607.57,4147.13,137.34,7.94,0
15,2012-03-02,1,3.98,11611.99,1749.22,27.4,7977.5,2327.04,137.42,7.94,0
15,2012-03-09,3,4.02,7926.63,615.68,1.49,2126.98,2194.94,137.51,7.94,0
15,2012-03-16,9,4.02,3518.76,104.88,2.98,797.26,1364.77,137.58,7.94,0
15,2012-03-23,15,4.05,7318.86,118.73,0.5,3744.04,1224.93,137.66,7.94,0
15,2012-03-30,6,4.10,4292.7,72.67,3,1169.95,2965.23,137.73,7.94,0
15,2012-04-06,4,4.14,8567.95,0,46.32,1144.78,3518.73,137.80,8.15,0
15,2012-04-13,6,4.19,3408.63,3269.14,13.58,1547.19,1809.75,137.87,8.15,0
15,2012-04-20,12,4.17,4577.67,1678.35,5.9,1094.79,1830.84,137.92,8.15,0
15,2012-04-27,5,4.16,1863.53,0,9.82,192.32,1271.7,137.98,8.15,0
15,2012-05-04,11,4.12,8300.37,0,110.97,3056.54,1610.94,138.03,8.15,0
15,2012-05-11,12,4.06,11017,0,11.17,1287.37,2683.72,138.09,8.15,0
15,2012-05-18,15,4.03,5226.88,0,8.93,546.11,1281.16,138.11,8.15,0
15,2012-05-25,20,3.98,6258.04,0,482.11,928.64,1315.99,138.11,8.15,0
15,2012-06-01,20,3.92,3762,22.8,41.98,1170.77,2160.94,138.11,8.15,0
15,2012-06-08,15,3.87,4658.21,269,0.19,399.04,3998.9,138.12,8.15,0
15,2012-06-15,20,3.79,3453.42,478.6,0.01,404.11,3862.9,138.13,8.15,0
15,2012-06-22,23,3.72,3816.09,1314,0,667.31,2567,138.16,8.15,0
15,2012-06-29,21,3.67,3076.48,589.4,0,1770.01,2113.3,138.20,8.15,0
15,2012-07-06,24,3.65,4916.59,270.1,24.22,1747.41,2772.41,138.23,8.19,0
15,2012-07-13,23,3.69,3376.03,189.6,50.02,942.78,753.32,138.26,8.19,0
15,2012-07-20,24,3.73,1131.83,179.69,31.31,274.96,1321.82,138.23,8.19,0
15,2012-07-27,23,3.82,2403.14,122.34,0.87,2132.06,1082.9,138.20,8.19,0
15,2012-08-03,23,3.82,7251.41,216.62,0.48,4906.29,1420.37,138.17,8.19,0
15,2012-08-10,23,3.86,15384.57,19.31,100.34,1649.99,1552.05,138.14,8.19,0
15,2012-08-17,21,3.96,3690.95,10.66,0.3,788.18,1176.04,138.19,8.19,0
15,2012-08-24,19,4.00,3669.07,-6.69,0,2813.59,1610.18,138.28,8.19,0
15,2012-08-31,22,4.03,5501.66,135.77,27.69,1513.49,2862.32,138.38,8.19,0
15,2012-09-07,22,4.08,7925.48,13.2,15.69,1684.3,1941.32,138.47,8.19,1
15,2012-09-14,19,4.09,5163.64,0,1.49,922.73,3154.77,138.57,8.19,0
15,2012-09-21,16,4.20,3412.14,91,28.5,118.17,1880.31,138.65,8.19,0
15,2012-09-28,14,4.16,5223.97,19.73,0.66,1260.77,5490.76,138.74,8.19,0
15,2012-10-05,15,4.15,2337.37,0,6.22,1443.89,1892.94,138.83,7.99,0
15,2012-10-12,10,4.19,1351.82,0,5.8,500.2,3631.62,138.91,7.99,0
15,2012-10-19,12,4.15,710.9,0,1.68,176.01,1098.68,138.83,7.99,0
15,2012-10-26,13,4.07,4657.77,-7.01,100,1077.51,1234.65,138.73,7.99,0
15,2012-11-02,9,3.97,4565.57,5904.29,9,1437.77,1226.03,138.62,7.99,0
15,2012-11-09,2,3.95,3353.41,4293.32,38.06,340.26,1717.27,138.52,7.99,0
15,2012-11-16,7,3.94,8728.86,557.12,27.12,1840.54,2216.52,138.45,7.99,0
15,2012-11-23,4,3.98,400.27,0,76740.95,358.47,758.91,138.42,7.99,1
15,2012-11-30,1,3.97,1577.33,0,4241,130.62,4568.23,138.40,7.99,0
15,2012-12-07,5,3.92,6919.92,0,212.32,1316.86,4165.76,138.38,7.99,0
15,2012-12-14,3,3.87,5258.35,0,22,336.24,1206.87,138.37,7.99,0
15,2012-12-21,4,3.82,2568.77,0,45,113.9,1639.7,138.43,7.99,0
15,2012-12-28,-2,3.79,5278.56,17261.44,5.01,34.08,254.53,138.49,7.99,1
15,2013-01-04,-5,3.79,1914.12,21803.78,22.11,69.3,1386.44,138.55,8.04,0
15,2013-01-11,1,3.80,4387.53,13895.83,8.39,31.8,1966.82,138.61,8.04,0
15,2013-01-18,2,3.80,3232.34,3900.31,1.56,120.39,1329.63,138.67,8.04,0
15,2013-01-25,-7,3.78,4004.91,1942.15,0.4,280.72,1543.9,138.73,8.04,0
15,2013-02-01,-1,3.81,10356.61,1601.66,341.8,15824.52,830.83,138.80,8.04,0
15,2013-02-08,-6,3.95,46932.68,630.88,213.16,16829.47,2976.96,138.86,8.04,1
15,2013-02-15,-1,4.01,5533.97,1314.4,1.24,2895.82,4712.81,138.90,8.04,0
15,2013-02-22,-5,4.05,6722.29,1209.95,200.8,1397.74,1421.09,138.88,8.04,0
15,2013-03-01,1,4.08,5780.05,246.9,1.2,985.73,1522.27,138.87,8.04,0
15,2013-03-08,-2,4.05,14988.68,145.72,6.83,5322.62,2893.24,138.85,8.04,0
15,2013-03-15,3,4.03,12946.87,0,2.62,664.28,942.8,138.86,8.04,0
15,2013-03-22,-3,4.00,13425.03,0,942,857.45,1733.1,138.93,8.04,0
15,2013-03-29,2,3.98,6907.06,0,1031.68,107.87,2419.35,138.99,8.04,0
15,2013-04-05,3,3.95,10253.67,2141.9,344.22,1311.21,1921.28,139.06,7.81,0
15,2013-04-12,6,3.91,5391.36,890.83,40.98,876.71,1188.55,139.12,7.81,0
15,2013-04-19,10,3.88,1934.68,111.95,80,72.55,284.57,139.12,7.81,0
15,2013-04-26,8,3.81,841.4,0,67.3,79.04,925.61,139.12,7.81,0
15,2013-05-03,15,3.78,4421.68,46,82.63,1683.9,700.46,NULL,NULL,0
15,2013-05-10,16,3.76,7298.44,462.7,15.9,1893.69,4727.12,NULL,NULL,0
15,2013-05-17,11,3.79,5745.98,717.28,16,713.41,3765.65,NULL,NULL,0
15,2013-05-24,17,3.79,2555.11,389.3,502.18,1072.48,2001.61,NULL,NULL,0
15,2013-05-31,16,3.81,4643.11,545.56,0,63.03,466.43,NULL,NULL,0
15,2013-06-07,17,3.79,7883.89,1378.88,120,2637.43,3925.2,NULL,NULL,0
15,2013-06-14,16,3.80,3433.45,553.69,360,1766.04,1101.76,NULL,NULL,0
15,2013-06-21,17,3.79,4012.81,382.38,143.8,3941.85,1869,NULL,NULL,0
15,2013-06-28,23,3.80,4599.86,858.14,6.5,2999.23,2917.28,NULL,NULL,0
15,2013-07-05,21,3.78,4855.31,3222.6,794.97,6559.5,1052.94,NULL,NULL,0
15,2013-07-12,23,3.79,3679.59,2654.86,34.5,2044.8,979.49,NULL,NULL,0
15,2013-07-19,26,3.91,2569.12,3236.27,192.44,259.52,1108.48,NULL,NULL,0
15,2013-07-26,20,3.95,312.11,1754.52,0,130.4,1192.82,NULL,NULL,0
16,2010-02-05,-7,2.58,0,0,0,0,0,189.38,7.04,0
16,2010-02-12,-6,2.57,0,0,0,0,0,189.46,7.04,1
16,2010-02-19,-6,2.55,0,0,0,0,0,189.53,7.04,0
16,2010-02-26,-8,2.59,0,0,0,0,0,189.60,7.04,0
16,2010-03-05,-2,2.62,0,0,0,0,0,189.67,7.04,0
16,2010-03-12,-2,2.68,0,0,0,0,0,189.74,7.04,0
16,2010-03-19,1,2.69,0,0,0,0,0,189.73,7.04,0
16,2010-03-26,-1,2.72,0,0,0,0,0,189.72,7.04,0
16,2010-04-02,2,2.73,0,0,0,0,0,189.70,6.84,0
16,2010-04-09,1,2.75,0,0,0,0,0,189.69,6.84,0
16,2010-04-16,8,2.77,0,0,0,0,0,189.66,6.84,0
16,2010-04-23,7,2.78,0,0,0,0,0,189.62,6.84,0
16,2010-04-30,3,2.77,0,0,0,0,0,189.58,6.84,0
16,2010-05-07,3,2.77,0,0,0,0,0,189.53,6.84,0
16,2010-05-14,5,2.79,0,0,0,0,0,189.49,6.84,0
16,2010-05-21,9,2.78,0,0,0,0,0,189.47,6.84,0
16,2010-05-28,11,2.74,0,0,0,0,0,189.45,6.84,0
16,2010-06-04,12,2.70,0,0,0,0,0,189.42,6.84,0
16,2010-06-11,17,2.68,0,0,0,0,0,189.40,6.84,0
16,2010-06-18,11,2.67,0,0,0,0,0,189.42,6.84,0
16,2010-06-25,17,2.72,0,0,0,0,0,189.45,6.84,0
16,2010-07-02,18,2.73,0,0,0,0,0,189.49,6.87,0
16,2010-07-09,17,2.71,0,0,0,0,0,189.52,6.87,0
16,2010-07-16,20,2.70,0,0,0,0,0,189.61,6.87,0
16,2010-07-23,21,2.69,0,0,0,0,0,189.77,6.87,0
16,2010-07-30,22,2.69,0,0,0,0,0,189.94,6.87,0
16,2010-08-06,20,2.69,0,0,0,0,0,190.10,6.87,0
16,2010-08-13,18,2.72,0,0,0,0,0,190.26,6.87,0
16,2010-08-20,18,2.73,0,0,0,0,0,190.29,6.87,0
16,2010-08-27,19,2.73,0,0,0,0,0,190.33,6.87,0
16,2010-09-03,14,2.77,0,0,0,0,0,190.36,6.87,0
16,2010-09-10,14,2.78,0,0,0,0,0,190.40,6.87,1
16,2010-09-17,14,2.80,0,0,0,0,0,190.47,6.87,0
16,2010-09-24,15,2.79,0,0,0,0,0,190.57,6.87,0
16,2010-10-01,15,2.76,0,0,0,0,0,190.67,6.99,0
16,2010-10-08,12,2.75,0,0,0,0,0,190.78,6.99,0
16,2010-10-15,7,2.76,0,0,0,0,0,190.86,6.99,0
16,2010-10-22,8,2.76,0,0,0,0,0,190.91,6.99,0
16,2010-10-29,2,2.75,0,0,0,0,0,190.95,6.99,0
16,2010-11-05,4,2.73,0,0,0,0,0,191.00,6.99,0
16,2010-11-12,1,2.74,0,0,0,0,0,191.04,6.99,0
16,2010-11-19,-3,2.76,0,0,0,0,0,191.03,6.99,0
16,2010-11-26,-5,2.74,0,0,0,0,0,191.01,6.99,1
16,2010-12-03,-5,2.71,0,0,0,0,0,190.99,6.99,0
16,2010-12-10,0,2.73,0,0,0,0,0,190.97,6.99,0
16,2010-12-17,-3,2.78,0,0,0,0,0,191.03,6.99,0
16,2010-12-24,0,2.78,0,0,0,0,0,191.14,6.99,0
16,2010-12-31,-7,2.83,0,0,0,0,0,191.26,6.99,1
16,2011-01-07,-11,2.88,0,0,0,0,0,191.37,6.61,0
16,2011-01-14,-8,2.91,0,0,0,0,0,191.48,6.61,0
16,2011-01-21,-2,2.97,0,0,0,0,0,191.57,6.61,0
16,2011-01-28,-6,3.01,0,0,0,0,0,191.67,6.61,0
16,2011-02-04,-10,3.01,0,0,0,0,0,191.76,6.61,0
16,2011-02-11,-9,3.04,0,0,0,0,0,191.86,6.61,1
16,2011-02-18,-3,3.05,0,0,0,0,0,191.92,6.61,0
16,2011-02-25,-3,3.10,0,0,0,0,0,191.96,6.61,0
16,2011-03-04,0,3.23,0,0,0,0,0,192.01,6.61,0
16,2011-03-11,-1,3.37,0,0,0,0,0,192.06,6.61,0
16,2011-03-18,3,3.41,0,0,0,0,0,192.12,6.61,0
16,2011-03-25,0,3.41,0,0,0,0,0,192.20,6.61,0
16,2011-04-01,2,3.46,0,0,0,0,0,192.27,6.34,0
16,2011-04-08,3,3.53,0,0,0,0,0,192.34,6.34,0
16,2011-04-15,1,3.61,0,0,0,0,0,192.42,6.34,0
16,2011-04-22,5,3.64,0,0,0,0,0,192.52,6.34,0
16,2011-04-29,3,3.66,0,0,0,0,0,192.62,6.34,0
16,2011-05-06,4,3.74,0,0,0,0,0,192.73,6.34,0
16,2011-05-13,6,3.77,0,0,0,0,0,192.83,6.34,0
16,2011-05-20,7,3.83,0,0,0,0,0,192.83,6.34,0
16,2011-05-27,7,3.80,0,0,0,0,0,192.84,6.34,0
16,2011-06-03,12,3.76,0,0,0,0,0,192.84,6.34,0
16,2011-06-10,13,3.74,0,0,0,0,0,192.85,6.34,0
16,2011-06-17,15,3.70,0,0,0,0,0,192.90,6.34,0
16,2011-06-24,12,3.66,0,0,0,0,0,193.00,6.34,0
16,2011-07-01,18,3.60,0,0,0,0,0,193.09,6.34,0
16,2011-07-08,18,3.54,0,0,0,0,0,193.19,6.34,0
16,2011-07-15,18,3.53,0,0,0,0,0,193.31,6.34,0
16,2011-07-22,19,3.55,0,0,0,0,0,193.51,6.34,0
16,2011-07-29,19,3.55,0,0,0,0,0,193.71,6.34,0
16,2011-08-05,18,3.55,0,0,0,0,0,193.91,6.34,0
16,2011-08-12,19,3.54,0,0,0,0,0,194.11,6.34,0
16,2011-08-19,20,3.50,0,0,0,0,0,194.25,6.34,0
16,2011-08-26,20,3.49,0,0,0,0,0,194.38,6.34,0
16,2011-09-02,17,3.51,0,0,0,0,0,194.51,6.34,0
16,2011-09-09,14,3.57,0,0,0,0,0,194.64,6.34,1
16,2011-09-16,12,3.60,0,0,0,0,0,194.74,6.34,0
16,2011-09-23,10,3.58,0,0,0,0,0,194.81,6.34,0
16,2011-09-30,14,3.54,0,0,0,0,0,194.88,6.34,0
16,2011-10-07,9,3.50,0,0,0,0,0,194.95,6.23,0
16,2011-10-14,4,3.49,0,0,0,0,0,195.03,6.23,0
16,2011-10-21,8,3.55,0,0,0,0,0,195.18,6.23,0
16,2011-10-28,6,3.55,0,0,0,0,0,195.33,6.23,0
16,2011-11-04,1,3.53,0,0,0,0,0,195.48,6.23,0
16,2011-11-11,-1,3.51,5042.4,2193.04,200.11,3309.98,2743.18,195.64,6.23,0
16,2011-11-18,0,3.48,2089.46,154.21,3.55,830.6,4425.07,195.72,6.23,0
16,2011-11-25,0,3.42,90.28,126.47,34754.69,24.64,1560.32,195.77,6.23,1
16,2011-12-02,-2,3.38,516.47,61,944.52,9,7124.75,195.82,6.23,0
16,2011-12-09,-10,3.33,2229.52,28,73.7,1696.73,6465.69,195.87,6.23,0
16,2011-12-16,-5,3.27,2801.5,0,99.57,422.6,2684.19,195.98,6.23,0
16,2011-12-23,-6,3.17,485,0.18,475.6,16.2,960.85,196.17,6.23,0
16,2011-12-30,-4,3.12,921.67,11778.68,101.87,272.51,1673.25,196.36,6.23,1
16,2012-01-06,-3,3.10,443.59,5524.49,15.7,35.25,3296.96,196.55,6.16,0
16,2012-01-13,-7,3.08,1353.58,2551.73,0.24,289.67,1899.49,196.73,6.16,0
16,2012-01-20,-2,3.06,2087.19,1399.47,5.58,75.83,4742.74,196.78,6.16,0
16,2012-01-27,-2,3.04,612.01,1011.32,0,8.41,2482.91,196.83,6.16,0
16,2012-02-03,-4,3.03,32702.46,747.82,2.39,8063.07,2940.68,196.87,6.16,0
16,2012-02-10,-5,3.10,7247.14,985.13,0.45,9481.58,6298.1,196.92,6.16,1
16,2012-02-17,0,3.11,5656.83,2712.39,0,2883.67,4484.79,196.94,6.16,0
16,2012-02-24,-3,3.13,12120.37,2778.82,0,1634.92,4210.7,196.95,6.16,0
16,2012-03-02,-5,3.19,8501.55,871.52,0,2066.16,3207.63,196.96,6.16,0
16,2012-03-09,-2,3.29,5302.57,557.02,3.17,5974.36,3037.04,196.96,6.16,0
16,2012-03-16,3,3.49,3501.15,0.3,1.33,1396.55,1515.46,197.05,6.16,0
16,2012-03-23,4,3.66,1462.21,2.5,4.43,367.45,1256.65,197.23,6.16,0
16,2012-03-30,9,3.75,3404.77,0,5,188.8,1133.72,197.41,6.16,0
16,2012-04-06,9,3.85,7612.73,0,43.82,897.11,5294.18,197.60,6.17,0
16,2012-04-13,8,3.90,3532.73,1368.42,22,214.95,1983.5,197.78,6.17,0
16,2012-04-20,6,3.94,2479.18,582.08,22.92,558.25,1659.22,197.72,6.17,0
16,2012-04-27,15,3.93,3351.91,205.74,16.41,366.79,2049.94,197.66,6.17,0
16,2012-05-04,11,3.90,3332.89,0,35.34,766.61,2282.68,197.61,6.17,0
16,2012-05-11,12,3.87,4814.92,0,61.11,343.64,837.48,197.55,6.17,0
16,2012-05-18,14,3.84,5303.48,0,96.9,765.65,2341.97,197.56,6.17,0
16,2012-05-25,14,3.80,990.24,0,123.98,321.46,1405.5,197.59,6.17,0
16,2012-06-01,15,3.76,4078.25,22.4,60.41,98.46,968.96,197.62,6.17,0
16,2012-06-08,19,3.74,3644.68,37.2,63.9,611.78,5520.95,197.66,6.17,0
16,2012-06-15,19,3.72,7027.33,141.8,125.91,642.76,1980.96,197.69,6.17,0
16,2012-06-22,21,3.74,1291.33,201,0.27,696.47,1682.13,197.74,6.17,0
16,2012-06-29,25,3.69,731.74,107.4,0,455.32,1375.35,197.79,6.17,0
16,2012-07-06,21,3.65,1559.36,68.8,13.1,420.62,6013.75,197.83,6.06,0
16,2012-07-13,21,3.61,2375.53,17.9,2.07,983.3,1834.23,197.88,6.06,0
16,2012-07-20,20,3.59,1115.42,105.35,4.69,196.54,948.69,197.93,6.06,0
16,2012-07-27,21,3.57,589.03,31.77,0,855.31,1457.52,197.98,6.06,0
16,2012-08-03,20,3.53,4801.46,0,0,3030.35,2945.89,198.03,6.06,0
16,2012-08-10,21,3.51,7036.67,11.2,11,3031.99,2296.61,198.08,6.06,0
16,2012-08-17,17,3.55,408.1,0,1.1,870.38,604.8,198.10,6.06,0
16,2012-08-24,16,3.56,1556.47,16,3.34,869.05,1691.12,198.10,6.06,0
16,2012-08-31,18,3.56,8702.4,0,35.78,3576.08,4493.67,198.10,6.06,0
16,2012-09-07,16,3.60,2291.22,-9.98,37.43,411.53,1576.74,198.10,6.06,1
16,2012-09-14,14,3.66,5323.84,0,9.3,1307.03,4474.84,198.13,6.06,0
16,2012-09-21,14,3.77,3913.62,1.91,0,143.35,5661,198.36,6.06,0
16,2012-09-28,11,3.79,2130.57,3.82,0,583.9,1409.43,198.59,6.06,0
16,2012-10-05,10,3.78,2228.83,0,23.32,1534.31,4451.29,198.82,5.85,0
16,2012-10-12,6,3.76,522.32,0,11.09,40.2,5247.6,199.05,5.85,0
16,2012-10-19,5,3.75,1278.03,0,1.16,16.38,1395.48,199.15,5.85,0
16,2012-10-26,5,3.69,2285.52,20.48,0,201.97,1237.41,199.22,5.85,0
16,2012-11-02,3,3.60,2826.02,984.41,4.46,274.18,1411.99,199.29,5.85,0
16,2012-11-09,4,3.55,1847.47,3777.37,7.06,465.91,4759.49,199.36,5.85,0
16,2012-11-16,-2,3.48,8467.46,640.26,20.16,569.67,4791.12,199.43,5.85,0
16,2012-11-23,2,3.45,150.45,0,36887.82,70.74,661.71,199.50,5.85,1
16,2012-11-30,0,3.44,1457.1,0,8316.95,93.4,6105.11,199.56,5.85,0
16,2012-12-07,1,3.37,2954.7,0,73,230.36,6514.19,199.63,5.85,0
16,2012-12-14,-4,3.30,286.92,0,25.94,21.88,786.11,199.72,5.85,0
16,2012-12-21,-6,3.22,2714.42,0,25,20.64,1551.56,199.94,5.85,0
16,2012-12-28,-8,3.11,4541.46,7686.78,160,142.2,714.38,200.17,5.85,1
16,2013-01-04,-13,3.03,702.74,8630.01,16.6,115.54,1274.24,200.39,5.42,0
16,2013-01-11,-8,2.96,2134.52,4962.66,7.77,16.76,2543.65,200.62,5.42,0
16,2013-01-18,-13,2.89,4085.38,1448.73,2.46,1632,1818.7,200.74,5.42,0
16,2013-01-25,-6,2.87,5069.98,207.53,0.1,551.55,1490.43,200.82,5.42,0
16,2013-02-01,-2,3.00,2601.39,279.07,91.8,1988.48,1318.85,200.89,5.42,0
16,2013-02-08,-4,3.21,29842.81,247.22,61.72,16268.99,2222.53,200.97,5.42,1
16,2013-02-15,-6,3.39,7170.69,398.83,0.24,2613.16,3184.65,201.04,5.42,0
16,2013-02-22,-5,3.56,4852.98,246.22,0,3283.14,2724.32,201.10,5.42,0
16,2013-03-01,-7,3.64,1036.49,186.48,1.6,27.91,776.27,201.15,5.42,0
16,2013-03-08,0,3.62,8077.03,48.38,21.01,1029.14,1659.9,201.21,5.42,0
16,2013-03-15,1,3.61,4820.89,0,3.67,453.4,991.83,201.24,5.42,0
16,2013-03-22,0,3.61,4590.76,0,689,425.27,908.52,201.20,5.42,0
16,2013-03-29,0,3.61,3664.58,0,445.12,95.17,1338.01,201.16,5.42,0
16,2013-04-05,5,3.63,4260.6,2.25,179.82,209.59,2179.82,201.11,5.32,0
16,2013-04-12,0,3.64,1777.31,17.29,27.59,157.47,1318.61,201.07,5.32,0
16,2013-04-19,-1,3.60,1465.98,0,54.52,109.89,2498.49,201.07,5.32,0
16,2013-04-26,2,3.57,353.74,0,88,0,1008.38,201.07,5.32,0
16,2013-05-03,5,3.57,1006.27,0,13.21,542.17,662.68,NULL,NULL,0
16,2013-05-10,6,3.61,4679.77,71,29.76,349.92,2483.48,NULL,NULL,0
16,2013-05-17,12,3.70,3793.38,102.94,3.1,253.87,5265.79,NULL,NULL,0
16,2013-05-24,9,3.88,1712.21,78.88,47.28,436.66,1598.51,NULL,NULL,0
16,2013-05-31,10,3.87,1917.54,111.2,64.94,0,1066.74,NULL,NULL,0
16,2013-06-07,12,3.83,2327.36,244.2,53.8,893.67,2480.14,NULL,NULL,0
16,2013-06-14,18,3.80,2439.69,162.03,181,1625.55,1115.95,NULL,NULL,0
16,2013-06-21,16,3.74,3741.21,69.66,107.6,619.27,2491.84,NULL,NULL,0
16,2013-06-28,18,3.69,2159.6,421.95,1.2,625.71,1502.47,NULL,NULL,0
16,2013-07-05,19,3.64,2358.72,336.52,58.44,774.74,1497.5,NULL,NULL,0
16,2013-07-12,20,3.58,1074.06,63.63,56.58,1510.37,1317.28,NULL,NULL,0
16,2013-07-19,19,3.59,273.86,84.13,0,1.94,914.66,NULL,NULL,0
16,2013-07-26,20,3.58,375.42,102.26,0,272.07,1795.21,NULL,NULL,0
17,2010-02-05,-5,2.67,0,0,0,0,0,126.44,6.55,0
17,2010-02-12,-8,2.67,0,0,0,0,0,126.50,6.55,1
17,2010-02-19,-4,2.65,0,0,0,0,0,126.53,6.55,0
17,2010-02-26,-9,2.67,0,0,0,0,0,126.55,6.55,0
17,2010-03-05,0,2.68,0,0,0,0,0,126.58,6.55,0
17,2010-03-12,-1,2.73,0,0,0,0,0,126.60,6.55,0
17,2010-03-19,1,2.78,0,0,0,0,0,126.61,6.55,0
17,2010-03-26,2,2.82,0,0,0,0,0,126.61,6.55,0
17,2010-04-02,3,2.84,0,0,0,0,0,126.60,6.64,0
17,2010-04-09,1,2.88,0,0,0,0,0,126.60,6.64,0
17,2010-04-16,7,2.92,0,0,0,0,0,126.56,6.64,0
17,2010-04-23,11,2.94,0,0,0,0,0,126.47,6.64,0
17,2010-04-30,7,2.94,0,0,0,0,0,126.38,6.64,0
17,2010-05-07,5,2.95,0,0,0,0,0,126.29,6.64,0
17,2010-05-14,8,2.96,0,0,0,0,0,126.21,6.64,0
17,2010-05-21,12,2.95,0,0,0,0,0,126.18,6.64,0
17,2010-05-28,9,2.91,0,0,0,0,0,126.16,6.64,0
17,2010-06-04,12,2.87,0,0,0,0,0,126.14,6.64,0
17,2010-06-11,14,2.84,0,0,0,0,0,126.11,6.64,0
17,2010-06-18,13,2.82,0,0,0,0,0,126.11,6.64,0
17,2010-06-25,17,2.82,0,0,0,0,0,126.13,6.64,0
17,2010-07-02,21,2.81,0,0,0,0,0,126.14,6.70,0
17,2010-07-09,17,2.80,0,0,0,0,0,126.15,6.70,0
17,2010-07-16,19,2.79,0,0,0,0,0,126.15,6.70,0
17,2010-07-23,21,2.80,0,0,0,0,0,126.13,6.70,0
17,2010-07-30,21,2.80,0,0,0,0,0,126.11,6.70,0
17,2010-08-06,21,2.80,0,0,0,0,0,126.09,6.70,0
17,2010-08-13,18,2.84,0,0,0,0,0,126.06,6.70,0
17,2010-08-20,19,2.85,0,0,0,0,0,126.08,6.70,0
17,2010-08-27,18,2.85,0,0,0,0,0,126.09,6.70,0
17,2010-09-03,14,2.87,0,0,0,0,0,126.10,6.70,0
17,2010-09-10,13,2.87,0,0,0,0,0,126.11,6.70,1
17,2010-09-17,15,2.88,0,0,0,0,0,126.15,6.70,0
17,2010-09-24,15,2.87,0,0,0,0,0,126.19,6.70,0
17,2010-10-01,16,2.85,0,0,0,0,0,126.23,6.89,0
17,2010-10-08,14,2.84,0,0,0,0,0,126.28,6.89,0
17,2010-10-15,9,2.85,0,0,0,0,0,126.33,6.89,0
17,2010-10-22,9,2.85,0,0,0,0,0,126.38,6.89,0
17,2010-10-29,4,2.84,0,0,0,0,0,126.44,6.89,0
17,2010-11-05,6,2.83,0,0,0,0,0,126.49,6.89,0
17,2010-11-12,2,2.83,0,0,0,0,0,126.55,6.89,0
17,2010-11-19,2,2.84,0,0,0,0,0,126.61,6.89,0
17,2010-11-26,-7,2.83,0,0,0,0,0,126.67,6.89,1
17,2010-12-03,-5,2.81,0,0,0,0,0,126.73,6.89,0
17,2010-12-10,0,2.82,0,0,0,0,0,126.79,6.89,0
17,2010-12-17,-4,2.84,0,0,0,0,0,126.88,6.89,0
17,2010-12-24,-3,2.85,0,0,0,0,0,126.98,6.89,0
17,2010-12-31,-6,2.87,0,0,0,0,0,127.09,6.89,1
17,2011-01-07,-14,2.89,0,0,0,0,0,127.19,6.87,0
17,2011-01-14,-9,2.90,0,0,0,0,0,127.30,6.87,0
17,2011-01-21,-3,2.93,0,0,0,0,0,127.44,6.87,0
17,2011-01-28,-5,2.96,0,0,0,0,0,127.58,6.87,0
17,2011-02-04,-12,2.97,0,0,0,0,0,127.72,6.87,0
17,2011-02-11,-10,3.03,0,0,0,0,0,127.86,6.87,1
17,2011-02-18,-3,3.06,0,0,0,0,0,128.00,6.87,0
17,2011-02-25,-4,3.12,0,0,0,0,0,128.13,6.87,0
17,2011-03-04,-4,3.23,0,0,0,0,0,128.26,6.87,0
17,2011-03-11,0,3.35,0,0,0,0,0,128.40,6.87,0
17,2011-03-18,1,3.41,0,0,0,0,0,128.51,6.87,0
17,2011-03-25,3,3.44,0,0,0,0,0,128.62,6.87,0
17,2011-04-01,4,3.49,0,0,0,0,0,128.72,6.77,0
17,2011-04-08,4,3.55,0,0,0,0,0,128.82,6.77,0
17,2011-04-15,4,3.62,0,0,0,0,0,128.91,6.77,0
17,2011-04-22,6,3.66,0,0,0,0,0,128.96,6.77,0
17,2011-04-29,5,3.68,0,0,0,0,0,129.00,6.77,0
17,2011-05-06,8,3.74,0,0,0,0,0,129.04,6.77,0
17,2011-05-13,10,3.77,0,0,0,0,0,129.09,6.77,0
17,2011-05-20,11,3.80,0,0,0,0,0,129.08,6.77,0
17,2011-05-27,11,3.78,0,0,0,0,0,129.06,6.77,0
17,2011-06-03,10,3.75,0,0,0,0,0,129.05,6.77,0
17,2011-06-10,13,3.73,0,0,0,0,0,129.04,6.77,0
17,2011-06-17,14,3.70,0,0,0,0,0,129.04,6.77,0
17,2011-06-24,16,3.67,0,0,0,0,0,129.07,6.77,0
17,2011-07-01,20,3.61,0,0,0,0,0,129.09,6.75,0
17,2011-07-08,21,3.56,0,0,0,0,0,129.11,6.75,0
17,2011-07-15,20,3.55,0,0,0,0,0,129.13,6.75,0
17,2011-07-22,21,3.56,0,0,0,0,0,129.15,6.75,0
17,2011-07-29,20,3.57,0,0,0,0,0,129.17,6.75,0
17,2011-08-05,19,3.60,0,0,0,0,0,129.18,6.75,0
17,2011-08-12,18,3.61,0,0,0,0,0,129.20,6.75,0
17,2011-08-19,20,3.58,0,0,0,0,0,129.24,6.75,0
17,2011-08-26,22,3.57,0,0,0,0,0,129.28,6.75,0
17,2011-09-02,21,3.58,0,0,0,0,0,129.33,6.75,0
17,2011-09-09,17,3.62,0,0,0,0,0,129.37,6.75,1
17,2011-09-16,16,3.64,0,0,0,0,0,129.43,6.75,0
17,2011-09-23,14,3.65,0,0,0,0,0,129.52,6.75,0
17,2011-09-30,16,3.62,0,0,0,0,0,129.61,6.75,0
17,2011-10-07,12,3.59,0,0,0,0,0,129.69,6.62,0
17,2011-10-14,9,3.57,0,0,0,0,0,129.77,6.62,0
17,2011-10-21,8,3.58,0,0,0,0,0,129.78,6.62,0
17,2011-10-28,5,3.57,0,0,0,0,0,129.79,6.62,0
17,2011-11-04,3,3.54,0,0,0,0,0,129.81,6.62,0
17,2011-11-11,-2,3.51,3935,4172.99,225.67,2515.61,3009.79,129.82,6.62,0
17,2011-11-18,1,3.49,6004.88,247.29,32.39,653.49,4391.01,129.83,6.62,0
17,2011-11-25,0,3.45,310.16,181.17,62095.85,106.24,1292.3,129.84,6.62,1
17,2011-12-02,-3,3.39,5562.36,222.94,16380.88,2303.32,17707.05,129.85,6.62,0
17,2011-12-09,-8,3.34,8530.15,0,29.6,840.04,6700.99,129.86,6.62,0
17,2011-12-16,-6,3.28,3356.86,0.03,38.78,1286.21,2618.88,129.90,6.62,0
17,2011-12-23,-7,3.19,945.5,35.63,1077.82,57.64,2404.82,129.98,6.62,0
17,2011-12-30,-3,3.12,4439.21,42391.85,120.08,1366.9,2383.67,130.07,6.62,1
17,2012-01-06,-2,3.08,5185.45,12090.5,33.9,1490.06,4832.68,130.16,6.40,0
17,2012-01-13,-7,3.06,1552.86,3911.73,0.52,542.24,1709.97,130.24,6.40,0
17,2012-01-20,-3,3.05,1461.59,577.33,0,442.39,1407.74,130.28,6.40,0
17,2012-01-27,-1,3.06,1834.7,684.22,0,118,1109.1,130.31,6.40,0
17,2012-02-03,-3,3.08,32793.78,5509.47,38.96,35785.26,4518.58,130.35,6.40,0
17,2012-02-10,-5,3.12,5658.48,13498.72,16.27,4292.59,6008.71,130.38,6.40,1
17,2012-02-17,-1,3.12,10862.6,14264.11,2.64,8459.96,4740.08,130.45,6.40,0
17,2012-02-24,-1,3.15,8628.93,3368.34,0,3876.56,4378.82,130.55,6.40,0
17,2012-03-02,-3,3.24,14469.08,1163.89,37.38,8771.3,2237.79,130.65,6.40,0
17,2012-03-09,0,3.38,3944.86,104.91,2.16,550.85,3717.62,130.74,6.40,0
17,2012-03-16,6,3.53,6373.65,46.13,1.02,1938.3,1278.79,130.83,6.40,0
17,2012-03-23,5,3.67,5060.41,42.99,0,315.1,1399.39,130.90,6.40,0
17,2012-03-30,7,3.73,8337.43,74.41,6,418.13,3444.54,130.97,6.40,0
17,2012-04-06,7,3.79,11072.17,0,43.74,2299.75,4192.05,131.04,6.24,0
17,2012-04-13,8,3.83,2328.03,6989.17,3.6,895.75,1545.65,131.11,6.24,0
17,2012-04-20,9,3.85,2570.29,1288.35,2.1,341.52,2157.85,131.12,6.24,0
17,2012-04-27,15,3.84,1832.86,0,1.62,8.94,2211.39,131.13,6.24,0
17,2012-05-04,9,3.83,10140.57,0,181.65,2709.84,1859.33,131.14,6.24,0
17,2012-05-11,10,3.81,6288.63,0,22.59,997.55,1266.73,131.15,6.24,0
17,2012-05-18,15,3.81,3847.57,0,92.93,1216.19,2403,131.10,6.24,0
17,2012-05-25,13,3.80,5528.92,0,71.81,595.85,2754.3,131.03,6.24,0
17,2012-06-01,12,3.79,3996.22,25,31.8,1667.66,881.3,130.96,6.24,0
17,2012-06-08,16,3.78,6233.58,140.2,328.34,763.88,4501.73,130.89,6.24,0
17,2012-06-15,14,3.76,6069.6,147,0.18,1949.47,1373.68,130.83,6.24,0
17,2012-06-22,17,3.74,3500.33,466.98,0,1789.53,2980.58,130.79,6.24,0
17,2012-06-29,22,3.68,2895.23,281.3,0,357.75,1195.05,130.76,6.24,0
17,2012-07-06,21,3.63,9824.36,128,25.38,3990.35,3618.23,130.72,5.94,0
17,2012-07-13,23,3.60,5814.57,64.9,0.18,1807.43,1705.19,130.68,5.94,0
17,2012-07-20,21,3.56,2836.48,34.2,20.25,738.75,1189.5,130.70,5.94,0
17,2012-07-27,23,3.54,4345.01,57.6,7.79,3965.83,6114.63,130.72,5.94,0
17,2012-08-03,23,3.51,13721.83,56.6,8.34,12343.79,1797.84,130.74,5.94,0
17,2012-08-10,23,3.51,3711.96,9.2,4.42,2316.51,1613.36,130.76,5.94,0
17,2012-08-17,22,3.55,1833.19,5.6,0.81,1344.67,1707.05,130.79,5.94,0
17,2012-08-24,20,3.58,3255.74,6,50.17,3022.22,3782.36,130.84,5.94,0
17,2012-08-31,20,3.62,11235.99,0,2.73,3648.33,1964.35,130.89,5.94,0
17,2012-09-07,17,3.69,13396.45,0,18.08,1299.65,1333.12,130.93,5.94,1
17,2012-09-14,15,3.75,5620.89,0,13.95,260.46,4585.25,130.98,5.94,0
17,2012-09-21,15,3.82,6035.13,1.91,14.5,859.64,6132.91,131.01,5.94,0
17,2012-09-28,14,3.82,4716.69,0,9,1925.91,1643.33,131.04,5.94,0
17,2012-10-05,12,3.82,3029.6,0,0,2246.04,3033.47,131.08,5.53,0
17,2012-10-12,7,3.80,1171.21,0,3.58,371.84,3776.18,131.11,5.53,0
17,2012-10-19,9,3.78,708.27,0,1.4,14.01,1328.57,131.15,5.53,0
17,2012-10-26,4,3.76,5593.69,112.2,0,134.13,748.23,131.19,5.53,0
17,2012-11-02,6,3.70,7478.97,8749.51,17.92,2157.65,851.55,131.24,5.53,0
17,2012-11-09,6,3.66,21255.03,8427.53,25.52,556.83,1809.12,131.28,5.53,0
17,2012-11-16,-2,3.61,7925.53,35.84,86.23,505.53,4800.52,131.33,5.53,0
17,2012-11-23,4,3.56,1078.12,0,95047.19,278.16,197.98,131.38,5.53,1
17,2012-11-30,1,3.52,1963.55,0,3244.1,138.15,6126.74,131.43,5.53,0
17,2012-12-07,4,3.46,6489.6,0,245,625.01,9873.61,131.48,5.53,0
17,2012-12-14,-1,3.38,1744.74,0,47,54.18,984.26,131.54,5.53,0
17,2012-12-21,-5,3.26,4617.06,0,211,13.76,1754.77,131.64,5.53,0
17,2012-12-28,-4,3.15,11343.3,32976.15,265.2,80.35,658.71,131.75,5.53,1
17,2013-01-04,-16,3.07,1878.66,24590.65,9.59,39.47,1809.83,131.85,5.28,0
17,2013-01-11,-9,2.98,3734.33,6076.96,5.66,40.81,1252.82,131.96,5.28,0
17,2013-01-18,-18,2.91,3800.17,691.28,3.98,354.12,1362.12,132.03,5.28,0
17,2013-01-25,-12,2.93,2758.83,971.75,0.2,122.23,673.73,132.09,5.28,0
17,2013-02-01,-2,3.03,17447.15,696.14,123.2,26529.19,1695.28,132.15,5.28,0
17,2013-02-08,-3,3.19,72850.3,230.57,172.79,28593.78,4407.64,132.22,5.28,1
17,2013-02-15,-5,3.32,8104.65,1350.4,18.06,2610.48,5087.07,132.27,5.28,0
17,2013-02-22,-4,3.46,6623.86,717.71,11.16,1035.95,2574.72,132.32,5.28,0
17,2013-03-01,-6,3.52,2175.77,22.09,9.6,95.2,704.59,132.37,5.28,0
17,2013-03-08,-1,3.53,16526.87,29.92,52.31,4306.06,6176.34,132.42,5.28,0
17,2013-03-15,2,3.52,8692.55,0,8.7,813.16,981.25,132.47,5.28,0
17,2013-03-22,2,3.52,7266.77,0,2316,643.92,1948,132.53,5.28,0
17,2013-03-29,1,3.52,7629.38,0,622,27.87,1336.41,132.59,5.28,0
17,2013-04-05,9,3.55,9204.71,3375.4,160.76,1374.77,1386.85,132.65,5.21,0
17,2013-04-12,5,3.58,3056.54,298.37,56.91,381.14,1908.6,132.72,5.21,0
17,2013-04-19,2,3.56,2457.88,62.25,74.64,239.61,457.84,132.72,5.21,0
17,2013-04-26,6,3.54,1641.7,0,47.2,40.32,484.15,132.72,5.21,0
17,2013-05-03,9,3.54,6547.87,86.96,118.83,1861.64,1332.69,NULL,NULL,0
17,2013-05-10,13,3.54,2928.35,82.96,32.21,438.28,5389.83,NULL,NULL,0
17,2013-05-17,17,3.61,3303.25,83.8,8.06,636.6,3708.61,NULL,NULL,0
17,2013-05-24,11,3.72,4914.05,34.94,498.83,518.74,2859.77,NULL,NULL,0
17,2013-05-31,12,3.77,1494.86,73.3,59.08,77.3,462.12,NULL,NULL,0
17,2013-06-07,15,3.78,8132.18,139.84,121.3,4348,1981.59,NULL,NULL,0
17,2013-06-14,19,3.77,3377.69,278.62,891.2,469.78,1316.6,NULL,NULL,0
17,2013-06-21,16,3.74,3738.14,90.11,179.59,931.31,4749.6,NULL,NULL,0
17,2013-06-28,19,3.73,4265.68,439.36,3,718.88,2876.28,NULL,NULL,0
17,2013-07-05,24,3.70,13086.7,1086.84,591.59,4976.92,1792.37,NULL,NULL,0
17,2013-07-12,21,3.67,5140.83,1419.41,67.81,804.06,1482.83,NULL,NULL,0
17,2013-07-19,22,3.67,1022.5,719.02,110.1,582.92,988.61,NULL,NULL,0
17,2013-07-26,22,3.67,64.25,423.39,11,73.46,921.75,NULL,NULL,0
18,2010-02-05,-6,2.79,0,0,0,0,0,131.53,9.20,0
18,2010-02-12,-3,2.77,0,0,0,0,0,131.59,9.20,1
18,2010-02-19,-1,2.75,0,0,0,0,0,131.64,9.20,0
18,2010-02-26,2,2.75,0,0,0,0,0,131.69,9.20,0
18,2010-03-05,3,2.77,0,0,0,0,0,131.74,9.20,0
18,2010-03-12,6,2.81,0,0,0,0,0,131.78,9.20,0
18,2010-03-19,7,2.83,0,0,0,0,0,131.82,9.20,0
18,2010-03-26,9,2.83,0,0,0,0,0,131.86,9.20,0
18,2010-04-02,8,2.83,0,0,0,0,0,131.90,9.27,0
18,2010-04-09,16,2.85,0,0,0,0,0,131.94,9.27,0
18,2010-04-16,10,2.89,0,0,0,0,0,131.98,9.27,0
18,2010-04-23,10,2.90,0,0,0,0,0,132.02,9.27,0
18,2010-04-30,11,2.94,0,0,0,0,0,132.06,9.27,0
18,2010-05-07,19,2.98,0,0,0,0,0,132.11,9.27,0
18,2010-05-14,10,2.98,0,0,0,0,0,132.15,9.27,0
18,2010-05-21,16,2.96,0,0,0,0,0,132.22,9.27,0
18,2010-05-28,21,2.91,0,0,0,0,0,132.29,9.27,0
18,2010-06-04,21,2.86,0,0,0,0,0,132.36,9.27,0
18,2010-06-11,18,2.83,0,0,0,0,0,132.44,9.27,0
18,2010-06-18,19,2.81,0,0,0,0,0,132.47,9.27,0
18,2010-06-25,23,2.81,0,0,0,0,0,132.50,9.27,0
18,2010-07-02,22,2.82,0,0,0,0,0,132.52,9.34,0
18,2010-07-09,27,2.81,0,0,0,0,0,132.55,9.34,0
18,2010-07-16,25,2.80,0,0,0,0,0,132.57,9.34,0
18,2010-07-23,24,2.78,0,0,0,0,0,132.58,9.34,0
18,2010-07-30,24,2.79,0,0,0,0,0,132.60,9.34,0
18,2010-08-06,23,2.79,0,0,0,0,0,132.61,9.34,0
18,2010-08-13,23,2.81,0,0,0,0,0,132.63,9.34,0
18,2010-08-20,22,2.80,0,0,0,0,0,132.66,9.34,0
18,2010-08-27,19,2.77,0,0,0,0,0,132.69,9.34,0
18,2010-09-03,24,2.74,0,0,0,0,0,132.72,9.34,0
18,2010-09-10,19,2.72,0,0,0,0,0,132.76,9.34,1
18,2010-09-17,16,2.72,0,0,0,0,0,132.77,9.34,0
18,2010-09-24,18,2.72,0,0,0,0,0,132.76,9.34,0
18,2010-10-01,20,2.72,0,0,0,0,0,132.76,9.33,0
18,2010-10-08,13,2.78,0,0,0,0,0,132.75,9.33,0
18,2010-10-15,11,2.88,0,0,0,0,0,132.76,9.33,0
18,2010-10-22,8,2.92,0,0,0,0,0,132.82,9.33,0
18,2010-10-29,13,2.94,0,0,0,0,0,132.87,9.33,0
18,2010-11-05,6,2.94,0,0,0,0,0,132.92,9.33,0
18,2010-11-12,6,2.96,0,0,0,0,0,132.98,9.33,0
18,2010-11-19,7,3.03,0,0,0,0,0,132.92,9.33,0
18,2010-11-26,5,3.07,0,0,0,0,0,132.84,9.33,1
18,2010-12-03,3,3.07,0,0,0,0,0,132.76,9.33,0
18,2010-12-10,-4,3.13,0,0,0,0,0,132.68,9.33,0
18,2010-12-17,-3,3.14,0,0,0,0,0,132.68,9.33,0
18,2010-12-24,-2,3.15,0,0,0,0,0,132.75,9.33,0
18,2010-12-31,-3,3.18,0,0,0,0,0,132.82,9.33,1
18,2011-01-07,-1,3.19,0,0,0,0,0,132.88,9.13,0
18,2011-01-14,-5,3.22,0,0,0,0,0,132.95,9.13,0
18,2011-01-21,-5,3.23,0,0,0,0,0,133.03,9.13,0
18,2011-01-28,-10,3.24,0,0,0,0,0,133.11,9.13,0
18,2011-02-04,-6,3.24,0,0,0,0,0,133.18,9.13,0
18,2011-02-11,-4,3.26,0,0,0,0,0,133.26,9.13,1
18,2011-02-18,0,3.26,0,0,0,0,0,133.37,9.13,0
18,2011-02-25,-3,3.28,0,0,0,0,0,133.49,9.13,0
18,2011-03-04,-2,3.44,0,0,0,0,0,133.61,9.13,0
18,2011-03-11,4,3.60,0,0,0,0,0,133.74,9.13,0
18,2011-03-18,5,3.63,0,0,0,0,0,133.85,9.13,0
18,2011-03-25,3,3.62,0,0,0,0,0,133.96,9.13,0
18,2011-04-01,2,3.64,0,0,0,0,0,134.07,8.98,0
18,2011-04-08,6,3.72,0,0,0,0,0,134.18,8.98,0
18,2011-04-15,10,3.82,0,0,0,0,0,134.28,8.98,0
18,2011-04-22,8,3.92,0,0,0,0,0,134.36,8.98,0
18,2011-04-29,15,3.99,0,0,0,0,0,134.44,8.98,0
18,2011-05-06,12,4.08,0,0,0,0,0,134.51,8.98,0
18,2011-05-13,15,4.10,0,0,0,0,0,134.59,8.98,0
18,2011-05-20,14,4.10,0,0,0,0,0,134.68,8.98,0
18,2011-05-27,18,4.03,0,0,0,0,0,134.77,8.98,0
18,2011-06-03,22,3.97,0,0,0,0,0,134.86,8.98,0
18,2011-06-10,21,3.92,0,0,0,0,0,134.94,8.98,0
18,2011-06-17,17,3.87,0,0,0,0,0,135.08,8.98,0
18,2011-06-24,20,3.85,0,0,0,0,0,135.27,8.98,0
18,2011-07-01,21,3.82,0,0,0,0,0,135.45,8.89,0
18,2011-07-08,23,3.78,0,0,0,0,0,135.63,8.89,0
18,2011-07-15,24,3.83,0,0,0,0,0,135.78,8.89,0
18,2011-07-22,26,3.88,0,0,0,0,0,135.87,8.89,0
18,2011-07-29,23,3.90,0,0,0,0,0,135.96,8.89,0
18,2011-08-05,24,3.90,0,0,0,0,0,136.05,8.89,0
18,2011-08-12,23,3.88,0,0,0,0,0,136.14,8.89,0
18,2011-08-19,21,3.82,0,0,0,0,0,136.18,8.89,0
18,2011-08-26,21,3.80,0,0,0,0,0,136.21,8.89,0
18,2011-09-02,20,3.78,0,0,0,0,0,136.24,8.89,0
18,2011-09-09,20,3.81,0,0,0,0,0,136.27,8.89,1
18,2011-09-16,19,3.81,0,0,0,0,0,136.31,8.89,0
18,2011-09-23,16,3.76,0,0,0,0,0,136.37,8.89,0
18,2011-09-30,21,3.68,0,0,0,0,0,136.42,8.89,0
18,2011-10-07,13,3.63,0,0,0,0,0,136.47,8.47,0
18,2011-10-14,16,3.58,0,0,0,0,0,136.52,8.47,0
18,2011-10-21,13,3.62,0,0,0,0,0,136.50,8.47,0
18,2011-10-28,8,3.60,0,0,0,0,0,136.49,8.47,0
18,2011-11-04,3,3.59,0,0,0,0,0,136.48,8.47,0
18,2011-11-11,8,3.57,15992.53,14793.25,213.79,2921.6,3231.9,136.46,8.47,0
18,2011-11-18,9,3.57,5223.35,1781.71,182.6,1170.74,4346.68,136.47,8.47,0
18,2011-11-25,6,3.54,748.82,46,71366.86,19,577.4,136.48,8.47,1
18,2011-12-02,8,3.50,4614.36,7,1389.17,2419.58,23235.01,136.49,8.47,0
18,2011-12-09,6,3.47,5128.67,10.5,659.34,2773.46,6374.67,136.50,8.47,0
18,2011-12-16,2,3.45,3332.41,2.65,882.11,1350.2,2932.75,136.53,8.47,0
18,2011-12-23,2,3.41,159.95,12.79,2083.28,71.51,2131.65,136.59,8.47,0
18,2011-12-30,0,3.40,3214.22,53296.65,300.74,621.37,1276.08,136.64,8.47,1
18,2012-01-06,0,3.44,6196.77,43731.43,128.45,1653.17,8527.2,136.70,8.08,0
18,2012-01-13,2,3.52,3761.79,22411.4,10.54,807.3,2977.83,136.75,8.08,0
18,2012-01-20,-4,3.54,4209.35,5114.77,3.66,414.31,965.11,136.86,8.08,0
18,2012-01-27,-1,3.57,3237.56,3060.93,0,22.5,653.02,136.96,8.08,0
18,2012-02-03,3,3.63,19499.87,3227,424.44,43570.91,3158.83,137.06,8.08,0
18,2012-02-10,0,3.66,36778.65,4105.7,222.56,16024.01,8840.68,137.17,8.08,1
18,2012-02-17,0,3.70,17875.37,9663.67,2,10433.78,5439.08,137.26,8.08,0
18,2012-02-24,2,3.75,8425.97,10284.14,0,1417.12,3566.91,137.34,8.08,0
18,2012-03-02,1,3.83,26970.65,2430.78,152.58,28367.78,3625.67,137.42,8.08,0
18,2012-03-09,3,3.88,7410.18,368.19,25.46,1852.39,2332.07,137.51,8.08,0
18,2012-03-16,8,3.87,9284.23,167.65,4.93,2554.94,2070.14,137.58,8.08,0
18,2012-03-23,14,3.89,4449.37,237.61,6.53,475.59,2848.63,137.66,8.08,0
18,2012-03-30,7,3.92,13122.32,267.64,6.93,657.56,2566.75,137.73,8.08,0
18,2012-04-06,7,3.96,7879.75,0,43.89,3186.17,5337.91,137.80,8.30,0
18,2012-04-13,9,4.03,5798.35,9592.28,11.72,1492.2,2261.14,137.87,8.30,0
18,2012-04-20,16,4.05,9959.48,11361.33,10.57,203.57,2562.42,137.92,8.30,0
18,2012-04-27,10,4.02,2255.05,5.83,23.93,17.92,1445.88,137.98,8.30,0
18,2012-05-04,10,3.99,13737.74,0,39.54,4131.8,3521.29,138.03,8.30,0
18,2012-05-11,14,3.95,11557.93,0,89.44,1570.63,3911.58,138.09,8.30,0
18,2012-05-18,17,3.90,9525.2,0,70.23,868.98,2396.74,138.11,8.30,0
18,2012-05-25,19,3.85,12179.37,0,251.38,2595.31,1605.36,138.11,8.30,0
18,2012-06-01,22,3.80,13525.26,1.2,36.26,1889.92,1629.62,138.11,8.30,0
18,2012-06-08,15,3.75,9422.6,218,32.42,427.69,6113.61,138.12,8.30,0
18,2012-06-15,19,3.68,6285.43,296.4,0.44,3224.15,2870.91,138.13,8.30,0
18,2012-06-22,22,3.63,8206.82,478.09,1.37,3726.43,4323.55,138.16,8.30,0
18,2012-06-29,21,3.58,4281.61,262.88,0,829.99,2102.06,138.20,8.30,0
18,2012-07-06,24,3.54,7264.07,216.52,104.43,5508.05,4833.1,138.23,8.54,0
18,2012-07-13,24,3.56,6538.92,113.06,0.28,3817.92,959.97,138.26,8.54,0
18,2012-07-20,25,3.61,2316.87,161.52,27.08,525.04,887.18,138.23,8.54,0
18,2012-07-27,23,3.70,4182.36,117.52,5.9,3944.27,4654,138.20,8.54,0
18,2012-08-03,23,3.70,20286.36,66.83,46.62,17046.57,1583.43,138.17,8.54,0
18,2012-08-10,24,3.77,20397.03,134.57,41.72,3800.38,2169.34,138.14,8.54,0
18,2012-08-17,23,3.84,1852.64,70.36,8.9,2345.51,767.44,138.19,8.54,0
18,2012-08-24,20,3.87,842.8,63.4,32.68,460.81,3260.03,138.28,8.54,0
18,2012-08-31,21,3.88,20913.04,7.98,98.98,9800.5,4527.8,138.38,8.54,0
18,2012-09-07,22,3.92,5817.03,3,99.56,346.88,4664.82,138.47,8.54,1
18,2012-09-14,18,3.99,10608.96,0,12.41,1458.55,5520.31,138.57,8.54,0
18,2012-09-21,16,4.06,7820.69,41.64,296.78,1323.47,7158.18,138.65,8.54,0
18,2012-09-28,15,4.02,2247.94,22.73,45.56,2464.93,1640.3,138.74,8.54,0
18,2012-10-05,15,4.03,6366.36,0,27.33,3667.31,3573.44,138.83,8.24,0
18,2012-10-12,11,4.03,2241.19,0,30.08,901.32,3592.56,138.91,8.24,0
18,2012-10-19,11,4.00,1894.83,0,2.24,501.85,1453.25,138.83,8.24,0
18,2012-10-26,13,3.92,5430.61,128.31,50,822.64,969.64,138.73,8.24,0
18,2012-11-02,12,3.82,11861.01,12763.88,61.53,4984.07,1985.24,138.62,8.24,0
18,2012-11-09,3,3.79,4560.54,8508.12,237.68,496.03,2514.94,138.52,8.24,0
18,2012-11-16,7,3.75,9123.17,1617.53,184.59,669.81,3472.72,138.45,8.24,0
18,2012-11-23,2,3.73,1692.83,1.5,78371.54,579.46,449.15,138.42,8.24,1
18,2012-11-30,2,3.71,2490.24,-0.01,4412.81,79.08,4115.57,138.40,8.24,0
18,2012-12-07,3,3.68,5603.21,0,453.79,1406.9,4558.48,138.38,8.24,0
18,2012-12-14,3,3.64,5244.37,0,597.76,1749.06,12417.68,138.37,8.24,0
18,2012-12-21,3,3.57,4385.38,11,128.95,360.69,3697.58,138.43,8.24,0
18,2012-12-28,0,3.56,4937.85,32085.26,102.2,159.64,1227.3,138.49,8.24,1
18,2013-01-04,-5,3.58,6064.73,35695.29,18.86,99.4,1990.99,138.55,7.94,0
18,2013-01-11,0,3.60,3019.84,25411.25,8.52,209.41,1628.16,138.61,7.94,0
18,2013-01-18,2,3.59,13143.28,6165.95,2.42,2168.59,1303.3,138.67,7.94,0
18,2013-01-25,-6,3.58,2438.66,3197.94,1.9,271.65,1333.64,138.73,7.94,0
18,2013-02-01,-2,3.61,28342.64,2968.99,237.52,42822.56,838.37,138.80,7.94,0
18,2013-02-08,-4,3.76,53005.3,1074.17,1611.28,41801.19,3714.86,138.86,7.94,1
18,2013-02-15,-1,3.81,22443.77,13811.84,610,8550.69,3281.44,138.90,7.94,0
18,2013-02-22,-3,3.87,9054.65,7279.71,5.38,2340.66,5418.77,138.88,7.94,0
18,2013-03-01,2,3.89,4463.9,1107.58,2.4,502,1440.78,138.87,7.94,0
18,2013-03-08,1,3.87,23835.52,246.29,66.6,8469.87,2126.06,138.85,7.94,0
18,2013-03-15,4,3.84,7799.82,1.02,17.55,699.37,3594.64,138.86,7.94,0
18,2013-03-22,-1,3.82,4723.25,0,525,2984.31,906.37,138.93,7.94,0
18,2013-03-29,4,3.80,11246.27,0,314.52,254.9,1273.15,138.99,7.94,0
18,2013-04-05,5,3.77,14510.64,7334.26,261.1,2075.33,2048.18,139.06,7.79,0
18,2013-04-12,9,3.72,2466.9,3499.1,42.14,456.36,1263.41,139.12,7.79,0
18,2013-04-19,10,3.68,5404.86,528.52,57.9,125.86,1491.44,139.12,7.79,0
18,2013-04-26,9,3.63,997.18,0,148.27,161.34,1106.58,139.12,7.79,0
18,2013-05-03,13,3.60,7793.73,24,199.02,3398.66,1158.86,NULL,NULL,0
18,2013-05-10,15,3.60,6875.82,508.76,53.73,2003.03,3758.17,NULL,NULL,0
18,2013-05-17,13,3.63,5669.76,314.94,4.78,1540.69,3208.46,NULL,NULL,0
18,2013-05-24,17,3.65,4339.2,97,189.49,1154.43,2393.29,NULL,NULL,0
18,2013-05-31,16,3.67,6308.31,99.13,172.89,238.82,6333.06,NULL,NULL,0
18,2013-06-07,19,3.66,5195.77,300.28,137.35,1648.17,2491.66,NULL,NULL,0
18,2013-06-14,17,3.67,12791.41,136.7,241.56,4399.01,2809.96,NULL,NULL,0
18,2013-06-21,19,3.67,4384.21,159.52,174.24,4437.32,3305.26,NULL,NULL,0
18,2013-06-28,24,3.67,1884.26,178.89,0,264,869.6,NULL,NULL,0
18,2013-07-05,25,3.64,8154.57,731.06,668.11,12012.13,2688.84,NULL,NULL,0
18,2013-07-12,25,3.65,2794.12,277.28,143.33,1786.71,1343.14,NULL,NULL,0
18,2013-07-19,27,3.80,5055.21,291.54,54.1,654.7,1248.79,NULL,NULL,0
18,2013-07-26,23,3.88,1696,208.68,4.2,145.07,377.33,NULL,NULL,0
19,2010-02-05,-6,2.95,0,0,0,0,0,131.53,8.35,0
19,2010-02-12,-5,2.94,0,0,0,0,0,131.59,8.35,1
19,2010-02-19,-2,2.91,0,0,0,0,0,131.64,8.35,0
19,2010-02-26,-1,2.91,0,0,0,0,0,131.69,8.35,0
19,2010-03-05,1,2.92,0,0,0,0,0,131.74,8.35,0
19,2010-03-12,4,2.94,0,0,0,0,0,131.78,8.35,0
19,2010-03-19,7,2.96,0,0,0,0,0,131.82,8.35,0
19,2010-03-26,4,2.96,0,0,0,0,0,131.86,8.35,0
19,2010-04-02,7,2.96,0,0,0,0,0,131.90,8.19,0
19,2010-04-09,13,2.99,0,0,0,0,0,131.94,8.19,0
19,2010-04-16,10,3.01,0,0,0,0,0,131.98,8.19,0
19,2010-04-23,8,3.02,0,0,0,0,0,132.02,8.19,0
19,2010-04-30,10,3.04,0,0,0,0,0,132.06,8.19,0
19,2010-05-07,17,3.10,0,0,0,0,0,132.11,8.19,0
19,2010-05-14,8,3.11,0,0,0,0,0,132.15,8.19,0
19,2010-05-21,14,3.10,0,0,0,0,0,132.22,8.19,0
19,2010-05-28,20,3.05,0,0,0,0,0,132.29,8.19,0
19,2010-06-04,20,3.01,0,0,0,0,0,132.36,8.19,0
19,2010-06-11,16,2.97,0,0,0,0,0,132.44,8.19,0
19,2010-06-18,19,2.94,0,0,0,0,0,132.47,8.19,0
19,2010-06-25,22,2.96,0,0,0,0,0,132.50,8.19,0
19,2010-07-02,19,2.96,0,0,0,0,0,132.52,8.10,0
19,2010-07-09,26,2.94,0,0,0,0,0,132.55,8.10,0
19,2010-07-16,24,2.93,0,0,0,0,0,132.57,8.10,0
19,2010-07-23,24,2.92,0,0,0,0,0,132.58,8.10,0
19,2010-07-30,23,2.93,0,0,0,0,0,132.60,8.10,0
19,2010-08-06,23,2.94,0,0,0,0,0,132.61,8.10,0
19,2010-08-13,23,2.92,0,0,0,0,0,132.63,8.10,0
19,2010-08-20,22,2.91,0,0,0,0,0,132.66,8.10,0
19,2010-08-27,19,2.89,0,0,0,0,0,132.69,8.10,0
19,2010-09-03,24,2.86,0,0,0,0,0,132.72,8.10,0
19,2010-09-10,17,2.84,0,0,0,0,0,132.76,8.10,1
19,2010-09-17,15,2.85,0,0,0,0,0,132.77,8.10,0
19,2010-09-24,17,2.84,0,0,0,0,0,132.76,8.10,0
19,2010-10-01,16,2.84,0,0,0,0,0,132.76,8.07,0
19,2010-10-08,12,2.90,0,0,0,0,0,132.75,8.07,0
19,2010-10-15,11,3.00,0,0,0,0,0,132.76,8.07,0
19,2010-10-22,9,3.05,0,0,0,0,0,132.82,8.07,0
19,2010-10-29,13,3.06,0,0,0,0,0,132.87,8.07,0
19,2010-11-05,5,3.05,0,0,0,0,0,132.92,8.07,0
19,2010-11-12,5,3.07,0,0,0,0,0,132.98,8.07,0
19,2010-11-19,7,3.14,0,0,0,0,0,132.92,8.07,0
19,2010-11-26,6,3.19,0,0,0,0,0,132.84,8.07,1
19,2010-12-03,3,3.20,0,0,0,0,0,132.76,8.07,0
19,2010-12-10,-4,3.26,0,0,0,0,0,132.68,8.07,0
19,2010-12-17,-3,3.30,0,0,0,0,0,132.68,8.07,0
19,2010-12-24,-3,3.31,0,0,0,0,0,132.75,8.07,0
19,2010-12-31,-2,3.34,0,0,0,0,0,132.82,8.07,1
19,2011-01-07,0,3.35,0,0,0,0,0,132.88,7.77,0
19,2011-01-14,-6,3.37,0,0,0,0,0,132.95,7.77,0
19,2011-01-21,-5,3.39,0,0,0,0,0,133.03,7.77,0
19,2011-01-28,-6,3.40,0,0,0,0,0,133.11,7.77,0
19,2011-02-04,-6,3.40,0,0,0,0,0,133.18,7.77,0
19,2011-02-11,-6,3.42,0,0,0,0,0,133.26,7.77,1
19,2011-02-18,2,3.42,0,0,0,0,0,133.37,7.77,0
19,2011-02-25,-5,3.45,0,0,0,0,0,133.49,7.77,0
19,2011-03-04,-2,3.61,0,0,0,0,0,133.61,7.77,0
19,2011-03-11,2,3.75,0,0,0,0,0,133.74,7.77,0
19,2011-03-18,5,3.80,0,0,0,0,0,133.85,7.77,0
19,2011-03-25,1,3.79,0,0,0,0,0,133.96,7.77,0
19,2011-04-01,-1,3.81,0,0,0,0,0,134.07,7.66,0
19,2011-04-08,5,3.90,0,0,0,0,0,134.18,7.66,0
19,2011-04-15,9,3.98,0,0,0,0,0,134.28,7.66,0
19,2011-04-22,5,4.06,0,0,0,0,0,134.36,7.66,0
19,2011-04-29,12,4.12,0,0,0,0,0,134.44,7.66,0
19,2011-05-06,10,4.19,0,0,0,0,0,134.51,7.66,0
19,2011-05-13,12,4.21,0,0,0,0,0,134.59,7.66,0
19,2011-05-20,12,4.20,0,0,0,0,0,134.68,7.66,0
19,2011-05-27,17,4.13,0,0,0,0,0,134.77,7.66,0
19,2011-06-03,19,4.07,0,0,0,0,0,134.86,7.66,0
19,2011-06-10,20,4.03,0,0,0,0,0,134.94,7.66,0
19,2011-06-17,18,3.99,0,0,0,0,0,135.08,7.66,0
19,2011-06-24,20,3.96,0,0,0,0,0,135.27,7.66,0
19,2011-07-01,20,3.92,0,0,0,0,0,135.45,7.81,0
19,2011-07-08,23,3.89,0,0,0,0,0,135.63,7.81,0
19,2011-07-15,23,3.92,0,0,0,0,0,135.78,7.81,0
19,2011-07-22,26,3.97,0,0,0,0,0,135.87,7.81,0
19,2011-07-29,24,4.00,0,0,0,0,0,135.96,7.81,0
19,2011-08-05,23,4.02,0,0,0,0,0,136.05,7.81,0
19,2011-08-12,22,4.00,0,0,0,0,0,136.14,7.81,0
19,2011-08-19,22,3.94,0,0,0,0,0,136.18,7.81,0
19,2011-08-26,21,3.91,0,0,0,0,0,136.21,7.81,0
19,2011-09-02,21,3.88,0,0,0,0,0,136.24,7.81,0
19,2011-09-09,20,3.93,0,0,0,0,0,136.27,7.81,1
19,2011-09-16,17,3.94,0,0,0,0,0,136.31,7.81,0
19,2011-09-23,16,3.90,0,0,0,0,0,136.37,7.81,0
19,2011-09-30,18,3.86,0,0,0,0,0,136.42,7.81,0
19,2011-10-07,12,3.78,0,0,0,0,0,136.47,7.87,0
19,2011-10-14,17,3.74,0,0,0,0,0,136.52,7.87,0
19,2011-10-21,11,3.76,0,0,0,0,0,136.50,7.87,0
19,2011-10-28,8,3.76,0,0,0,0,0,136.49,7.87,0
19,2011-11-04,7,3.74,0,0,0,0,0,136.48,7.87,0
19,2011-11-11,9,3.72,27064.58,16590.75,502.96,8568.62,6349.89,136.46,7.87,0
19,2011-11-18,9,3.72,10100.14,1785.29,92.36,978.96,7776.94,136.47,7.87,0
19,2011-11-25,6,3.69,1328.35,1436.52,88805.58,23.79,1869.98,136.48,7.87,1
19,2011-12-02,8,3.67,7197.6,239.76,9191.67,4716.48,28279.83,136.49,7.87,0
19,2011-12-09,5,3.63,7210.8,9.5,481.91,4650.7,11954.56,136.50,7.87,0
19,2011-12-16,3,3.61,5307.81,292.4,825,489.96,4799.18,136.53,7.87,0
19,2011-12-23,2,3.59,3124.45,475.86,1902.55,145.88,3248.83,136.59,7.87,0
19,2011-12-30,0,3.57,6234.22,50438.17,210.34,1457.96,2373.94,136.64,7.87,1
19,2012-01-06,0,3.59,9970.68,26073.98,233.88,1552.93,10335.05,136.70,7.94,0
19,2012-01-13,3,3.67,3504.09,11505.42,291.37,1698.88,5451.32,136.75,7.94,0
19,2012-01-20,-5,3.71,5571.99,5702.57,225.06,1122.08,2863.93,136.86,7.94,0
19,2012-01-27,0,3.74,3112.37,4031.78,289.74,20.97,2353.81,136.96,7.94,0
19,2012-02-03,2,3.80,51879.66,6433.83,394.18,52739.02,6473.61,137.06,7.94,0
19,2012-02-10,0,3.83,12739.73,8415.91,279.21,16150.68,7888.04,137.17,7.94,1
19,2012-02-17,-1,3.87,14910.8,14860.19,82.94,11200.69,7571.06,137.26,7.94,0
19,2012-02-24,1,3.92,13926.46,11835.35,2.8,4929.34,6287.18,137.34,7.94,0
19,2012-03-02,2,3.98,28177.29,3485.95,22.78,31324.8,2851.55,137.42,7.94,0
19,2012-03-09,3,4.02,6724.01,745.75,2.68,1532.63,3952.89,137.51,7.94,0
19,2012-03-16,9,4.02,8353.56,84.57,3.04,3175.2,2613.7,137.58,7.94,0
19,2012-03-23,14,4.05,6048.55,170.78,1.02,986.74,2684.83,137.66,7.94,0
19,2012-03-30,6,4.10,9356.36,134.4,6.75,2056.18,3420.94,137.73,7.94,0
19,2012-04-06,5,4.14,9337.26,0,52.59,2949.23,5996.69,137.80,8.15,0
19,2012-04-13,7,4.19,5254.86,12590.76,22.55,1818.94,3264.93,137.87,8.15,0
19,2012-04-20,13,4.17,6304.48,5712.68,34.16,1321.97,3751.92,137.92,8.15,0
19,2012-04-27,6,4.16,3735.3,-265.76,52.82,67.72,2959.27,137.98,8.15,0
19,2012-05-04,10,4.12,21028.84,532,122.17,7269.47,2609.22,138.03,8.15,0
19,2012-05-11,13,4.06,10882.1,0,30.22,1751.72,3236.51,138.09,8.15,0
19,2012-05-18,15,4.03,12613.98,0,11.5,1705.28,3600.79,138.11,8.15,0
19,2012-05-25,20,3.98,10665.28,0,1095.85,1053.96,2647.45,138.11,8.15,0
19,2012-06-01,20,3.92,8247.79,36.2,100.6,2171.48,4578.85,138.11,8.15,0
19,2012-06-08,16,3.87,10625.25,292.4,51.96,2760.12,6219.56,138.12,8.15,0
19,2012-06-15,20,3.79,9987.83,697,0.05,2837.84,4710.66,138.13,8.15,0
19,2012-06-22,24,3.72,10418.79,1232.8,0.51,2971.07,12187.35,138.16,8.15,0
19,2012-06-29,21,3.67,11993.32,535.4,0,3736.21,3432.8,138.20,8.15,0
19,2012-07-06,24,3.65,10945.79,600.3,101.46,6664.35,7855.14,138.23,8.19,0
19,2012-07-13,23,3.69,8183.44,328.2,35.88,2677.28,1877.81,138.26,8.19,0
19,2012-07-20,25,3.73,6029.42,424.15,17.82,3070.32,2610.94,138.23,8.19,0
19,2012-07-27,24,3.82,6705,282.26,5.43,4414.95,4550.07,138.20,8.19,0
19,2012-08-03,23,3.82,36466.8,220.13,41.77,16284.94,2242.89,138.17,8.19,0
19,2012-08-10,24,3.86,6196.55,232.43,76.35,3086.53,3417.36,138.14,8.19,0
19,2012-08-17,21,3.96,4512.6,370.35,11.11,2282.3,3764.75,138.19,8.19,0
19,2012-08-24,19,4.00,9087.86,237.03,102.63,5601.12,6738.74,138.28,8.19,0
19,2012-08-31,22,4.03,19970.78,236.96,23.99,7058.25,2595.88,138.38,8.19,0
19,2012-09-07,22,4.08,9053.47,27.41,22.94,1677.12,4844.18,138.47,8.19,1
19,2012-09-14,18,4.09,13667.97,0,13.57,1166.93,7136.43,138.57,8.19,0
19,2012-09-21,16,4.20,11030.97,147.55,13.5,1516.01,9152.78,138.65,8.19,0
19,2012-09-28,14,4.16,2992.04,48.46,0,2463.88,3732.36,138.74,8.19,0
19,2012-10-05,15,4.15,6971.59,0,10.96,3640.93,3827.33,138.83,7.99,0
19,2012-10-12,9,4.19,2374.5,0,7.25,919.32,6101,138.91,7.99,0
19,2012-10-19,12,4.15,2948.25,0,17.4,811.41,2017.49,138.83,7.99,0
19,2012-10-26,14,4.07,5430.75,90.07,0,904.34,1665.77,138.73,7.99,0
19,2012-11-02,8,3.97,11686.96,18053.48,88.94,5484.5,3833.76,138.62,7.99,0
19,2012-11-09,3,3.95,10447.67,8347.01,63.02,555.28,5534.02,138.52,7.99,0
19,2012-11-16,7,3.94,13820.22,970.3,111.97,1378.34,7943.58,138.45,7.99,0
19,2012-11-23,5,3.98,1805.13,0.02,115048.81,527.72,860.36,138.42,7.99,1
19,2012-11-30,1,3.97,6213.37,0.01,10583.66,291.77,7161.79,138.40,7.99,0
19,2012-12-07,6,3.92,9231.25,0,366,2931.23,17257.64,138.38,7.99,0
19,2012-12-14,3,3.87,8978.78,0,80,1157.44,3218.38,138.37,7.99,0
19,2012-12-21,5,3.82,3694.82,0,18.32,28.84,1312.46,138.43,7.99,0
19,2012-12-28,-1,3.79,21811.57,40905.78,126.98,353.83,3784.77,138.49,7.99,1
19,2013-01-04,-4,3.79,5497.5,38836.38,54.01,129.39,2633.63,138.55,8.04,0
19,2013-01-11,2,3.80,4034.6,20543.56,16.34,27.73,4608.97,138.61,8.04,0
19,2013-01-18,3,3.80,14539.28,6324.58,4.22,989.85,1548.86,138.67,8.04,0
19,2013-01-25,-7,3.78,4518.34,3054.39,0.6,744.2,2105.49,138.73,8.04,0
19,2013-02-01,0,3.81,23355.16,2188.33,134.8,41847.94,1801,138.80,8.04,0
19,2013-02-08,-5,3.95,84139.36,1876.35,236.42,60065.82,5586.91,138.86,8.04,1
19,2013-02-15,-1,4.01,17577.61,2478.62,781.48,7469.45,9734.54,138.90,8.04,0
19,2013-02-22,-4,4.05,12290.99,3768.15,6,3704.32,4787.66,138.88,8.04,0
19,2013-03-01,1,4.08,10332.93,552.02,211.38,93.68,1347.58,138.87,8.04,0
19,2013-03-08,-1,4.05,33815.05,344.23,72.18,11789.26,2869.89,138.85,8.04,0
19,2013-03-15,4,4.03,17887.06,0,7.79,3853.63,1884.2,138.86,8.04,0
19,2013-03-22,-2,4.00,11279.19,0,1434.2,3264.83,2426.5,138.93,8.04,0
19,2013-03-29,2,3.98,11181.01,0,1173.21,47.31,4608.74,138.99,8.04,0
19,2013-04-05,3,3.95,11969.09,4974.43,447.22,2715.29,3252.21,139.06,7.81,0
19,2013-04-12,7,3.91,9112.91,1907.65,31.63,4146.37,2285.07,139.12,7.81,0
19,2013-04-19,11,3.88,6224.83,127.42,71,248.23,1099.86,139.12,7.81,0
19,2013-04-26,9,3.81,1974.68,0,159.67,161.14,2351.9,139.12,7.81,0
19,2013-05-03,15,3.78,14724.43,30.94,51.08,8229.62,1815.51,NULL,NULL,0
19,2013-05-10,15,3.76,6830.01,326.7,168.62,2078.28,8838.24,NULL,NULL,0
19,2013-05-17,11,3.79,11529.47,581.88,11.42,2496.68,5104.96,NULL,NULL,0
19,2013-05-24,17,3.79,5889.93,595.88,1042.67,2355.77,3727,NULL,NULL,0
19,2013-05-31,17,3.81,5101.84,534.57,728.91,98.54,2988.71,NULL,NULL,0
19,2013-06-07,17,3.79,15573.25,1213.92,698.93,9775.28,5182.49,NULL,NULL,0
19,2013-06-14,17,3.80,5819.8,1228.5,676.66,3187.16,3022.72,NULL,NULL,0
19,2013-06-21,18,3.79,6249.72,1198.03,239.5,4795.65,7608.5,NULL,NULL,0
19,2013-06-28,24,3.80,8789.89,2645.16,46.47,7281.65,3360.27,NULL,NULL,0
19,2013-07-05,21,3.78,13423.83,6220.22,1150.97,11125.54,2406.94,NULL,NULL,0
19,2013-07-12,23,3.79,8565.49,2641.12,92.79,4060.58,2207.45,NULL,NULL,0
19,2013-07-19,26,3.91,2605.69,2086.65,598.5,722.01,1233.32,NULL,NULL,0
19,2013-07-26,21,3.95,689.65,1568.71,30,84.91,1993.5,NULL,NULL,0
20,2010-02-05,-3,2.78,0,0,0,0,0,204.25,8.19,0
20,2010-02-12,-5,2.77,0,0,0,0,0,204.39,8.19,1
20,2010-02-19,-4,2.75,0,0,0,0,0,204.43,8.19,0
20,2010-02-26,0,2.75,0,0,0,0,0,204.46,8.19,0
20,2010-03-05,0,2.78,0,0,0,0,0,204.49,8.19,0
20,2010-03-12,7,2.82,0,0,0,0,0,204.53,8.19,0
20,2010-03-19,9,2.84,0,0,0,0,0,204.38,8.19,0
20,2010-03-26,10,2.85,0,0,0,0,0,204.20,8.19,0
20,2010-04-02,11,2.85,0,0,0,0,0,204.03,7.86,0
20,2010-04-09,18,2.87,0,0,0,0,0,203.85,7.86,0
20,2010-04-16,13,2.90,0,0,0,0,0,203.73,7.86,0
20,2010-04-23,10,2.90,0,0,0,0,0,203.69,7.86,0
20,2010-04-30,13,2.92,0,0,0,0,0,203.65,7.86,0
20,2010-05-07,19,2.97,0,0,0,0,0,203.61,7.86,0
20,2010-05-14,13,2.98,0,0,0,0,0,203.61,7.86,0
20,2010-05-21,16,2.96,0,0,0,0,0,203.88,7.86,0
20,2010-05-28,22,2.90,0,0,0,0,0,204.14,7.86,0
20,2010-06-04,23,2.85,0,0,0,0,0,204.40,7.86,0
20,2010-06-11,20,2.81,0,0,0,0,0,204.67,7.86,0
20,2010-06-18,23,2.78,0,0,0,0,0,204.67,7.86,0
20,2010-06-25,24,2.81,0,0,0,0,0,204.57,7.86,0
20,2010-07-02,21,2.82,0,0,0,0,0,204.47,7.53,0
20,2010-07-09,26,2.79,0,0,0,0,0,204.36,7.53,0
20,2010-07-16,24,2.78,0,0,0,0,0,204.36,7.53,0
20,2010-07-23,25,2.77,0,0,0,0,0,204.48,7.53,0
20,2010-07-30,24,2.78,0,0,0,0,0,204.61,7.53,0
20,2010-08-06,24,2.78,0,0,0,0,0,204.73,7.53,0
20,2010-08-13,24,2.81,0,0,0,0,0,204.85,7.53,0
20,2010-08-20,24,2.78,0,0,0,0,0,204.82,7.53,0
20,2010-08-27,21,2.76,0,0,0,0,0,204.79,7.53,0
20,2010-09-03,24,2.72,0,0,0,0,0,204.76,7.53,0
20,2010-09-10,18,2.70,0,0,0,0,0,204.73,7.53,1
20,2010-09-17,18,2.71,0,0,0,0,0,204.75,7.53,0
20,2010-09-24,21,2.71,0,0,0,0,0,204.82,7.53,0
20,2010-10-01,16,2.71,0,0,0,0,0,204.89,7.48,0
20,2010-10-08,11,2.76,0,0,0,0,0,204.95,7.48,0
20,2010-10-15,15,2.87,0,0,0,0,0,205.01,7.48,0
20,2010-10-22,10,2.92,0,0,0,0,0,205.06,7.48,0
20,2010-10-29,14,2.92,0,0,0,0,0,205.11,7.48,0
20,2010-11-05,6,2.92,0,0,0,0,0,205.16,7.48,0
20,2010-11-12,6,2.93,0,0,0,0,0,205.21,7.48,0
20,2010-11-19,8,3.00,0,0,0,0,0,205.10,7.48,0
20,2010-11-26,8,3.04,0,0,0,0,0,204.96,7.48,1
20,2010-12-03,2,3.05,0,0,0,0,0,204.82,7.48,0
20,2010-12-10,-4,3.11,0,0,0,0,0,204.69,7.48,0
20,2010-12-17,-4,3.14,0,0,0,0,0,204.63,7.48,0
20,2010-12-24,-4,3.14,0,0,0,0,0,204.64,7.48,0
20,2010-12-31,-2,3.18,0,0,0,0,0,204.64,7.48,1
20,2011-01-07,0,3.19,0,0,0,0,0,204.65,7.34,0
20,2011-01-14,-6,3.21,0,0,0,0,0,204.70,7.34,0
20,2011-01-21,-3,3.23,0,0,0,0,0,205.05,7.34,0
20,2011-01-28,-5,3.24,0,0,0,0,0,205.39,7.34,0
20,2011-02-04,-2,3.23,0,0,0,0,0,205.73,7.34,0
20,2011-02-11,-4,3.24,0,0,0,0,0,206.08,7.34,1
20,2011-02-18,6,3.25,0,0,0,0,0,206.37,7.34,0
20,2011-02-25,1,3.27,0,0,0,0,0,206.64,7.34,0
20,2011-03-04,3,3.43,0,0,0,0,0,206.92,7.34,0
20,2011-03-11,4,3.58,0,0,0,0,0,207.19,7.34,0
20,2011-03-18,7,3.63,0,0,0,0,0,207.43,7.34,0
20,2011-03-25,7,3.63,0,0,0,0,0,207.66,7.34,0
20,2011-04-01,0,3.64,0,0,0,0,0,207.88,7.29,0
20,2011-04-08,8,3.72,0,0,0,0,0,208.11,7.29,0
20,2011-04-15,13,3.82,0,0,0,0,0,208.32,7.29,0
20,2011-04-22,11,3.89,0,0,0,0,0,208.48,7.29,0
20,2011-04-29,17,3.96,0,0,0,0,0,208.64,7.29,0
20,2011-05-06,12,4.05,0,0,0,0,0,208.80,7.29,0
20,2011-05-13,17,4.07,0,0,0,0,0,208.96,7.29,0
20,2011-05-20,15,4.06,0,0,0,0,0,208.76,7.29,0
20,2011-05-27,21,3.99,0,0,0,0,0,208.56,7.29,0
20,2011-06-03,23,3.92,0,0,0,0,0,208.36,7.29,0
20,2011-06-10,23,3.88,0,0,0,0,0,208.15,7.29,0
20,2011-06-17,19,3.84,0,0,0,0,0,208.13,7.29,0
20,2011-06-24,22,3.80,0,0,0,0,0,208.23,7.29,0
20,2011-07-01,21,3.75,0,0,0,0,0,208.33,7.27,0
20,2011-07-08,24,3.71,0,0,0,0,0,208.44,7.27,0
20,2011-07-15,24,3.76,0,0,0,0,0,208.53,7.27,0
20,2011-07-22,26,3.81,0,0,0,0,0,208.59,7.27,0
20,2011-07-29,25,3.83,0,0,0,0,0,208.66,7.27,0
20,2011-08-05,25,3.84,0,0,0,0,0,208.72,7.27,0
20,2011-08-12,23,3.81,0,0,0,0,0,208.78,7.27,0
20,2011-08-19,22,3.75,0,0,0,0,0,208.84,7.27,0
20,2011-08-26,21,3.70,0,0,0,0,0,208.90,7.27,0
20,2011-09-02,22,3.70,0,0,0,0,0,208.96,7.27,0
20,2011-09-09,20,3.74,0,0,0,0,0,209.02,7.27,1
20,2011-09-16,18,3.74,0,0,0,0,0,209.19,7.27,0
20,2011-09-23,17,3.71,0,0,0,0,0,209.50,7.27,0
20,2011-09-30,17,3.65,0,0,0,0,0,209.81,7.27,0
20,2011-10-07,11,3.58,0,0,0,0,0,210.12,7.08,0
20,2011-10-14,17,3.54,0,0,0,0,0,210.40,7.08,0
20,2011-10-21,12,3.57,0,0,0,0,0,210.55,7.08,0
20,2011-10-28,10,3.57,0,0,0,0,0,210.69,7.08,0
20,2011-11-04,7,3.55,0,0,0,0,0,210.84,7.08,0
20,2011-11-11,8,3.53,34348.14,11652.84,549.25,9606.11,5472.37,210.98,7.08,0
20,2011-11-18,10,3.53,4817.96,1673.96,658.55,1043.37,6545.16,211.18,7.08,0
20,2011-11-25,8,3.49,335.66,80,101378.79,64.46,2251.98,211.41,7.08,1
20,2011-12-02,8,3.45,10007.34,60,25959.98,6140.65,35675.62,211.64,7.08,0
20,2011-12-09,5,3.42,9458.19,81.5,791.04,5254.23,11447.14,211.87,7.08,0
20,2011-12-16,3,3.41,5488.56,217.03,1776.71,466.19,4535.27,212.07,7.08,0
20,2011-12-23,5,3.39,1483.17,80.15,2145.46,38.97,4180.29,212.24,7.08,0
20,2011-12-30,2,3.39,6918.65,97740.99,270.38,1648.03,2852.19,212.40,7.08,1
20,2012-01-06,1,3.42,9273.46,45971.43,207.6,1365.38,5460.86,212.57,6.96,0
20,2012-01-13,3,3.51,3627.81,18632.14,108.48,847.7,3614.04,212.74,6.96,0
20,2012-01-20,-2,3.53,2465.98,5030.4,106.54,999.54,3380.92,212.83,6.96,0
20,2012-01-27,3,3.57,1023.6,3044.15,106.08,52.87,2447.73,212.93,6.96,0
20,2012-02-03,4,3.62,58928.52,8766.77,226.27,53603.99,8301.25,213.02,6.96,0
20,2012-02-10,1,3.64,9804,13171.55,132.42,16864.33,7535.63,213.12,6.96,1
20,2012-02-17,0,3.70,27400.95,19179.87,10.5,11087.4,10204.37,213.27,6.96,0
20,2012-02-24,4,3.74,11230.85,10561.94,12.2,1457.31,21024.39,213.47,6.96,0
20,2012-03-02,4,3.82,34117.01,3200.31,6,22275.03,4989.3,213.67,6.96,0
20,2012-03-09,5,3.85,10686.42,750.14,3.67,3867.16,3518.62,213.87,6.96,0
20,2012-03-16,12,3.86,6745.04,310.32,6.94,3282.4,2895.89,214.02,6.96,0
20,2012-03-23,19,3.90,3580.87,612.11,7.01,332.11,4032.81,214.09,6.96,0
20,2012-03-30,11,3.95,9569.49,116.47,7.75,1285.42,3908.61,214.16,6.96,0
20,2012-04-06,10,4.00,8408.31,12.57,50.79,4289.46,7382.25,214.24,7.14,0
20,2012-04-13,8,4.04,9671.84,7934.59,68.02,2515.97,2667.15,214.31,7.14,0
20,2012-04-20,16,4.03,7522.16,5650.88,67.26,1066.17,4006,214.37,7.14,0
20,2012-04-27,9,4.00,2332.34,2.82,41.39,28.04,3318.17,214.42,7.14,0
20,2012-05-04,17,3.95,24594.6,496,38.52,9381.13,4648.85,214.48,7.14,0
20,2012-05-11,17,3.89,17598.62,0,19.51,2889.48,3242.44,214.53,7.14,0
20,2012-05-18,16,3.85,8077.14,512,5.13,2746.24,3677.78,214.55,7.14,0
20,2012-05-25,21,3.80,11548.3,0,1042.6,1554.19,3450.52,214.55,7.14,0
20,2012-06-01,23,3.74,12240.61,17.4,82.98,3560.21,3373.36,214.55,7.14,0
20,2012-06-08,17,3.69,8353.32,516.6,46.76,2073.77,7774.31,214.55,7.14,0
20,2012-06-15,22,3.62,9584.57,657.4,3.99,3667.7,5230.22,214.57,7.14,0
20,2012-06-22,25,3.56,12173.74,875.7,2.36,4195.01,7516.62,214.61,7.14,0
20,2012-06-29,23,3.51,6569.4,605.7,0,561.31,4567.03,214.65,7.14,0
20,2012-07-06,26,3.48,13826.89,342.6,182.74,7751.95,3675.32,214.69,7.28,0
20,2012-07-13,26,3.52,8679.19,99.7,22.34,4960.49,7877.54,214.73,7.28,0
20,2012-07-20,24,3.57,3156.68,142.66,34.1,2751.92,6194.07,214.73,7.28,0
20,2012-07-27,24,3.65,11481.26,130.17,7.09,11794.45,3238.04,214.74,7.28,0
20,2012-08-03,24,3.65,31549.63,83.64,40.76,25656.34,3188.65,214.74,7.28,0
20,2012-08-10,24,3.72,16845.14,156.18,12.47,6921.28,6346.44,214.75,7.28,0
20,2012-08-17,21,3.81,3008.99,99.68,1.12,2535.66,2831.84,214.83,7.28,0
20,2012-08-24,20,3.83,6125.02,53.4,84.62,9638.85,8710.31,214.96,7.28,0
20,2012-08-31,23,3.87,19058.96,32.04,125.49,9015.83,4449.08,215.09,7.28,0
20,2012-09-07,25,3.91,11783.56,-0.99,83.85,1938.4,3708.67,215.22,7.28,1
20,2012-09-14,18,3.95,10404.97,0,40.11,1481.31,8655.59,215.36,7.28,0
20,2012-09-21,16,4.04,8475.15,168.56,49.78,1727.92,9072.77,215.55,7.28,0
20,2012-09-28,15,4.00,6245.6,52.64,21.5,3301.81,7195.56,215.74,7.28,0
20,2012-10-05,16,3.99,5800.66,0,33.68,4286.15,3224.25,215.93,7.29,0
20,2012-10-12,8,4.00,2449.31,0,35.08,1019.9,9743.56,216.12,7.29,0
20,2012-10-19,13,3.97,4174.31,0,15.84,838.05,3838.56,216.15,7.29,0
20,2012-10-26,16,3.88,10813.19,22.33,102.91,867.39,1671.76,216.15,7.29,0
20,2012-11-02,6,3.79,17072.75,7342.36,104.96,7887.46,7187.52,216.16,7.29,0
20,2012-11-09,3,3.77,5806.16,7716.6,8.67,564.1,5567.68,216.16,7.29,0
20,2012-11-16,7,3.75,17530.63,789.12,185.38,1350.7,7471.12,216.18,7.29,0
20,2012-11-23,7,3.75,739.53,0.06,139621.51,368.41,1415.02,216.23,7.29,1
20,2012-11-30,2,3.73,4248.19,0.03,12683.56,211.38,10349.85,216.27,7.29,0
20,2012-12-07,9,3.69,12733.5,0,468.6,2870.45,16310.67,216.31,7.29,0
20,2012-12-14,5,3.64,6192.89,0,179,155.58,2840.88,216.36,7.29,0
20,2012-12-21,6,3.58,3976.86,104.92,385.16,27.67,4739.26,216.48,7.29,0
20,2012-12-28,-1,3.56,15576.88,47382.72,271.17,296.74,1938.13,216.59,7.29,1
20,2013-01-04,-3,3.59,2364.21,43243.22,38.67,100.14,3167.99,216.71,7.44,0
20,2013-01-11,2,3.61,4029.28,12581.29,8.99,24.28,3014.43,216.82,7.44,0
20,2013-01-18,5,3.61,3428.51,5951.12,7.64,108.68,1893.57,216.86,7.44,0
20,2013-01-25,-5,3.58,2072.29,2971.84,0.8,343.6,2273.27,216.86,7.44,0
20,2013-02-01,2,3.62,29331.58,2781.22,289.4,40543.47,3462.85,216.87,7.44,0
20,2013-02-08,-4,3.75,95102.5,1725.48,263.56,56600.97,8522.7,216.87,7.44,1
20,2013-02-15,2,3.81,17331.43,4770.35,25.04,6296.41,11828.51,216.91,7.44,0
20,2013-02-22,-4,3.86,11272.09,9335.13,7.48,3535.11,2957.66,217.04,7.44,0
20,2013-03-01,2,3.89,12233.06,1716.47,8.64,286.35,1911.82,217.17,7.44,0
20,2013-03-08,0,3.86,28108.16,446.02,136.05,12262.98,3644.31,217.29,7.44,0
20,2013-03-15,5,3.83,8263.16,5.58,27.62,2561.21,2022.16,217.41,7.44,0
20,2013-03-22,1,3.80,11971.25,0,833,3862.59,2657.11,217.49,7.44,0
20,2013-03-29,2,3.78,8437.13,0,807.04,215.13,3582.88,217.58,7.44,0
20,2013-04-05,4,3.76,17172.3,11206.42,655.74,3383.67,4883.95,217.66,7.19,0
20,2013-04-12,16,3.72,3982.53,5429.78,139.03,3443.12,2086.98,217.74,7.19,0
20,2013-04-19,15,3.68,5634.34,25.62,92.68,36.76,1368.2,217.74,7.19,0
20,2013-04-26,9,3.62,1757.16,0,130.15,27.23,2275.43,217.74,7.19,0
20,2013-05-03,16,3.59,17552.85,17,89.63,7674.41,1826.7,NULL,NULL,0
20,2013-05-10,16,3.58,6437.19,397.7,70.2,1722.44,7259.45,NULL,NULL,0
20,2013-05-17,14,3.61,10550.91,374.7,26.96,1496.66,5232.83,NULL,NULL,0
20,2013-05-24,20,3.63,3345.95,330.7,812.19,2243.83,3311.33,NULL,NULL,0
20,2013-05-31,17,3.65,3472.58,382.42,858.87,122.74,1946.26,NULL,NULL,0
20,2013-06-07,19,3.63,18659.11,1335.29,406.16,11626.16,7067.6,NULL,NULL,0
20,2013-06-14,20,3.63,9352.25,846.9,674.77,6346.04,3019.37,NULL,NULL,0
20,2013-06-21,20,3.63,5011.72,621.88,263.62,6200.96,5194.15,NULL,NULL,0
20,2013-06-28,23,3.64,8174.83,765.98,84.47,7059.2,8093.91,NULL,NULL,0
20,2013-07-05,23,3.61,12300.4,3844.8,1067.78,14389.54,2755.18,NULL,NULL,0
20,2013-07-12,23,3.61,6910.1,2079.21,163.15,4138.07,4687.66,NULL,NULL,0
20,2013-07-19,25,3.74,3738.41,874.45,544.74,966.03,1164.81,NULL,NULL,0
20,2013-07-26,21,3.80,967.57,1177.33,164.53,134.63,7110.74,NULL,NULL,0
21,2010-02-05,4,2.57,0,0,0,0,0,210.75,8.32,0
21,2010-02-12,3,2.55,0,0,0,0,0,210.90,8.32,1
21,2010-02-19,4,2.51,0,0,0,0,0,210.95,8.32,0
21,2010-02-26,7,2.56,0,0,0,0,0,210.98,8.32,0
21,2010-03-05,9,2.63,0,0,0,0,0,211.01,8.32,0
21,2010-03-12,14,2.67,0,0,0,0,0,211.04,8.32,0
21,2010-03-19,13,2.72,0,0,0,0,0,210.87,8.32,0
21,2010-03-26,11,2.73,0,0,0,0,0,210.68,8.32,0
21,2010-04-02,18,2.72,0,0,0,0,0,210.48,8.20,0
21,2010-04-09,19,2.77,0,0,0,0,0,210.28,8.20,0
21,2010-04-16,20,2.81,0,0,0,0,0,210.15,8.20,0
21,2010-04-23,18,2.80,0,0,0,0,0,210.10,8.20,0
21,2010-04-30,19,2.78,0,0,0,0,0,210.05,8.20,0
21,2010-05-07,22,2.84,0,0,0,0,0,210.00,8.20,0
21,2010-05-14,23,2.85,0,0,0,0,0,210.00,8.20,0
21,2010-05-21,23,2.83,0,0,0,0,0,210.28,8.20,0
21,2010-05-28,27,2.76,0,0,0,0,0,210.56,8.20,0
21,2010-06-04,28,2.71,0,0,0,0,0,210.83,8.20,0
21,2010-06-11,29,2.67,0,0,0,0,0,211.11,8.20,0
21,2010-06-18,30,2.64,0,0,0,0,0,211.11,8.20,0
21,2010-06-25,31,2.65,0,0,0,0,0,211.00,8.20,0
21,2010-07-02,28,2.67,0,0,0,0,0,210.88,8.10,0
21,2010-07-09,28,2.64,0,0,0,0,0,210.77,8.10,0
21,2010-07-16,30,2.62,0,0,0,0,0,210.76,8.10,0
21,2010-07-23,31,2.61,0,0,0,0,0,210.89,8.10,0
21,2010-07-30,29,2.64,0,0,0,0,0,211.03,8.10,0
21,2010-08-06,32,2.63,0,0,0,0,0,211.16,8.10,0
21,2010-08-13,32,2.69,0,0,0,0,0,211.30,8.10,0
21,2010-08-20,32,2.66,0,0,0,0,0,211.26,8.10,0
21,2010-08-27,30,2.62,0,0,0,0,0,211.22,8.10,0
21,2010-09-03,28,2.58,0,0,0,0,0,211.19,8.10,0
21,2010-09-10,26,2.57,0,0,0,0,0,211.15,8.10,1
21,2010-09-17,28,2.58,0,0,0,0,0,211.18,8.10,0
21,2010-09-24,27,2.62,0,0,0,0,0,211.26,8.10,0
21,2010-10-01,21,2.60,0,0,0,0,0,211.33,8.16,0
21,2010-10-08,19,2.63,0,0,0,0,0,211.40,8.16,0
21,2010-10-15,20,2.72,0,0,0,0,0,211.47,8.16,0
21,2010-10-22,22,2.73,0,0,0,0,0,211.52,8.16,0
21,2010-10-29,20,2.72,0,0,0,0,0,211.57,8.16,0
21,2010-11-05,15,2.69,0,0,0,0,0,211.61,8.16,0
21,2010-11-12,16,2.73,0,0,0,0,0,211.66,8.16,0
21,2010-11-19,11,2.77,0,0,0,0,0,211.55,8.16,0
21,2010-11-26,17,2.74,0,0,0,0,0,211.41,8.16,1
21,2010-12-03,10,2.71,0,0,0,0,0,211.27,8.16,0
21,2010-12-10,8,2.84,0,0,0,0,0,211.12,8.16,0
21,2010-12-17,9,2.87,0,0,0,0,0,211.06,8.16,0
21,2010-12-24,11,2.89,0,0,0,0,0,211.06,8.16,0
21,2010-12-31,8,2.94,0,0,0,0,0,211.06,8.16,1
21,2011-01-07,7,2.98,0,0,0,0,0,211.06,8.03,0
21,2011-01-14,1,2.98,0,0,0,0,0,211.12,8.03,0
21,2011-01-21,6,3.02,0,0,0,0,0,211.49,8.03,0
21,2011-01-28,7,3.01,0,0,0,0,0,211.86,8.03,0
21,2011-02-04,2,2.99,0,0,0,0,0,212.22,8.03,0
21,2011-02-11,1,3.02,0,0,0,0,0,212.59,8.03,1
21,2011-02-18,15,3.05,0,0,0,0,0,212.90,8.03,0
21,2011-02-25,16,3.07,0,0,0,0,0,213.19,8.03,0
21,2011-03-04,15,3.29,0,0,0,0,0,213.48,8.03,0
21,2011-03-11,13,3.46,0,0,0,0,0,213.76,8.03,0
21,2011-03-18,17,3.49,0,0,0,0,0,214.02,8.03,0
21,2011-03-25,21,3.47,0,0,0,0,0,214.25,8.03,0
21,2011-04-01,14,3.52,0,0,0,0,0,214.49,7.93,0
21,2011-04-08,20,3.62,0,0,0,0,0,214.73,7.93,0
21,2011-04-15,22,3.74,0,0,0,0,0,214.94,7.93,0
21,2011-04-22,22,3.81,0,0,0,0,0,215.11,7.93,0
21,2011-04-29,21,3.81,0,0,0,0,0,215.28,7.93,0
21,2011-05-06,17,3.91,0,0,0,0,0,215.44,7.93,0
21,2011-05-13,24,3.90,0,0,0,0,0,215.61,7.93,0
21,2011-05-20,20,3.91,0,0,0,0,0,215.38,7.93,0
21,2011-05-27,25,3.79,0,0,0,0,0,215.15,7.93,0
21,2011-06-03,29,3.70,0,0,0,0,0,214.93,7.93,0
21,2011-06-10,29,3.65,0,0,0,0,0,214.70,7.93,0
21,2011-06-17,31,3.64,0,0,0,0,0,214.65,7.93,0
21,2011-06-24,30,3.59,0,0,0,0,0,214.74,7.93,0
21,2011-07-01,31,3.52,0,0,0,0,0,214.84,7.85,0
21,2011-07-08,32,3.48,0,0,0,0,0,214.93,7.85,0
21,2011-07-15,33,3.58,0,0,0,0,0,215.01,7.85,0
21,2011-07-22,32,3.65,0,0,0,0,0,215.07,7.85,0
21,2011-07-29,33,3.68,0,0,0,0,0,215.14,7.85,0
21,2011-08-05,35,3.68,0,0,0,0,0,215.20,7.85,0
21,2011-08-12,34,3.64,0,0,0,0,0,215.26,7.85,0
21,2011-08-19,32,3.55,0,0,0,0,0,215.32,7.85,0
21,2011-08-26,33,3.52,0,0,0,0,0,215.39,7.85,0
21,2011-09-02,33,3.53,0,0,0,0,0,215.45,7.85,0
21,2011-09-09,26,3.55,0,0,0,0,0,215.51,7.85,1
21,2011-09-16,27,3.53,0,0,0,0,0,215.69,7.85,0
21,2011-09-23,24,3.47,0,0,0,0,0,216.03,7.85,0
21,2011-09-30,26,3.36,0,0,0,0,0,216.36,7.85,0
21,2011-10-07,22,3.29,0,0,0,0,0,216.70,7.44,0
21,2011-10-14,21,3.27,0,0,0,0,0,217.00,7.44,0
21,2011-10-21,18,3.35,0,0,0,0,0,217.17,7.44,0
21,2011-10-28,19,3.37,0,0,0,0,0,217.33,7.44,0
21,2011-11-04,13,3.33,0,0,0,0,0,217.49,7.44,0
21,2011-11-11,15,3.30,5522.33,7898.33,11.1,2489.99,7562.52,217.65,7.44,0
21,2011-11-18,17,3.31,8864.34,545.17,58.71,747.43,4961.44,217.87,7.44,0
21,2011-11-25,14,3.24,233.85,206.36,40561.8,319.19,170.64,218.11,7.44,1
21,2011-12-02,9,3.17,3389.1,43,1258.32,325.35,8623.67,218.36,7.44,0
21,2011-12-09,5,3.16,6862.3,19,330.9,4746.58,17822.36,218.61,7.44,0
21,2011-12-16,10,3.16,1846.83,65.06,163.18,393.58,2731.41,218.82,7.44,0
21,2011-12-23,8,3.11,759.8,6.92,577.46,29.81,2830.92,219.00,7.44,0
21,2011-12-30,7,3.13,2880.59,32642.96,124.32,419.61,3010.84,219.18,7.44,1
21,2012-01-06,9,3.16,2211.62,28369.34,7.74,753.62,3371.85,219.36,7.06,0
21,2012-01-13,7,3.26,4873.12,13367.98,0.46,396.66,1861.16,219.53,7.06,0
21,2012-01-20,11,3.27,4436,1092.91,3.46,387.92,3943.31,219.63,7.06,0
21,2012-01-27,10,3.29,714.08,602.88,0,18.42,2562.85,219.72,7.06,0
21,2012-02-03,13,3.36,24617.88,1598.17,41.45,25134.87,3110.22,219.81,7.06,0
21,2012-02-10,8,3.41,26115.19,3985.95,13.1,16646.38,7628.83,219.90,7.06,1
21,2012-02-17,7,3.51,12365.91,7922.13,1.38,7862.71,5348.94,220.07,7.06,0
21,2012-02-24,13,3.56,7012.83,5600.94,0.5,2229.25,4606.24,220.28,7.06,0
21,2012-03-02,15,3.63,14017.62,1076.98,7.07,8891.83,3182.63,220.49,7.06,0
21,2012-03-09,14,3.67,7379.46,190.49,4.79,479.87,7489.48,220.70,7.06,0
21,2012-03-16,17,3.73,6510.79,158.12,5.86,2972.55,6576.96,220.85,7.06,0
21,2012-03-23,17,3.79,4713.76,155.09,2.38,534.23,4878.22,220.92,7.06,0
21,2012-03-30,20,3.85,12592.65,180.02,0,1101.6,11593.14,221.00,7.06,0
21,2012-04-06,21,3.89,14207.85,0,6.99,3662.26,1615.27,221.07,6.89,0
21,2012-04-13,21,3.89,6932.19,4118.13,2.79,983.98,1285.54,221.15,6.89,0
21,2012-04-20,19,3.88,3738.69,3287.37,0.77,894.38,2882.6,221.20,6.89,0
21,2012-04-27,21,3.81,2262.49,4.23,2.77,14,2289.63,221.26,6.89,0
21,2012-05-04,25,3.75,14858.74,0,8.12,4179.63,3281.61,221.31,6.89,0
21,2012-05-11,23,3.69,9252.47,0,5.16,2908.8,2619.09,221.36,6.89,0
21,2012-05-18,22,3.63,4088.63,0,28.62,1397.46,2772.05,221.38,6.89,0
21,2012-05-25,26,3.56,7790.27,0,508.5,1575.99,4490.59,221.38,6.89,0
21,2012-06-01,26,3.50,11678.88,0,60.71,3660.14,3630.08,221.39,6.89,0
21,2012-06-08,26,3.45,7055.91,10.8,93.05,751.89,4570.78,221.39,6.89,0
21,2012-06-15,28,3.39,6177.81,61.6,0.75,2970.97,3281.16,221.40,6.89,0
21,2012-06-22,28,3.35,7545.68,79.95,0.51,3498.46,7223.83,221.44,6.89,0
21,2012-06-29,31,3.29,5130.81,38.3,0,1849.32,3879.62,221.48,6.89,0
21,2012-07-06,30,3.23,6607.09,63.2,37.39,3667.62,3438.32,221.52,6.57,0
21,2012-07-13,28,3.26,5088.14,17.8,2.16,2908.11,1533.27,221.56,6.57,0
21,2012-07-20,29,3.31,4773.73,57.8,10.12,3554.45,4341.89,221.57,6.57,0
21,2012-07-27,31,3.41,7903.89,12.92,3.43,10055.75,4183.82,221.58,6.57,0
21,2012-08-03,33,3.42,41897.36,26.8,5.27,18198.04,5735.86,221.59,6.57,0
21,2012-08-10,32,3.49,8467.09,27.6,7.17,4045.91,4196.28,221.60,6.57,0
21,2012-08-17,30,3.57,3036.2,15.6,50,3128.07,1844.7,221.68,6.57,0
21,2012-08-24,25,3.62,6291.49,3,0,5817.38,6514.73,221.81,6.57,0
21,2012-08-31,29,3.64,20597.87,43.8,29.1,9935.11,3004.08,221.94,6.57,0
21,2012-09-07,31,3.73,10259.59,20,8.12,2815.73,2279.98,222.07,6.57,1
21,2012-09-14,25,3.72,6761.03,0,9.73,1332.23,3359.45,222.22,6.57,0
21,2012-09-21,22,3.72,9104,33.73,12.28,1675.24,8387.92,222.42,6.57,0
21,2012-09-28,27,3.67,5955.46,4.91,0,1458.77,7206.16,222.62,6.57,0
21,2012-10-05,21,3.62,7818.46,0,21.03,4198.54,4532.58,222.82,6.17,0
21,2012-10-12,16,3.60,4007.81,0,15.79,610.52,3714.75,223.02,6.17,0
21,2012-10-19,20,3.59,1144.77,0,5.62,724.63,7812.29,223.06,6.17,0
21,2012-10-26,21,3.51,7477.8,24.95,206.5,754.69,2667.13,223.08,6.17,0
21,2012-11-02,14,3.39,13633.04,2829.64,8.7,8668.35,9265.51,223.10,6.17,0
21,2012-11-09,18,3.31,5082.92,2833.74,7.3,706.76,3605.89,223.12,6.17,0
21,2012-11-16,12,3.25,11914.09,797.39,82.59,2345.32,9955.35,223.15,6.17,0
21,2012-11-23,15,3.21,1522.96,0,50888.51,612.22,1948.93,223.20,6.17,1
21,2012-11-30,12,3.21,3449.34,0,3020.49,85.74,7028.14,223.24,6.17,0
21,2012-12-07,18,3.20,7489.57,0,43,2223.09,11447.95,223.29,6.17,0
21,2012-12-14,9,3.17,2091.21,0,24.09,806.12,1956.94,223.35,6.17,0
21,2012-12-21,13,3.10,3019.29,57.96,137.99,32.57,571.6,223.47,6.17,0
21,2012-12-28,5,3.11,15799.31,24462.03,45.96,169.21,1866.35,223.59,6.17,1
21,2013-01-04,4,3.16,1574.1,37942.84,29.16,44.17,4635.32,223.71,6.24,0
21,2013-01-11,9,3.24,4890.04,20083.96,3.21,870.65,6100.28,223.83,6.24,0
21,2013-01-18,5,3.24,5333.81,4806.64,0.48,145.28,9065.3,223.87,6.24,0
21,2013-01-25,11,3.23,1070.29,1806.89,0,148.35,1263.76,223.87,6.24,0
21,2013-02-01,13,3.24,12468.46,828.48,901,16156.96,1015.16,223.87,6.24,0
21,2013-02-08,14,3.42,69831.54,695.77,1073.6,49115.28,8586.08,223.87,6.24,1
21,2013-02-15,10,3.48,10045.32,2652.88,15.14,6954.74,8312.64,223.91,6.24,0
21,2013-02-22,9,3.60,6909.63,5467.83,0.8,324.38,2369.29,224.05,6.24,0
21,2013-03-01,8,3.71,16782.27,614.38,0.8,16.96,3786.08,224.20,6.24,0
21,2013-03-08,12,3.66,21126.98,166.22,10.12,7045.69,3996,224.34,6.24,0
21,2013-03-15,13,3.62,11140.72,0,2.71,763.58,3626.94,224.47,6.24,0
21,2013-03-22,16,3.61,8128.82,0,285,2342.91,1451.41,224.55,6.24,0
21,2013-03-29,11,3.61,6155.01,0,166.85,328.27,9234,224.64,6.24,0
21,2013-04-05,15,3.58,19763.06,2545.96,139.76,1836.16,3473.83,224.72,6.11,0
21,2013-04-12,16,3.53,9928.04,1749.72,10.77,1308.83,2536.69,224.80,6.11,0
21,2013-04-19,20,3.45,5994.64,245.24,33.29,133.54,1782.08,224.80,6.11,0
21,2013-04-26,15,3.42,1528.47,0,71.11,197.6,2188.24,224.80,6.11,0
21,2013-05-03,19,3.39,14645.02,50.94,21.64,6257.79,1571.81,NULL,NULL,0
21,2013-05-10,19,3.39,5638.5,530.88,6.56,1050.59,6826.73,NULL,NULL,0
21,2013-05-17,22,3.45,4804.36,431.82,2.54,1380.59,2418.72,NULL,NULL,0
21,2013-05-24,25,3.49,6191.29,338.82,540.51,1770.51,4509.52,NULL,NULL,0
21,2013-05-31,25,3.47,1201.19,299.88,286.41,14.52,317.19,NULL,NULL,0
21,2013-06-07,25,3.44,14268.61,298.32,35.8,11037.92,4805.66,NULL,NULL,0
21,2013-06-14,28,3.43,4977.85,218.38,101.6,4677.64,3926.95,NULL,NULL,0
21,2013-06-21,28,3.48,8288.11,102.69,54.82,5234.22,2785.8,NULL,NULL,0
21,2013-06-28,30,3.50,4146.88,121.56,5,4132.68,4534.76,NULL,NULL,0
21,2013-07-05,27,3.42,11620.28,769.91,436.44,15124.37,2398.91,NULL,NULL,0
21,2013-07-12,31,3.40,5957.24,869.64,24.84,2078.04,3709.36,NULL,NULL,0
21,2013-07-19,26,3.56,2598.78,577.75,115.7,843.79,2367.15,NULL,NULL,0
21,2013-07-26,29,3.62,1025.38,928.07,4,97.85,2549.08,NULL,NULL,0
22,2010-02-05,-4,2.79,0,0,0,0,0,135.35,8.28,0
22,2010-02-12,-2,2.77,0,0,0,0,0,135.41,8.28,1
22,2010-02-19,0,2.75,0,0,0,0,0,135.47,8.28,0
22,2010-02-26,2,2.75,0,0,0,0,0,135.52,8.28,0
22,2010-03-05,3,2.77,0,0,0,0,0,135.57,8.28,0
22,2010-03-12,6,2.81,0,0,0,0,0,135.63,8.28,0
22,2010-03-19,8,2.83,0,0,0,0,0,135.67,8.28,0
22,2010-03-26,9,2.83,0,0,0,0,0,135.71,8.28,0
22,2010-04-02,7,2.83,0,0,0,0,0,135.75,8.35,0
22,2010-04-09,14,2.85,0,0,0,0,0,135.79,8.35,0
22,2010-04-16,11,2.89,0,0,0,0,0,135.83,8.35,0
22,2010-04-23,11,2.90,0,0,0,0,0,135.87,8.35,0
22,2010-04-30,11,2.94,0,0,0,0,0,135.92,8.35,0
22,2010-05-07,18,2.98,0,0,0,0,0,135.96,8.35,0
22,2010-05-14,11,2.98,0,0,0,0,0,136.01,8.35,0
22,2010-05-21,16,2.96,0,0,0,0,0,136.08,8.35,0
22,2010-05-28,19,2.91,0,0,0,0,0,136.15,8.35,0
22,2010-06-04,21,2.86,0,0,0,0,0,136.22,8.35,0
22,2010-06-11,18,2.83,0,0,0,0,0,136.29,8.35,0
22,2010-06-18,20,2.81,0,0,0,0,0,136.32,8.35,0
22,2010-06-25,24,2.81,0,0,0,0,0,136.35,8.35,0
22,2010-07-02,23,2.82,0,0,0,0,0,136.37,8.43,0
22,2010-07-09,26,2.81,0,0,0,0,0,136.40,8.43,0
22,2010-07-16,25,2.80,0,0,0,0,0,136.42,8.43,0
22,2010-07-23,25,2.78,0,0,0,0,0,136.44,8.43,0
22,2010-07-30,25,2.79,0,0,0,0,0,136.46,8.43,0
22,2010-08-06,24,2.79,0,0,0,0,0,136.47,8.43,0
22,2010-08-13,24,2.81,0,0,0,0,0,136.49,8.43,0
22,2010-08-20,23,2.80,0,0,0,0,0,136.52,8.43,0
22,2010-08-27,21,2.77,0,0,0,0,0,136.56,8.43,0
22,2010-09-03,24,2.74,0,0,0,0,0,136.59,8.43,0
22,2010-09-10,20,2.72,0,0,0,0,0,136.62,8.43,1
22,2010-09-17,17,2.72,0,0,0,0,0,136.63,8.43,0
22,2010-09-24,18,2.72,0,0,0,0,0,136.63,8.43,0
22,2010-10-01,21,2.72,0,0,0,0,0,136.63,8.57,0
22,2010-10-08,14,2.78,0,0,0,0,0,136.63,8.57,0
22,2010-10-15,13,2.88,0,0,0,0,0,136.64,8.57,0
22,2010-10-22,10,2.92,0,0,0,0,0,136.69,8.57,0
22,2010-10-29,14,2.94,0,0,0,0,0,136.74,8.57,0
22,2010-11-05,7,2.94,0,0,0,0,0,136.79,8.57,0
22,2010-11-12,7,2.96,0,0,0,0,0,136.83,8.57,0
22,2010-11-19,9,3.03,0,0,0,0,0,136.77,8.57,0
22,2010-11-26,7,3.07,0,0,0,0,0,136.69,8.57,1
22,2010-12-03,4,3.07,0,0,0,0,0,136.61,8.57,0
22,2010-12-10,-2,3.13,0,0,0,0,0,136.53,8.57,0
22,2010-12-17,-1,3.14,0,0,0,0,0,136.53,8.57,0
22,2010-12-24,-1,3.15,0,0,0,0,0,136.60,8.57,0
22,2010-12-31,-2,3.18,0,0,0,0,0,136.67,8.57,1
22,2011-01-07,0,3.19,0,0,0,0,0,136.73,8.46,0
22,2011-01-14,-4,3.22,0,0,0,0,0,136.80,8.46,0
22,2011-01-21,-3,3.23,0,0,0,0,0,136.89,8.46,0
22,2011-01-28,-6,3.24,0,0,0,0,0,136.97,8.46,0
22,2011-02-04,-3,3.24,0,0,0,0,0,137.05,8.46,0
22,2011-02-11,-2,3.26,0,0,0,0,0,137.14,8.46,1
22,2011-02-18,2,3.26,0,0,0,0,0,137.25,8.46,0
22,2011-02-25,-1,3.28,0,0,0,0,0,137.38,8.46,0
22,2011-03-04,1,3.44,0,0,0,0,0,137.50,8.46,0
22,2011-03-11,5,3.60,0,0,0,0,0,137.63,8.46,0
22,2011-03-18,6,3.63,0,0,0,0,0,137.74,8.46,0
22,2011-03-25,4,3.62,0,0,0,0,0,137.85,8.46,0
22,2011-04-01,2,3.64,0,0,0,0,0,137.96,8.25,0
22,2011-04-08,7,3.72,0,0,0,0,0,138.06,8.25,0
22,2011-04-15,9,3.82,0,0,0,0,0,138.16,8.25,0
22,2011-04-22,9,3.92,0,0,0,0,0,138.25,8.25,0
22,2011-04-29,14,3.99,0,0,0,0,0,138.33,8.25,0
22,2011-05-06,12,4.08,0,0,0,0,0,138.41,8.25,0
22,2011-05-13,14,4.10,0,0,0,0,0,138.50,8.25,0
22,2011-05-20,15,4.10,0,0,0,0,0,138.59,8.25,0
22,2011-05-27,17,4.03,0,0,0,0,0,138.68,8.25,0
22,2011-06-03,21,3.97,0,0,0,0,0,138.77,8.25,0
22,2011-06-10,21,3.92,0,0,0,0,0,138.86,8.25,0
22,2011-06-17,18,3.87,0,0,0,0,0,139.00,8.25,0
22,2011-06-24,20,3.85,0,0,0,0,0,139.18,8.25,0
22,2011-07-01,22,3.82,0,0,0,0,0,139.36,8.02,0
22,2011-07-08,23,3.78,0,0,0,0,0,139.54,8.02,0
22,2011-07-15,24,3.83,0,0,0,0,0,139.70,8.02,0
22,2011-07-22,25,3.88,0,0,0,0,0,139.80,8.02,0
22,2011-07-29,24,3.90,0,0,0,0,0,139.89,8.02,0
22,2011-08-05,24,3.90,0,0,0,0,0,139.99,8.02,0
22,2011-08-12,24,3.88,0,0,0,0,0,140.09,8.02,0
22,2011-08-19,22,3.82,0,0,0,0,0,140.13,8.02,0
22,2011-08-26,22,3.80,0,0,0,0,0,140.16,8.02,0
22,2011-09-02,21,3.78,0,0,0,0,0,140.20,8.02,0
22,2011-09-09,21,3.81,0,0,0,0,0,140.23,8.02,1
22,2011-09-16,20,3.81,0,0,0,0,0,140.27,8.02,0
22,2011-09-23,17,3.76,0,0,0,0,0,140.33,8.02,0
22,2011-09-30,21,3.68,0,0,0,0,0,140.38,8.02,0
22,2011-10-07,14,3.63,0,0,0,0,0,140.43,7.71,0
22,2011-10-14,17,3.58,0,0,0,0,0,140.48,7.71,0
22,2011-10-21,15,3.62,0,0,0,0,0,140.46,7.71,0
22,2011-10-28,10,3.60,0,0,0,0,0,140.44,7.71,0
22,2011-11-04,6,3.59,0,0,0,0,0,140.43,7.71,0
22,2011-11-11,9,3.57,12691.27,16756.86,435.92,3159.94,6275.41,140.41,7.71,0
22,2011-11-18,10,3.57,16544.63,659.84,88.86,747.89,6846.81,140.41,7.71,0
22,2011-11-25,8,3.54,1649.31,0,70087.94,7.5,5266.9,140.42,7.71,1
22,2011-12-02,10,3.50,10739.64,0,926.79,3397.08,29944.71,140.43,7.71,0
22,2011-12-09,7,3.47,3311.44,0,125.93,2499.81,16837.64,140.44,7.71,0
22,2011-12-16,4,3.45,5083.51,0,463.79,423.22,4590.08,140.47,7.71,0
22,2011-12-23,4,3.41,963.24,5.39,936.62,5,4250.08,140.53,7.71,0
22,2011-12-30,2,3.40,6840.65,55072.53,35.75,388.44,5826.4,140.59,7.71,1
22,2012-01-06,1,3.44,5803.25,34453.8,22.94,1777.64,8239.01,140.65,7.50,0
22,2012-01-13,4,3.52,2325.12,19455.8,6.06,520.21,5824.45,140.70,7.50,0
22,2012-01-20,-2,3.54,1697.47,7401.88,2.73,1934.2,7147.3,140.81,7.50,0
22,2012-01-27,2,3.57,1048.86,4022.06,0,9.88,2507.98,140.91,7.50,0
22,2012-02-03,5,3.63,88646.76,5196.77,27.71,57815.43,8823.94,141.02,7.50,0
22,2012-02-10,2,3.66,10155.75,6392.28,3.34,9811.63,5448.98,141.12,7.50,1
22,2012-02-17,2,3.70,14910.44,10572.12,2,10409.34,5499.8,141.21,7.50,0
22,2012-02-24,4,3.75,10045.03,7913.38,0,8695.83,3361.36,141.30,7.50,0
22,2012-03-02,3,3.83,28298.18,3333.76,89.58,25615.48,3141.76,141.39,7.50,0
22,2012-03-09,5,3.88,7634.61,348.71,0.5,1351.75,5563.8,141.47,7.50,0
22,2012-03-16,8,3.87,8463.01,51.31,11.36,3719.23,4895.18,141.55,7.50,0
22,2012-03-23,13,3.89,5667.37,96.9,8.73,511.14,2598.98,141.63,7.50,0
22,2012-03-30,8,3.92,11628.21,29.6,3.59,1653.46,3327.97,141.70,7.50,0
22,2012-04-06,8,3.96,8593.09,0,17.67,1946.99,5729.6,141.77,7.67,0
22,2012-04-13,10,4.03,5981.5,10877.85,9.5,1633.96,1932.86,141.84,7.67,0
22,2012-04-20,15,4.05,7200.16,6519.27,14.55,54.25,3897.67,141.90,7.67,0
22,2012-04-27,11,4.02,2573.49,0.18,6.31,247.76,2140.08,141.96,7.67,0
22,2012-05-04,10,3.99,21823.53,0,37.87,6586.49,1565.11,142.02,7.67,0
22,2012-05-11,14,3.95,16294.31,0,100.09,3370.19,3482.48,142.08,7.67,0
22,2012-05-18,17,3.90,10611.25,0,51.9,1482.63,2464.02,142.10,7.67,0
22,2012-05-25,17,3.85,9329.34,0,309.12,1369.3,2638.03,142.10,7.67,0
22,2012-06-01,21,3.80,16432.28,7.6,73.36,3723.8,3331.57,142.11,7.67,0
22,2012-06-08,17,3.75,18261.32,142.4,19.79,3041.13,4316.44,142.12,7.67,0
22,2012-06-15,19,3.68,9564.7,193.9,9.06,3070.27,2588.53,142.13,7.67,0
22,2012-06-22,21,3.63,8154.53,387.4,0,2396.96,3938.83,142.16,7.67,0
22,2012-06-29,22,3.58,3297.53,345.5,0,339.38,2257.49,142.19,7.67,0
22,2012-07-06,25,3.54,10677.48,296.2,12.79,6485.38,3465.23,142.22,7.75,0
22,2012-07-13,24,3.56,4773.8,183.5,14.16,2046.91,1457.01,142.25,7.75,0
22,2012-07-20,25,3.61,3250.89,101.3,15.49,1986.27,2800.15,142.23,7.75,0
22,2012-07-27,23,3.70,5336.52,42.97,2.31,8546.62,3644.59,142.21,7.75,0
22,2012-08-03,23,3.70,35383.88,88.92,27.32,18389.63,3237.41,142.19,7.75,0
22,2012-08-10,25,3.77,7212.77,22.87,15.43,2623.17,1906.3,142.17,7.75,0
22,2012-08-17,24,3.84,5160.04,91.43,0,2273.84,2354.36,142.22,7.75,0
22,2012-08-24,21,3.87,10456.16,100.54,104.14,6657.04,4648.25,142.31,7.75,0
22,2012-08-31,22,3.88,37707.43,40.66,119.53,6761.03,2307.61,142.41,7.75,0
22,2012-09-07,23,3.92,12941.56,4,37.34,2510.1,3346.55,142.50,7.75,1
22,2012-09-14,19,3.99,7069.56,3.44,8.43,499.91,6011.9,142.59,7.75,0
22,2012-09-21,17,4.06,7150.28,106.01,19,1217.3,7556.34,142.68,7.75,0
22,2012-09-28,17,4.02,4269.8,23.73,1.72,2763.63,2130.39,142.77,7.75,0
22,2012-10-05,17,4.03,5294.37,0,4.25,1447.19,3652.84,142.85,7.54,0
22,2012-10-12,12,4.03,1558.08,0,10.35,485.2,4291.26,142.94,7.54,0
22,2012-10-19,13,4.00,2834.71,0,3.66,459.34,3171.35,142.86,7.54,0
22,2012-10-26,14,3.92,7330.98,111.86,152.91,536.08,708.93,142.76,7.54,0
22,2012-11-02,13,3.82,8793.36,10347.53,5.62,7350.89,801.32,142.66,7.54,0
22,2012-11-09,4,3.79,5336.45,9058,33.59,614.06,3508,142.56,7.54,0
22,2012-11-16,8,3.75,13516.26,2200.65,92.87,1094.21,2811.91,142.49,7.54,0
22,2012-11-23,5,3.73,1044.85,2.48,76843.7,221.02,397.21,142.47,7.54,1
22,2012-11-30,3,3.71,3762.29,0.03,10761.14,115.48,6249.6,142.45,7.54,0
22,2012-12-07,6,3.68,9343.87,0,316.56,3101.29,13828.93,142.42,7.54,0
22,2012-12-14,6,3.64,1798.47,0,53,776.72,1911.11,142.41,7.54,0
22,2012-12-21,5,3.57,5140.27,0,104.99,57.02,5504.81,142.48,7.54,0
22,2012-12-28,2,3.56,11032.13,31010.19,336.23,57.67,508.33,142.54,7.54,1
22,2013-01-04,-1,3.58,1701.21,32204.65,16.2,194,1590.59,142.60,7.33,0
22,2013-01-11,2,3.60,2715.05,17233.65,4.34,138.75,1997.23,142.67,7.33,0
22,2013-01-18,4,3.59,5009.6,3460.53,5.38,933.63,722.56,142.73,7.33,0
22,2013-01-25,-4,3.58,1131.61,1260.68,0.6,355.42,1084.89,142.80,7.33,0
22,2013-02-01,0,3.61,19102.16,1403.25,-89.1,43742.76,1549.09,142.87,7.33,0
22,2013-02-08,-2,3.76,69391.99,653.35,259.84,43631.94,3458.3,142.94,7.33,1
22,2013-02-15,0,3.81,13365.53,11869.5,0,5651.81,6681.73,142.98,7.33,0
22,2013-02-22,-1,3.87,10313.25,4247.11,-2.58,2512.93,3651.16,142.97,7.33,0
22,2013-03-01,4,3.89,2454.71,640.92,18.14,95.01,1146.29,142.96,7.33,0
22,2013-03-08,2,3.87,22078.63,90.09,36.37,8168.4,1459.36,142.95,7.33,0
22,2013-03-15,4,3.84,9987.49,0,12.66,626.76,1290.77,142.96,7.33,0
22,2013-03-22,1,3.82,9547.45,0,782,2627.85,1239.16,143.03,7.33,0
22,2013-03-29,5,3.80,8654.58,0,663.55,17.97,1681.64,143.09,7.33,0
22,2013-04-05,5,3.77,9579.66,5468.24,418.52,1560.1,1709.89,143.16,7.18,0
22,2013-04-12,10,3.72,6979.9,1768.58,30.05,1147.11,1879.41,143.22,7.18,0
22,2013-04-19,10,3.68,4083.79,24.55,40,41.05,411.72,143.22,7.18,0
22,2013-04-26,9,3.63,597.32,0,93.59,84.06,1389.8,143.22,7.18,0
22,2013-05-03,12,3.60,8346.01,5,51.34,4992.67,1232.94,NULL,NULL,0
22,2013-05-10,13,3.60,6233.29,281.88,59.27,894.51,4132.07,NULL,NULL,0
22,2013-05-17,14,3.63,7700.92,175.88,19.84,2100.48,2815.92,NULL,NULL,0
22,2013-05-24,17,3.65,4782.64,0.06,516.77,1613.52,3508.9,NULL,NULL,0
22,2013-05-31,16,3.67,5432.35,135.38,56.35,267.13,1446.6,NULL,NULL,0
22,2013-06-07,19,3.66,11086.23,1027.9,255.58,5577.47,4073.05,NULL,NULL,0
22,2013-06-14,18,3.67,6318.21,538.13,487.7,2410.86,1780.35,NULL,NULL,0
22,2013-06-21,20,3.67,3260.03,459.61,231.59,4208.46,4823.82,NULL,NULL,0
22,2013-06-28,24,3.67,5071.61,917.79,0,4025.29,2947.78,NULL,NULL,0
22,2013-07-05,24,3.64,10445.17,2347.05,376.2,6679.54,859.63,NULL,NULL,0
22,2013-07-12,25,3.65,3289.92,1101.45,27.7,1801.7,1244.52,NULL,NULL,0
22,2013-07-19,27,3.80,1117.95,1068.78,192.45,374,835.61,NULL,NULL,0
22,2013-07-26,23,3.88,329.08,769.49,16.95,33.83,1043.07,NULL,NULL,0
23,2010-02-05,-9,2.79,0,0,0,0,0,131.53,5.89,0
23,2010-02-12,-7,2.77,0,0,0,0,0,131.59,5.89,1
23,2010-02-19,-3,2.75,0,0,0,0,0,131.64,5.89,0
23,2010-02-26,0,2.75,0,0,0,0,0,131.69,5.89,0
23,2010-03-05,1,2.77,0,0,0,0,0,131.74,5.89,0
23,2010-03-12,2,2.81,0,0,0,0,0,131.78,5.89,0
23,2010-03-19,6,2.83,0,0,0,0,0,131.82,5.89,0
23,2010-03-26,4,2.83,0,0,0,0,0,131.86,5.89,0
23,2010-04-02,5,2.83,0,0,0,0,0,131.90,5.44,0
23,2010-04-09,14,2.85,0,0,0,0,0,131.94,5.44,0
23,2010-04-16,7,2.89,0,0,0,0,0,131.98,5.44,0
23,2010-04-23,8,2.90,0,0,0,0,0,132.02,5.44,0
23,2010-04-30,7,2.94,0,0,0,0,0,132.06,5.44,0
23,2010-05-07,16,2.98,0,0,0,0,0,132.11,5.44,0
23,2010-05-14,7,2.98,0,0,0,0,0,132.15,5.44,0
23,2010-05-21,14,2.96,0,0,0,0,0,132.22,5.44,0
23,2010-05-28,21,2.91,0,0,0,0,0,132.29,5.44,0
23,2010-06-04,18,2.86,0,0,0,0,0,132.36,5.44,0
23,2010-06-11,15,2.83,0,0,0,0,0,132.44,5.44,0
23,2010-06-18,16,2.81,0,0,0,0,0,132.47,5.44,0
23,2010-06-25,21,2.81,0,0,0,0,0,132.50,5.44,0
23,2010-07-02,18,2.82,0,0,0,0,0,132.52,5.33,0
23,2010-07-09,25,2.81,0,0,0,0,0,132.55,5.33,0
23,2010-07-16,23,2.80,0,0,0,0,0,132.57,5.33,0
23,2010-07-23,21,2.78,0,0,0,0,0,132.58,5.33,0
23,2010-07-30,21,2.79,0,0,0,0,0,132.60,5.33,0
23,2010-08-06,21,2.79,0,0,0,0,0,132.61,5.33,0
23,2010-08-13,20,2.81,0,0,0,0,0,132.63,5.33,0
23,2010-08-20,20,2.80,0,0,0,0,0,132.66,5.33,0
23,2010-08-27,17,2.77,0,0,0,0,0,132.69,5.33,0
23,2010-09-03,23,2.74,0,0,0,0,0,132.72,5.33,0
23,2010-09-10,17,2.72,0,0,0,0,0,132.76,5.33,1
23,2010-09-17,13,2.72,0,0,0,0,0,132.77,5.33,0
23,2010-09-24,14,2.72,0,0,0,0,0,132.76,5.33,0
23,2010-10-01,17,2.72,0,0,0,0,0,132.76,5.29,0
23,2010-10-08,10,2.78,0,0,0,0,0,132.75,5.29,0
23,2010-10-15,8,2.88,0,0,0,0,0,132.76,5.29,0
23,2010-10-22,6,2.92,0,0,0,0,0,132.82,5.29,0
23,2010-10-29,9,2.94,0,0,0,0,0,132.87,5.29,0
23,2010-11-05,3,2.94,0,0,0,0,0,132.92,5.29,0
23,2010-11-12,2,2.96,0,0,0,0,0,132.98,5.29,0
23,2010-11-19,5,3.03,0,0,0,0,0,132.92,5.29,0
23,2010-11-26,2,3.07,0,0,0,0,0,132.84,5.29,1
23,2010-12-03,1,3.07,0,0,0,0,0,132.76,5.29,0
23,2010-12-10,-7,3.13,0,0,0,0,0,132.68,5.29,0
23,2010-12-17,-5,3.14,0,0,0,0,0,132.68,5.29,0
23,2010-12-24,-5,3.15,0,0,0,0,0,132.75,5.29,0
23,2010-12-31,-7,3.18,0,0,0,0,0,132.82,5.29,1
23,2011-01-07,-2,3.19,0,0,0,0,0,132.88,5.11,0
23,2011-01-14,-8,3.22,0,0,0,0,0,132.95,5.11,0
23,2011-01-21,-9,3.23,0,0,0,0,0,133.03,5.11,0
23,2011-01-28,-12,3.24,0,0,0,0,0,133.11,5.11,0
23,2011-02-04,-10,3.24,0,0,0,0,0,133.18,5.11,0
23,2011-02-11,-6,3.26,0,0,0,0,0,133.26,5.11,1
23,2011-02-18,-3,3.26,0,0,0,0,0,133.37,5.11,0
23,2011-02-25,-8,3.28,0,0,0,0,0,133.49,5.11,0
23,2011-03-04,-6,3.44,0,0,0,0,0,133.61,5.11,0
23,2011-03-11,-1,3.60,0,0,0,0,0,133.74,5.11,0
23,2011-03-18,3,3.63,0,0,0,0,0,133.85,5.11,0
23,2011-03-25,-2,3.62,0,0,0,0,0,133.96,5.11,0
23,2011-04-01,-1,3.64,0,0,0,0,0,134.07,4.78,0
23,2011-04-08,3,3.72,0,0,0,0,0,134.18,4.78,0
23,2011-04-15,8,3.82,0,0,0,0,0,134.28,4.78,0
23,2011-04-22,4,3.92,0,0,0,0,0,134.36,4.78,0
23,2011-04-29,12,3.99,0,0,0,0,0,134.44,4.78,0
23,2011-05-06,10,4.08,0,0,0,0,0,134.51,4.78,0
23,2011-05-13,13,4.10,0,0,0,0,0,134.59,4.78,0
23,2011-05-20,14,4.10,0,0,0,0,0,134.68,4.78,0
23,2011-05-27,17,4.03,0,0,0,0,0,134.77,4.78,0
23,2011-06-03,20,3.97,0,0,0,0,0,134.86,4.78,0
23,2011-06-10,18,3.92,0,0,0,0,0,134.94,4.78,0
23,2011-06-17,16,3.87,0,0,0,0,0,135.08,4.78,0
23,2011-06-24,18,3.85,0,0,0,0,0,135.27,4.78,0
23,2011-07-01,19,3.82,0,0,0,0,0,135.45,4.58,0
23,2011-07-08,21,3.78,0,0,0,0,0,135.63,4.58,0
23,2011-07-15,21,3.83,0,0,0,0,0,135.78,4.58,0
23,2011-07-22,25,3.88,0,0,0,0,0,135.87,4.58,0
23,2011-07-29,21,3.90,0,0,0,0,0,135.96,4.58,0
23,2011-08-05,21,3.90,0,0,0,0,0,136.05,4.58,0
23,2011-08-12,21,3.88,0,0,0,0,0,136.14,4.58,0
23,2011-08-19,19,3.82,0,0,0,0,0,136.18,4.58,0
23,2011-08-26,19,3.80,0,0,0,0,0,136.21,4.58,0
23,2011-09-02,19,3.78,0,0,0,0,0,136.24,4.58,0
23,2011-09-09,19,3.81,0,0,0,0,0,136.27,4.58,1
23,2011-09-16,16,3.81,0,0,0,0,0,136.31,4.58,0
23,2011-09-23,14,3.76,0,0,0,0,0,136.37,4.58,0
23,2011-09-30,18,3.68,0,0,0,0,0,136.42,4.58,0
23,2011-10-07,9,3.63,0,0,0,0,0,136.47,4.42,0
23,2011-10-14,14,3.58,0,0,0,0,0,136.52,4.42,0
23,2011-10-21,11,3.62,0,0,0,0,0,136.50,4.42,0
23,2011-10-28,6,3.60,0,0,0,0,0,136.49,4.42,0
23,2011-11-04,4,3.59,0,0,0,0,0,136.48,4.42,0
23,2011-11-11,7,3.57,9157.72,9619.31,286.88,3834.44,3543.37,136.46,4.42,0
23,2011-11-18,7,3.57,3761.33,206.48,140.88,529.68,5284.63,136.47,4.42,0
23,2011-11-25,2,3.54,70.24,47.47,103991.94,7,677.31,136.48,4.42,1
23,2011-12-02,6,3.50,6134.68,50.47,8734.68,5080.3,20441.81,136.49,4.42,0
23,2011-12-09,2,3.47,5491.42,0,611.34,4318.8,13208.67,136.50,4.42,0
23,2011-12-16,1,3.45,6112.33,19.18,738.38,591.22,4241.95,136.53,4.42,0
23,2011-12-23,-2,3.41,1003.58,14.2,1683.17,2,570.74,136.59,4.42,0
23,2011-12-30,-5,3.40,3895.97,50366.6,237.87,1099.12,2573.14,136.64,4.42,1
23,2012-01-06,-4,3.44,4230.07,34854.95,38.18,2408.34,3931.61,136.70,4.26,0
23,2012-01-13,-2,3.52,2766.24,15216.56,4.84,807.22,2273.23,136.75,4.26,0
23,2012-01-20,-9,3.54,2437.41,4576.79,0,2251.32,1848.96,136.86,4.26,0
23,2012-01-27,-3,3.57,957.2,3319.68,0,9,1709.6,136.96,4.26,0
23,2012-02-03,-1,3.63,35688.59,6055.11,132.8,43218.61,5335.65,137.06,4.26,0
23,2012-02-10,-3,3.66,8770.83,8403.67,56.54,9800.67,6133.9,137.17,4.26,1
23,2012-02-17,-3,3.70,8924.48,10140.32,1.88,6699.65,2236.81,137.26,4.26,0
23,2012-02-24,0,3.75,18500.67,10478.33,0,7541.62,7320.47,137.34,4.26,0
23,2012-03-02,-3,3.83,29917.01,4311.34,32.93,23421.73,2723,137.42,4.26,0
23,2012-03-09,1,3.88,8575.57,1125.61,5.08,4365.63,2742.87,137.51,4.26,0
23,2012-03-16,5,3.87,5739.62,110.48,6.03,3380.28,838.7,137.58,4.26,0
23,2012-03-23,14,3.89,3502.06,72.5,6.97,276.39,1541.93,137.66,4.26,0
23,2012-03-30,3,3.92,8920.01,116.41,7.09,1010.3,3025.4,137.73,4.26,0
23,2012-04-06,3,3.96,8261.41,0,60,3647.54,3494.82,137.80,4.13,0
23,2012-04-13,5,4.03,4460.9,4852.66,25.17,2064.48,1879.86,137.87,4.13,0
23,2012-04-20,14,4.05,2438.53,6551.03,30.84,502.31,4874.16,137.92,4.13,0
23,2012-04-27,7,4.02,2622.72,1325.48,27.04,2,2132.69,137.98,4.13,0
23,2012-05-04,8,3.99,9941.93,0,99.93,4899.79,2841.41,138.03,4.13,0
23,2012-05-11,12,3.95,8839.9,0,58.82,1419.42,2237.57,138.09,4.13,0
23,2012-05-18,15,3.90,9364.2,0,104.01,516.81,1374.13,138.11,4.13,0
23,2012-05-25,19,3.85,7101.14,0,246.45,1017.09,2752.95,138.11,4.13,0
23,2012-06-01,19,3.80,4238.85,92.2,61.64,1401.23,2312.38,138.11,4.13,0
23,2012-06-08,14,3.75,7565.4,503.4,220.02,2581.42,6208.43,138.12,4.13,0
23,2012-06-15,18,3.68,4810.62,442.3,41.03,1361.6,2213.38,138.13,4.13,0
23,2012-06-22,22,3.63,5810.83,658.1,8.28,2064.37,5454.93,138.16,4.13,0
23,2012-06-29,18,3.58,2621.06,199.8,0,343.88,1888.97,138.20,4.13,0
23,2012-07-06,22,3.54,6918.05,103.8,26.79,6112.89,5184.17,138.23,4.16,0
23,2012-07-13,21,3.56,4159.57,99.3,0.47,3148.73,1106.63,138.26,4.16,0
23,2012-07-20,22,3.61,2538.45,5.7,38.15,437.8,1377.22,138.23,4.16,0
23,2012-07-27,21,3.70,3050.22,205.08,7.05,3797.44,3275.95,138.20,4.16,0
23,2012-08-03,22,3.70,2030.27,77.84,25.26,1810.24,1863.72,138.17,4.16,0
23,2012-08-10,22,3.77,23983.92,144.9,106.86,13110.54,4860.8,138.14,4.16,0
23,2012-08-17,21,3.84,2665.76,33.79,50.4,1135.93,3513.48,138.19,4.16,0
23,2012-08-24,18,3.87,3082.87,134.11,55,5325.05,5906.69,138.28,4.16,0
23,2012-08-31,20,3.88,17318.35,23.29,118.36,4812.58,3030.79,138.38,4.16,0
23,2012-09-07,19,3.92,13578.43,91.22,85.23,1288.27,4827.11,138.47,4.16,1
23,2012-09-14,16,3.99,5186.12,0,21.5,990.89,7934.73,138.57,4.16,0
23,2012-09-21,14,4.06,7503.68,200.82,10.5,1993.04,6412.69,138.65,4.16,0
23,2012-09-28,12,4.02,4330.13,60.55,4.72,2646.89,3369.45,138.74,4.16,0
23,2012-10-05,14,4.03,5347.45,0,6.73,2506.49,3127.25,138.83,4.15,0
23,2012-10-12,9,4.03,1557.1,0,1.12,998.46,5518.58,138.91,4.15,0
23,2012-10-19,9,4.00,1134.33,0,2.15,625.26,1894.98,138.83,4.15,0
23,2012-10-26,10,3.92,4782.75,124.72,118.91,1316.96,738.09,138.73,4.15,0
23,2012-11-02,11,3.82,10193.06,15530.99,101.46,7331.85,3121.88,138.62,4.15,0
23,2012-11-09,1,3.79,6666.07,12333.44,55.46,378.43,1535.97,138.52,4.15,0
23,2012-11-16,4,3.75,12248.53,2087.92,97.9,924.92,4618.61,138.45,4.15,0
23,2012-11-23,1,3.73,1175.67,4.55,130129.11,479.96,2481.14,138.42,4.15,1
23,2012-11-30,-2,3.71,3561.58,0,6164.44,118.48,6845.64,138.40,4.15,0
23,2012-12-07,2,3.68,9753.23,0,368,2161.12,15793.3,138.38,4.15,0
23,2012-12-14,1,3.64,3274.65,0,566,4.88,965.77,138.37,4.15,0
23,2012-12-21,0,3.57,3950.75,91.42,319.49,6,2045.31,138.43,4.15,0
23,2012-12-28,-6,3.56,13285.54,28922.45,274.02,143.69,1233.63,138.49,4.15,1
23,2013-01-04,-11,3.58,2827.22,42920.21,104.62,8,5590.76,138.55,3.93,0
23,2013-01-11,-3,3.60,2680.8,31738.61,21.8,26.82,2753.57,138.61,3.93,0
23,2013-01-18,-1,3.59,8812.89,8287.62,4.36,1783.08,1446.42,138.67,3.93,0
23,2013-01-25,-11,3.58,1857.58,2675.46,0.2,240.9,1186.84,138.73,3.93,0
23,2013-02-01,-6,3.61,26536.25,1716.26,74.1,49781.21,1938.48,138.80,3.93,0
23,2013-02-08,-9,3.76,77017.24,407.32,453.2,49809.3,4834.74,138.86,3.93,1
23,2013-02-15,-4,3.81,-563.9,2825.54,21,5510.21,4677.39,138.90,3.93,0
23,2013-02-22,-6,3.87,14956.07,6109.29,6.58,2330.31,2469.24,138.88,3.93,0
23,2013-03-01,0,3.89,2573.35,1388.9,0.4,28,1979.19,138.87,3.93,0
23,2013-03-08,-2,3.87,24141.13,168.8,29.03,12336.26,2166.83,138.85,3.93,0
23,2013-03-15,1,3.84,6873.63,0,9.44,4308.41,870.62,138.86,3.93,0
23,2013-03-22,-5,3.82,9906.33,0,1276,2520.51,1482.2,138.93,3.93,0
23,2013-03-29,1,3.80,6361.04,0,1031.38,0,2596.96,138.99,3.93,0
23,2013-04-05,2,3.77,15085.79,4569.13,185.91,2067.42,2092.26,139.06,3.68,0
23,2013-04-12,4,3.72,3351.11,4315.25,73.52,1882,1737.99,139.12,3.68,0
23,2013-04-19,8,3.68,4078.28,774.31,88,0,547.3,139.12,3.68,0
23,2013-04-26,7,3.63,935.55,0,123.83,144.15,1458.71,139.12,3.68,0
23,2013-05-03,14,3.60,10960.27,20.94,39.58,5578.26,1542.6,NULL,NULL,0
23,2013-05-10,17,3.60,5152.32,148.88,71.44,910.25,8014.64,NULL,NULL,0
23,2013-05-17,11,3.63,7354.81,120,20,2070.33,2859.78,NULL,NULL,0
23,2013-05-24,15,3.65,4187.73,57.14,527.95,1874.86,3288.77,NULL,NULL,0
23,2013-05-31,13,3.67,3016.57,232.92,118.16,4.88,707.44,NULL,NULL,0
23,2013-06-07,17,3.66,10347.04,939.37,133.54,7627.09,5152.24,NULL,NULL,0
23,2013-06-14,15,3.67,7423.05,752.05,536.11,4270.64,1522.39,NULL,NULL,0
23,2013-06-21,16,3.67,3060.07,664.15,371.32,3959.1,2665.07,NULL,NULL,0
23,2013-06-28,22,3.67,7797.94,801.91,0,7134.79,6328.6,NULL,NULL,0
23,2013-07-05,22,3.64,13470.41,3153.08,641.03,9606.81,1756.07,NULL,NULL,0
23,2013-07-12,23,3.65,5400.9,3007.75,92.3,4927.28,1570.41,NULL,NULL,0
23,2013-07-19,25,3.80,2012.07,2048.49,383.62,367.34,3116.46,NULL,NULL,0
23,2013-07-26,19,3.88,150.46,1764.66,191.56,5.92,493.85,NULL,NULL,0
24,2010-02-05,-5,2.95,0,0,0,0,0,131.53,8.33,0
24,2010-02-12,-3,2.94,0,0,0,0,0,131.59,8.33,1
24,2010-02-19,-1,2.91,0,0,0,0,0,131.64,8.33,0
24,2010-02-26,1,2.91,0,0,0,0,0,131.69,8.33,0
24,2010-03-05,3,2.92,0,0,0,0,0,131.74,8.33,0
24,2010-03-12,6,2.94,0,0,0,0,0,131.78,8.33,0
24,2010-03-19,8,2.96,0,0,0,0,0,131.82,8.33,0
24,2010-03-26,9,2.96,0,0,0,0,0,131.86,8.33,0
24,2010-04-02,7,2.96,0,0,0,0,0,131.90,8.21,0
24,2010-04-09,17,2.99,0,0,0,0,0,131.94,8.21,0
24,2010-04-16,11,3.01,0,0,0,0,0,131.98,8.21,0
24,2010-04-23,11,3.02,0,0,0,0,0,132.02,8.21,0
24,2010-04-30,11,3.04,0,0,0,0,0,132.06,8.21,0
24,2010-05-07,19,3.10,0,0,0,0,0,132.11,8.21,0
24,2010-05-14,11,3.11,0,0,0,0,0,132.15,8.21,0
24,2010-05-21,16,3.10,0,0,0,0,0,132.22,8.21,0
24,2010-05-28,21,3.05,0,0,0,0,0,132.29,8.21,0
24,2010-06-04,22,3.01,0,0,0,0,0,132.36,8.21,0
24,2010-06-11,18,2.97,0,0,0,0,0,132.44,8.21,0
24,2010-06-18,20,2.94,0,0,0,0,0,132.47,8.21,0
24,2010-06-25,24,2.96,0,0,0,0,0,132.50,8.21,0
24,2010-07-02,22,2.96,0,0,0,0,0,132.52,8.12,0
24,2010-07-09,26,2.94,0,0,0,0,0,132.55,8.12,0
24,2010-07-16,25,2.93,0,0,0,0,0,132.57,8.12,0
24,2010-07-23,24,2.92,0,0,0,0,0,132.58,8.12,0
24,2010-07-30,24,2.93,0,0,0,0,0,132.60,8.12,0
24,2010-08-06,24,2.94,0,0,0,0,0,132.61,8.12,0
24,2010-08-13,23,2.92,0,0,0,0,0,132.63,8.12,0
24,2010-08-20,22,2.91,0,0,0,0,0,132.66,8.12,0
24,2010-08-27,19,2.89,0,0,0,0,0,132.69,8.12,0
24,2010-09-03,23,2.86,0,0,0,0,0,132.72,8.12,0
24,2010-09-10,20,2.84,0,0,0,0,0,132.76,8.12,1
24,2010-09-17,16,2.85,0,0,0,0,0,132.77,8.12,0
24,2010-09-24,18,2.84,0,0,0,0,0,132.76,8.12,0
24,2010-10-01,19,2.84,0,0,0,0,0,132.76,8.28,0
24,2010-10-08,13,2.90,0,0,0,0,0,132.75,8.28,0
24,2010-10-15,12,3.00,0,0,0,0,0,132.76,8.28,0
24,2010-10-22,9,3.05,0,0,0,0,0,132.82,8.28,0
24,2010-10-29,14,3.06,0,0,0,0,0,132.87,8.28,0
24,2010-11-05,6,3.05,0,0,0,0,0,132.92,8.28,0
24,2010-11-12,5,3.07,0,0,0,0,0,132.98,8.28,0
24,2010-11-19,8,3.14,0,0,0,0,0,132.92,8.28,0
24,2010-11-26,6,3.19,0,0,0,0,0,132.84,8.28,1
24,2010-12-03,3,3.20,0,0,0,0,0,132.76,8.28,0
24,2010-12-10,-3,3.26,0,0,0,0,0,132.68,8.28,0
24,2010-12-17,-2,3.30,0,0,0,0,0,132.68,8.28,0
24,2010-12-24,-2,3.31,0,0,0,0,0,132.75,8.28,0
24,2010-12-31,-3,3.34,0,0,0,0,0,132.82,8.28,1
24,2011-01-07,-1,3.35,0,0,0,0,0,132.88,8.25,0
24,2011-01-14,-5,3.37,0,0,0,0,0,132.95,8.25,0
24,2011-01-21,-5,3.39,0,0,0,0,0,133.03,8.25,0
24,2011-01-28,-8,3.40,0,0,0,0,0,133.11,8.25,0
24,2011-02-04,-5,3.40,0,0,0,0,0,133.18,8.25,0
24,2011-02-11,-3,3.42,0,0,0,0,0,133.26,8.25,1
24,2011-02-18,1,3.42,0,0,0,0,0,133.37,8.25,0
24,2011-02-25,-3,3.45,0,0,0,0,0,133.49,8.25,0
24,2011-03-04,0,3.61,0,0,0,0,0,133.61,8.25,0
24,2011-03-11,4,3.75,0,0,0,0,0,133.74,8.25,0
24,2011-03-18,6,3.80,0,0,0,0,0,133.85,8.25,0
24,2011-03-25,3,3.79,0,0,0,0,0,133.96,8.25,0
24,2011-04-01,2,3.81,0,0,0,0,0,134.07,8.21,0
24,2011-04-08,7,3.90,0,0,0,0,0,134.18,8.21,0
24,2011-04-15,11,3.98,0,0,0,0,0,134.28,8.21,0
24,2011-04-22,8,4.06,0,0,0,0,0,134.36,8.21,0
24,2011-04-29,16,4.12,0,0,0,0,0,134.44,8.21,0
24,2011-05-06,13,4.19,0,0,0,0,0,134.51,8.21,0
24,2011-05-13,15,4.21,0,0,0,0,0,134.59,8.21,0
24,2011-05-20,15,4.20,0,0,0,0,0,134.68,8.21,0
24,2011-05-27,19,4.13,0,0,0,0,0,134.77,8.21,0
24,2011-06-03,23,4.07,0,0,0,0,0,134.86,8.21,0
24,2011-06-10,21,4.03,0,0,0,0,0,134.94,8.21,0
24,2011-06-17,18,3.99,0,0,0,0,0,135.08,8.21,0
24,2011-06-24,20,3.96,0,0,0,0,0,135.27,8.21,0
24,2011-07-01,21,3.92,0,0,0,0,0,135.45,8.36,0
24,2011-07-08,23,3.89,0,0,0,0,0,135.63,8.36,0
24,2011-07-15,24,3.92,0,0,0,0,0,135.78,8.36,0
24,2011-07-22,26,3.97,0,0,0,0,0,135.87,8.36,0
24,2011-07-29,24,4.00,0,0,0,0,0,135.96,8.36,0
24,2011-08-05,24,4.02,0,0,0,0,0,136.05,8.36,0
24,2011-08-12,23,4.00,0,0,0,0,0,136.14,8.36,0
24,2011-08-19,21,3.94,0,0,0,0,0,136.18,8.36,0
24,2011-08-26,21,3.91,0,0,0,0,0,136.21,8.36,0
24,2011-09-02,20,3.88,0,0,0,0,0,136.24,8.36,0
24,2011-09-09,20,3.93,0,0,0,0,0,136.27,8.36,1
24,2011-09-16,19,3.94,0,0,0,0,0,136.31,8.36,0
24,2011-09-23,16,3.90,0,0,0,0,0,136.37,8.36,0
24,2011-09-30,20,3.86,0,0,0,0,0,136.42,8.36,0
24,2011-10-07,12,3.78,0,0,0,0,0,136.47,8.45,0
24,2011-10-14,16,3.74,0,0,0,0,0,136.52,8.45,0
24,2011-10-21,14,3.76,0,0,0,0,0,136.50,8.45,0
24,2011-10-28,9,3.76,0,0,0,0,0,136.49,8.45,0
24,2011-11-04,4,3.74,0,0,0,0,0,136.48,8.45,0
24,2011-11-11,8,3.72,9391.17,20595.49,686.11,5950.16,6034.65,136.46,8.45,0
24,2011-11-18,9,3.72,9025.52,794.02,198.98,2629.75,5364.55,136.47,8.45,0
24,2011-11-25,5,3.69,2571.98,66.94,64304.51,221.93,3661.62,136.48,8.45,1
24,2011-12-02,8,3.67,4825.79,126.88,1601.23,6002.36,19966.73,136.49,8.45,0
24,2011-12-09,6,3.63,8915.25,0,209.71,2399.76,23368.58,136.50,8.45,0
24,2011-12-16,2,3.61,6244.37,9.09,143.42,1766.33,5516.14,136.53,8.45,0
24,2011-12-23,3,3.59,1813.06,632.93,1633.67,51.66,1309.54,136.59,8.45,0
24,2011-12-30,1,3.57,5743.34,44499.08,228.23,1242.49,4310.79,136.64,8.45,1
24,2012-01-06,0,3.59,7325.68,25367.9,203.51,1745.2,3261.35,136.70,8.66,0
24,2012-01-13,3,3.67,3545.34,8743.62,127.43,819.74,4434.08,136.75,8.66,0
24,2012-01-20,-3,3.71,2809.05,7169.67,171.45,730.64,3663.25,136.86,8.66,0
24,2012-01-27,0,3.74,755.78,4142.75,190.3,90.5,2594.66,136.96,8.66,0
24,2012-02-03,4,3.80,65021.23,4189.09,254.01,47452.43,7146.25,137.06,8.66,0
24,2012-02-10,1,3.83,11788.06,6777.04,73.29,11571.69,4451.85,137.17,8.66,1
24,2012-02-17,1,3.87,12244.57,10925.86,25.52,15725.51,5533.12,137.26,8.66,0
24,2012-02-24,3,3.92,10065.77,10556.73,2.2,6791.1,9440.12,137.34,8.66,0
24,2012-03-02,2,3.98,5903.53,3495.48,18.15,110.37,3688.64,137.42,8.66,0
24,2012-03-09,5,4.02,21306.54,1190.23,2.49,34839.93,3932.94,137.51,8.66,0
24,2012-03-16,9,4.02,10310.26,920.9,1.02,3250.66,1844.03,137.58,8.66,0
24,2012-03-23,15,4.05,5283.83,652.04,3.4,552.16,3402.95,137.66,8.66,0
24,2012-03-30,8,4.10,11314.86,475.99,4,5456.51,1749.37,137.73,8.66,0
24,2012-04-06,7,4.14,24195.01,0,59.68,3082.34,5170.39,137.80,8.98,0
24,2012-04-13,9,4.19,4765.31,5896.55,57.4,1204.7,3980.37,137.87,8.98,0
24,2012-04-20,16,4.17,10959.96,3425.69,79.48,1682.87,4506.82,137.92,8.98,0
24,2012-04-27,10,4.16,12968.26,729.55,39.25,1121.45,15101.9,137.98,8.98,0
24,2012-05-04,11,4.12,19129.69,192,195.04,5860.88,4953.15,138.03,8.98,0
24,2012-05-11,15,4.06,6503.15,-192,97.28,1798.06,1286.62,138.09,8.98,0
24,2012-05-18,17,4.03,5955.53,0,187,1529.05,4424.94,138.11,8.98,0
24,2012-05-25,19,3.98,15776.58,0,624.13,3992.12,3763.4,138.11,8.98,0
24,2012-06-01,22,3.92,5320.71,42.2,204.43,883.54,2374.74,138.11,8.98,0
24,2012-06-08,16,3.87,15742.14,250.6,35.76,3050.95,7604.47,138.12,8.98,0
24,2012-06-15,20,3.79,11618.99,217.9,9.33,2449.86,5633.09,138.13,8.98,0
24,2012-06-22,22,3.72,8790.16,749.1,30.57,4434.39,7308.24,138.16,8.98,0
24,2012-06-29,21,3.67,5708.44,329.3,0,1310.41,4292.22,138.20,8.98,0
24,2012-07-06,25,3.65,2920.43,559.3,181.49,1218.55,3889.14,138.23,8.95,0
24,2012-07-13,24,3.69,7991.43,136.9,111.69,5852.88,4022.09,138.26,8.95,0
24,2012-07-20,25,3.73,571.85,126.88,145.72,614.55,1867.65,138.23,8.95,0
24,2012-07-27,23,3.82,4638.37,501.84,15.86,4124.82,4218.24,138.20,8.95,0
24,2012-08-03,23,3.82,11887.54,557.1,138.39,9345.76,2781.67,138.17,8.95,0
24,2012-08-10,24,3.86,37938.11,798.52,178.81,12823.7,5682.73,138.14,8.95,0
24,2012-08-17,23,3.96,4703.02,262.05,9.3,4744.01,1858.94,138.19,8.95,0
24,2012-08-24,20,4.00,8778.19,280.89,91.01,8868.81,3798.51,138.28,8.95,0
24,2012-08-31,22,4.03,34000.98,79.5,69.24,8772.12,4937.68,138.38,8.95,0
24,2012-09-07,23,4.08,15092.87,60.92,89.01,2756.36,4563.61,138.47,8.95,1
24,2012-09-14,18,4.09,8179.55,1,30.77,1838.92,3353.34,138.57,8.95,0
24,2012-09-21,16,4.20,11768.07,1.91,56.98,873.12,6190.47,138.65,8.95,0
24,2012-09-28,15,4.16,11941.13,15.28,21.76,984.11,7013.13,138.74,8.95,0
24,2012-10-05,16,4.15,10349,0,16.05,5824.86,2770.76,138.83,8.69,0
24,2012-10-12,11,4.19,5138.51,0,141.88,407.81,3284.69,138.91,8.69,0
24,2012-10-19,11,4.15,3446.7,0,101,111.46,5963.01,138.83,8.69,0
24,2012-10-26,13,4.07,10844.38,104.16,105.09,1795.68,3059.8,138.73,8.69,0
24,2012-11-02,12,3.97,8313.92,11811.73,63.68,3537.32,4877.52,138.62,8.69,0
24,2012-11-09,3,3.95,8076.39,5372.88,9.64,2701.13,3827.64,138.52,8.69,0
24,2012-11-16,7,3.94,8149.83,130.3,56.52,1211.08,5557.03,138.45,8.69,0
24,2012-11-23,2,3.98,3652.05,0.01,79498.33,557.88,1721.64,138.42,8.69,1
24,2012-11-30,2,3.97,3750.57,0,5377.51,424.97,5694.17,138.40,8.69,0
24,2012-12-07,4,3.92,9746.87,0,256.91,2952.39,15937.45,138.38,8.69,0
24,2012-12-14,3,3.87,3044.95,0,94,461.87,3190.09,138.37,8.69,0
24,2012-12-21,3,3.82,5534.28,97.5,83.27,123.39,1423.9,138.43,8.69,0
24,2012-12-28,0,3.79,13207.59,24639.5,242.13,283.98,1952.87,138.49,8.69,1
24,2013-01-04,-4,3.79,4003.39,31311.4,45.78,55.46,3545.98,138.55,8.75,0
24,2013-01-11,1,3.80,4802.99,25691.42,9.33,240.11,3571.6,138.61,8.75,0
24,2013-01-18,2,3.80,10280.65,8762.33,6.62,3250.76,2390.43,138.67,8.75,0
24,2013-01-25,-5,3.78,5304.44,4001.75,0.3,1142.67,2835.01,138.73,8.75,0
24,2013-02-01,-1,3.81,16578.16,3771.2,248.7,36615.03,1773.02,138.80,8.75,0
24,2013-02-08,-4,3.95,67978.21,3160.58,510.7,56735.25,6406.18,138.86,8.75,1
24,2013-02-15,-1,4.01,30387.5,3345.17,10.2,24079.57,4095.4,138.90,8.75,0
24,2013-02-22,-2,4.05,11374.11,4177.67,0,7126.19,5515.89,138.88,8.75,0
24,2013-03-01,2,4.08,7463.25,1240.37,0.8,3203.05,1626.23,138.87,8.75,0
24,2013-03-08,1,4.05,25493.43,589.16,28.38,12134.86,3029.84,138.85,8.75,0
24,2013-03-15,4,4.03,13908.82,0,4.45,3777.98,2512.83,138.86,8.75,0
24,2013-03-22,0,4.00,3691.42,0,716,573.07,1693.38,138.93,8.75,0
24,2013-03-29,4,3.98,14769.88,0,504.45,2956.94,3683.87,138.99,8.75,0
24,2013-04-05,5,3.95,11628.38,6169.32,317.18,4239.74,2843.86,139.06,8.36,0
24,2013-04-12,10,3.91,4629.04,1215.02,65.54,3291.28,1867.73,139.12,8.36,0
24,2013-04-19,11,3.88,12838.71,108.99,70.7,17.58,1967,139.12,8.36,0
24,2013-04-26,9,3.81,1282.07,0,93.5,95.04,1844.13,139.12,8.36,0
24,2013-05-03,14,3.78,10594.55,0,70.55,7033.58,1503.35,NULL,NULL,0
24,2013-05-10,15,3.76,6334.38,57,50.79,2380.2,9520.36,NULL,NULL,0
24,2013-05-17,14,3.79,7745.47,282.7,13.92,1182.7,4976.83,NULL,NULL,0
24,2013-05-24,18,3.79,8367.87,232.82,390.81,3406.78,1171.95,NULL,NULL,0
24,2013-05-31,16,3.81,3842.27,294.81,784.9,46.23,3128.36,NULL,NULL,0
24,2013-06-07,19,3.79,14157.66,847.12,298.64,8979.83,4865.35,NULL,NULL,0
24,2013-06-14,17,3.80,5291.57,642.43,607.93,3835.43,3738.93,NULL,NULL,0
24,2013-06-21,19,3.79,3400.51,781.14,269.86,5943.6,3837.67,NULL,NULL,0
24,2013-06-28,24,3.80,6183.9,1030.79,10.1,8227.58,3617.85,NULL,NULL,0
24,2013-07-05,25,3.78,12403.94,3807.42,820.9,10917.69,2649.91,NULL,NULL,0
24,2013-07-12,25,3.79,3210.19,2023.12,174.96,192.14,856.79,NULL,NULL,0
24,2013-07-19,27,3.91,4118.48,2005.75,222.77,4054.95,2534.83,NULL,NULL,0
24,2013-07-26,23,3.95,3592.9,1925.68,8.1,905.63,1607.87,NULL,NULL,0
25,2010-02-05,-6,2.78,0,0,0,0,0,204.25,8.19,0
25,2010-02-12,-7,2.77,0,0,0,0,0,204.39,8.19,1
25,2010-02-19,-4,2.75,0,0,0,0,0,204.43,8.19,0
25,2010-02-26,-2,2.75,0,0,0,0,0,204.46,8.19,0
25,2010-03-05,-1,2.78,0,0,0,0,0,204.49,8.19,0
25,2010-03-12,4,2.82,0,0,0,0,0,204.53,8.19,0
25,2010-03-19,7,2.84,0,0,0,0,0,204.38,8.19,0
25,2010-03-26,8,2.85,0,0,0,0,0,204.20,8.19,0
25,2010-04-02,8,2.85,0,0,0,0,0,204.03,7.86,0
25,2010-04-09,16,2.87,0,0,0,0,0,203.85,7.86,0
25,2010-04-16,11,2.90,0,0,0,0,0,203.73,7.86,0
25,2010-04-23,8,2.90,0,0,0,0,0,203.69,7.86,0
25,2010-04-30,11,2.92,0,0,0,0,0,203.65,7.86,0
25,2010-05-07,18,2.97,0,0,0,0,0,203.61,7.86,0
25,2010-05-14,10,2.98,0,0,0,0,0,203.61,7.86,0
25,2010-05-21,14,2.96,0,0,0,0,0,203.88,7.86,0
25,2010-05-28,21,2.90,0,0,0,0,0,204.14,7.86,0
25,2010-06-04,21,2.85,0,0,0,0,0,204.40,7.86,0
25,2010-06-11,18,2.81,0,0,0,0,0,204.67,7.86,0
25,2010-06-18,21,2.78,0,0,0,0,0,204.67,7.86,0
25,2010-06-25,22,2.81,0,0,0,0,0,204.57,7.86,0
25,2010-07-02,19,2.82,0,0,0,0,0,204.47,7.53,0
25,2010-07-09,24,2.79,0,0,0,0,0,204.36,7.53,0
25,2010-07-16,23,2.78,0,0,0,0,0,204.36,7.53,0
25,2010-07-23,24,2.77,0,0,0,0,0,204.48,7.53,0
25,2010-07-30,22,2.78,0,0,0,0,0,204.61,7.53,0
25,2010-08-06,22,2.78,0,0,0,0,0,204.73,7.53,0
25,2010-08-13,23,2.81,0,0,0,0,0,204.85,7.53,0
25,2010-08-20,22,2.78,0,0,0,0,0,204.82,7.53,0
25,2010-08-27,20,2.76,0,0,0,0,0,204.79,7.53,0
25,2010-09-03,22,2.72,0,0,0,0,0,204.76,7.53,0
25,2010-09-10,16,2.70,0,0,0,0,0,204.73,7.53,1
25,2010-09-17,16,2.71,0,0,0,0,0,204.75,7.53,0
25,2010-09-24,18,2.71,0,0,0,0,0,204.82,7.53,0
25,2010-10-01,14,2.71,0,0,0,0,0,204.89,7.48,0
25,2010-10-08,9,2.76,0,0,0,0,0,204.95,7.48,0
25,2010-10-15,12,2.87,0,0,0,0,0,205.01,7.48,0
25,2010-10-22,8,2.92,0,0,0,0,0,205.06,7.48,0
25,2010-10-29,13,2.92,0,0,0,0,0,205.11,7.48,0
25,2010-11-05,4,2.92,0,0,0,0,0,205.16,7.48,0
25,2010-11-12,5,2.93,0,0,0,0,0,205.21,7.48,0
25,2010-11-19,6,3.00,0,0,0,0,0,205.10,7.48,0
25,2010-11-26,6,3.04,0,0,0,0,0,204.96,7.48,1
25,2010-12-03,0,3.05,0,0,0,0,0,204.82,7.48,0
25,2010-12-10,-5,3.11,0,0,0,0,0,204.69,7.48,0
25,2010-12-17,-6,3.14,0,0,0,0,0,204.63,7.48,0
25,2010-12-24,-5,3.14,0,0,0,0,0,204.64,7.48,0
25,2010-12-31,-3,3.18,0,0,0,0,0,204.64,7.48,1
25,2011-01-07,-2,3.19,0,0,0,0,0,204.65,7.34,0
25,2011-01-14,-8,3.21,0,0,0,0,0,204.70,7.34,0
25,2011-01-21,-5,3.23,0,0,0,0,0,205.05,7.34,0
25,2011-01-28,-7,3.24,0,0,0,0,0,205.39,7.34,0
25,2011-02-04,-4,3.23,0,0,0,0,0,205.73,7.34,0
25,2011-02-11,-6,3.24,0,0,0,0,0,206.08,7.34,1
25,2011-02-18,4,3.25,0,0,0,0,0,206.37,7.34,0
25,2011-02-25,-2,3.27,0,0,0,0,0,206.64,7.34,0
25,2011-03-04,0,3.43,0,0,0,0,0,206.92,7.34,0
25,2011-03-11,3,3.58,0,0,0,0,0,207.19,7.34,0
25,2011-03-18,5,3.63,0,0,0,0,0,207.43,7.34,0
25,2011-03-25,4,3.63,0,0,0,0,0,207.66,7.34,0
25,2011-04-01,-2,3.64,0,0,0,0,0,207.88,7.29,0
25,2011-04-08,6,3.72,0,0,0,0,0,208.11,7.29,0
25,2011-04-15,11,3.82,0,0,0,0,0,208.32,7.29,0
25,2011-04-22,8,3.89,0,0,0,0,0,208.48,7.29,0
25,2011-04-29,15,3.96,0,0,0,0,0,208.64,7.29,0
25,2011-05-06,10,4.05,0,0,0,0,0,208.80,7.29,0
25,2011-05-13,16,4.07,0,0,0,0,0,208.96,7.29,0
25,2011-05-20,14,4.06,0,0,0,0,0,208.76,7.29,0
25,2011-05-27,20,3.99,0,0,0,0,0,208.56,7.29,0
25,2011-06-03,21,3.92,0,0,0,0,0,208.36,7.29,0
25,2011-06-10,22,3.88,0,0,0,0,0,208.15,7.29,0
25,2011-06-17,18,3.84,0,0,0,0,0,208.13,7.29,0
25,2011-06-24,22,3.80,0,0,0,0,0,208.23,7.29,0
25,2011-07-01,19,3.75,0,0,0,0,0,208.33,7.27,0
25,2011-07-08,22,3.71,0,0,0,0,0,208.44,7.27,0
25,2011-07-15,23,3.76,0,0,0,0,0,208.53,7.27,0
25,2011-07-22,26,3.81,0,0,0,0,0,208.59,7.27,0
25,2011-07-29,24,3.83,0,0,0,0,0,208.66,7.27,0
25,2011-08-05,23,3.84,0,0,0,0,0,208.72,7.27,0
25,2011-08-12,22,3.81,0,0,0,0,0,208.78,7.27,0
25,2011-08-19,20,3.75,0,0,0,0,0,208.84,7.27,0
25,2011-08-26,19,3.70,0,0,0,0,0,208.90,7.27,0
25,2011-09-02,20,3.70,0,0,0,0,0,208.96,7.27,0
25,2011-09-09,20,3.74,0,0,0,0,0,209.02,7.27,1
25,2011-09-16,17,3.74,0,0,0,0,0,209.19,7.27,0
25,2011-09-23,16,3.71,0,0,0,0,0,209.50,7.27,0
25,2011-09-30,16,3.65,0,0,0,0,0,209.81,7.27,0
25,2011-10-07,10,3.58,0,0,0,0,0,210.12,7.08,0
25,2011-10-14,15,3.54,0,0,0,0,0,210.40,7.08,0
25,2011-10-21,10,3.57,0,0,0,0,0,210.55,7.08,0
25,2011-10-28,8,3.57,0,0,0,0,0,210.69,7.08,0
25,2011-11-04,5,3.55,0,0,0,0,0,210.84,7.08,0
25,2011-11-11,7,3.53,7642.65,8851.65,196.09,3286.86,3287.36,210.98,7.08,0
25,2011-11-18,8,3.53,6165.27,168.82,94.85,267.01,3687.92,211.18,7.08,0
25,2011-11-25,6,3.49,208.47,65,58539.77,6.47,926.72,211.41,7.08,1
25,2011-12-02,6,3.45,3425.95,34,1200.12,4106.92,15164.5,211.64,7.08,0
25,2011-12-09,4,3.42,5549.98,64,256.97,2761.65,8753.69,211.87,7.08,0
25,2011-12-16,1,3.41,4548.64,61,602.21,282.11,1932.2,212.07,7.08,0
25,2011-12-23,3,3.39,2729.99,80.12,1689.22,26.97,3547.38,212.24,7.08,0
25,2011-12-30,0,3.39,4624.26,49913.53,177.05,407.17,2515.09,212.40,7.08,1
25,2012-01-06,-1,3.42,8642.2,26833.97,25.94,1092.98,3714.33,212.57,6.96,0
25,2012-01-13,1,3.51,2459.51,10718.26,0.92,506.45,3277.12,212.74,6.96,0
25,2012-01-20,-5,3.53,577.2,3417.28,4,5.85,1684.31,212.83,6.96,0
25,2012-01-27,0,3.57,2683.99,2193.97,0,901.08,2783.8,212.93,6.96,0
25,2012-02-03,2,3.62,38223.59,4566.23,21.92,42448.94,5621.09,213.02,6.96,0
25,2012-02-10,0,3.64,17655.4,5620.25,12.82,16909.35,6645.05,213.12,6.96,1
25,2012-02-17,0,3.70,25926.69,9583.33,1,8768.42,6263.7,213.27,6.96,0
25,2012-02-24,2,3.74,10504.05,7242.9,0,5556.78,3596.69,213.47,6.96,0
25,2012-03-02,2,3.82,14860.09,3050.12,21.38,12085.01,1327.97,213.67,6.96,0
25,2012-03-09,3,3.85,11412.9,944.64,0.7,13264.83,3951.01,213.87,6.96,0
25,2012-03-16,10,3.86,5366.06,185.14,4.18,845.05,1221.53,214.02,6.96,0
25,2012-03-23,17,3.90,3406.88,247.61,0.93,2689.25,1301.78,214.09,6.96,0
25,2012-03-30,9,3.95,10660.1,225.11,1.5,2560.04,4748.1,214.16,6.96,0
25,2012-04-06,7,4.00,10782.56,0,25.79,1973.99,4389.28,214.24,7.14,0
25,2012-04-13,6,4.04,5432.06,4239.57,8.35,789.18,1044.74,214.31,7.14,0
25,2012-04-20,14,4.03,4862.43,2190.68,9.16,787.22,2870.05,214.37,7.14,0
25,2012-04-27,7,4.00,4318.51,5.24,5.83,62.58,1828.28,214.42,7.14,0
25,2012-05-04,15,3.95,7221.1,0,112.95,2512.32,1777.09,214.48,7.14,0
25,2012-05-11,15,3.89,16186.46,0,23.05,4625.4,2037.11,214.53,7.14,0
25,2012-05-18,15,3.85,7191.69,0,1.7,640.51,1793.42,214.55,7.14,0
25,2012-05-25,20,3.80,5154.82,0,391.45,1581.91,2164.96,214.55,7.14,0
25,2012-06-01,21,3.74,6667.97,38.4,40.85,544.94,2765.31,214.55,7.14,0
25,2012-06-08,15,3.69,9024.73,207.4,64.04,2897.69,4748.56,214.55,7.14,0
25,2012-06-15,20,3.62,5987.75,147.2,100.04,1735.9,3500.18,214.57,7.14,0
25,2012-06-22,23,3.56,9127.63,467.6,30.29,3543.14,5417.88,214.61,7.14,0
25,2012-06-29,21,3.51,3374.98,537.8,0,712.78,1992.95,214.65,7.14,0
25,2012-07-06,24,3.48,7926.21,399.7,40.32,4541.86,4619.98,214.69,7.28,0
25,2012-07-13,23,3.52,7262.73,45.6,18.01,1803.13,1354.39,214.73,7.28,0
25,2012-07-20,24,3.57,4170.08,227.91,14.1,3456.58,2629.71,214.73,7.28,0
25,2012-07-27,23,3.65,6287.52,582.48,2.07,2505.39,1521.67,214.74,7.28,0
25,2012-08-03,22,3.65,14653.91,1155.02,13.07,10978.83,2021.96,214.74,7.28,0
25,2012-08-10,22,3.72,21796.09,67.99,5.1,14696.25,3555.23,214.75,7.28,0
25,2012-08-17,19,3.81,7258.16,2.2,0.6,4015.19,780.22,214.83,7.28,0
25,2012-08-24,18,3.83,7693.13,69.6,50,2360.4,3561.61,214.96,7.28,0
25,2012-08-31,20,3.87,11407.22,15.4,68.64,3827.68,2540.33,215.09,7.28,0
25,2012-09-07,23,3.91,15308.07,0,22.06,5643.24,1903.09,215.22,7.28,1
25,2012-09-14,16,3.95,6748.95,0,3.15,968.4,6124.49,215.36,7.28,0
25,2012-09-21,14,4.04,7709.27,17.82,61.88,802.77,8294.38,215.55,7.28,0
25,2012-09-28,13,4.00,5110.78,11,10.66,149.01,3098.09,215.74,7.28,0
25,2012-10-05,14,3.99,5884.18,0,3.27,3357.56,1343.85,215.93,7.29,0
25,2012-10-12,7,4.00,4284.26,0,11.59,1227.84,1959.27,216.12,7.29,0
25,2012-10-19,11,3.97,3121.82,0,21.48,136.45,3412.8,216.15,7.29,0
25,2012-10-26,14,3.88,4805.66,84.19,0,1073.49,730.76,216.15,7.29,0
25,2012-11-02,5,3.79,12435.08,16493.02,55.19,1165.36,1144.39,216.16,7.29,0
25,2012-11-09,1,3.77,8241.47,4602.35,140.59,2798.74,2750.2,216.16,7.29,0
25,2012-11-16,6,3.75,5239.56,817.6,36.04,1090.69,2570.57,216.18,7.29,0
25,2012-11-23,5,3.75,1806.23,0,77269.3,372.64,1083.64,216.23,7.29,1
25,2012-11-30,0,3.73,1885.29,0,7493.9,100.06,3974.29,216.27,7.29,0
25,2012-12-07,7,3.69,5924.01,0,164,2095.22,5744.1,216.31,7.29,0
25,2012-12-14,3,3.64,4038.03,0,30,224.53,1682.92,216.36,7.29,0
25,2012-12-21,4,3.58,3376.28,0,177,72.01,269.3,216.48,7.29,0
25,2012-12-28,-2,3.56,11458.67,23102.07,60,330.69,1423.39,216.59,7.29,1
25,2013-01-04,-5,3.59,1110.97,21678.98,4.88,84.58,2257.32,216.71,7.44,0
25,2013-01-11,1,3.61,4639.99,8520.81,4.66,150.09,2535.14,216.82,7.44,0
25,2013-01-18,3,3.61,1988,2369.91,5.27,16.35,1017.39,216.86,7.44,0
25,2013-01-25,-7,3.58,1279.16,1315.38,1.1,356.16,899.27,216.86,7.44,0
25,2013-02-01,0,3.62,16999.41,603.41,244.2,24224.34,855.25,216.87,7.44,0
25,2013-02-08,-5,3.75,48279.58,252.55,167.02,24939.8,2566.96,216.87,7.44,1
25,2013-02-15,0,3.81,8838.55,1560.68,709.42,536,5488.14,216.91,7.44,0
25,2013-02-22,-5,3.86,7290.59,3501.79,0,2202.1,2141.66,217.04,7.44,0
25,2013-03-01,0,3.89,4921.26,81.87,1.2,571.51,822.23,217.17,7.44,0
25,2013-03-08,-2,3.86,20996.56,-3.27,17.57,3982.88,1833.43,217.29,7.44,0
25,2013-03-15,4,3.83,12203.02,0,3.32,2543.84,1125.09,217.41,7.44,0
25,2013-03-22,-2,3.80,5232.03,0,510,148.52,732.94,217.49,7.44,0
25,2013-03-29,1,3.78,8101.96,0,369.83,825.69,1389.48,217.58,7.44,0
25,2013-04-05,3,3.76,13525.91,3245.99,165.01,1109.08,1475.49,217.66,7.19,0
25,2013-04-12,13,3.72,3881.79,1981.72,29.77,798.01,850.22,217.74,7.19,0
25,2013-04-19,13,3.68,4568.42,196.17,20.68,88,948.87,217.74,7.19,0
25,2013-04-26,8,3.62,697.64,0,78.88,44.22,689.97,217.74,7.19,0
25,2013-05-03,15,3.59,3908.65,10,35.34,621.4,1231.05,NULL,NULL,0
25,2013-05-10,17,3.58,8273.69,169,34.62,3185.99,4953.49,NULL,NULL,0
25,2013-05-17,13,3.61,6632.2,135.88,9.18,586.17,3001.59,NULL,NULL,0
25,2013-05-24,20,3.63,2159.9,289.64,461.09,1130.26,1327.97,NULL,NULL,0
25,2013-05-31,17,3.65,3096.88,299.98,124.06,70.37,1247.69,NULL,NULL,0
25,2013-06-07,18,3.63,7317.48,938.79,78.54,3696.43,2265.72,NULL,NULL,0
25,2013-06-14,19,3.63,9439.14,890.4,269.41,3889.51,2657.01,NULL,NULL,0
25,2013-06-21,20,3.63,2233.29,855.6,125.73,3450.58,2396.8,NULL,NULL,0
25,2013-06-28,23,3.64,3498.52,1329.69,0,540.5,643.03,NULL,NULL,0
25,2013-07-05,22,3.61,7260.1,1775.9,327.84,5916.92,3209.26,NULL,NULL,0
25,2013-07-12,22,3.61,6531.02,2142.32,35.98,2992.9,399.66,NULL,NULL,0
25,2013-07-19,25,3.74,2442.41,942.45,235.5,593.19,1504.47,NULL,NULL,0
25,2013-07-26,20,3.80,242.98,891.49,1.8,47.23,1129.68,NULL,NULL,0
26,2010-02-05,-12,2.79,0,0,0,0,0,131.53,8.49,0
26,2010-02-12,-8,2.77,0,0,0,0,0,131.59,8.49,1
26,2010-02-19,-5,2.75,0,0,0,0,0,131.64,8.49,0
26,2010-02-26,-3,2.75,0,0,0,0,0,131.69,8.49,0
26,2010-03-05,-2,2.77,0,0,0,0,0,131.74,8.49,0
26,2010-03-12,-1,2.81,0,0,0,0,0,131.78,8.49,0
26,2010-03-19,2,2.83,0,0,0,0,0,131.82,8.49,0
26,2010-03-26,2,2.83,0,0,0,0,0,131.86,8.49,0
26,2010-04-02,3,2.83,0,0,0,0,0,131.90,8.51,0
26,2010-04-09,10,2.85,0,0,0,0,0,131.94,8.51,0
26,2010-04-16,3,2.89,0,0,0,0,0,131.98,8.51,0
26,2010-04-23,4,2.90,0,0,0,0,0,132.02,8.51,0
26,2010-04-30,5,2.94,0,0,0,0,0,132.06,8.51,0
26,2010-05-07,13,2.98,0,0,0,0,0,132.11,8.51,0
26,2010-05-14,4,2.98,0,0,0,0,0,132.15,8.51,0
26,2010-05-21,10,2.96,0,0,0,0,0,132.22,8.51,0
26,2010-05-28,16,2.91,0,0,0,0,0,132.29,8.51,0
26,2010-06-04,15,2.86,0,0,0,0,0,132.36,8.51,0
26,2010-06-11,11,2.83,0,0,0,0,0,132.44,8.51,0
26,2010-06-18,12,2.81,0,0,0,0,0,132.47,8.51,0
26,2010-06-25,18,2.81,0,0,0,0,0,132.50,8.51,0
26,2010-07-02,15,2.82,0,0,0,0,0,132.52,8.45,0
26,2010-07-09,22,2.81,0,0,0,0,0,132.55,8.45,0
26,2010-07-16,20,2.80,0,0,0,0,0,132.57,8.45,0
26,2010-07-23,19,2.78,0,0,0,0,0,132.58,8.45,0
26,2010-07-30,18,2.79,0,0,0,0,0,132.60,8.45,0
26,2010-08-06,17,2.79,0,0,0,0,0,132.61,8.45,0
26,2010-08-13,16,2.81,0,0,0,0,0,132.63,8.45,0
26,2010-08-20,17,2.80,0,0,0,0,0,132.66,8.45,0
26,2010-08-27,14,2.77,0,0,0,0,0,132.69,8.45,0
26,2010-09-03,19,2.74,0,0,0,0,0,132.72,8.45,0
26,2010-09-10,13,2.72,0,0,0,0,0,132.76,8.45,1
26,2010-09-17,10,2.72,0,0,0,0,0,132.77,8.45,0
26,2010-09-24,11,2.72,0,0,0,0,0,132.76,8.45,0
26,2010-10-01,14,2.72,0,0,0,0,0,132.76,8.15,0
26,2010-10-08,8,2.78,0,0,0,0,0,132.75,8.15,0
26,2010-10-15,4,2.88,0,0,0,0,0,132.76,8.15,0
26,2010-10-22,2,2.92,0,0,0,0,0,132.82,8.15,0
26,2010-10-29,5,2.94,0,0,0,0,0,132.87,8.15,0
26,2010-11-05,-1,2.94,0,0,0,0,0,132.92,8.15,0
26,2010-11-12,3,2.96,0,0,0,0,0,132.98,8.15,0
26,2010-11-19,3,3.03,0,0,0,0,0,132.92,8.15,0
26,2010-11-26,-2,3.07,0,0,0,0,0,132.84,8.15,1
26,2010-12-03,-2,3.07,0,0,0,0,0,132.76,8.15,0
26,2010-12-10,-9,3.13,0,0,0,0,0,132.68,8.15,0
26,2010-12-17,-6,3.14,0,0,0,0,0,132.68,8.15,0
26,2010-12-24,-6,3.15,0,0,0,0,0,132.75,8.15,0
26,2010-12-31,-7,3.18,0,0,0,0,0,132.82,8.15,1
26,2011-01-07,-6,3.19,0,0,0,0,0,132.88,7.91,0
26,2011-01-14,-9,3.22,0,0,0,0,0,132.95,7.91,0
26,2011-01-21,-11,3.23,0,0,0,0,0,133.03,7.91,0
26,2011-01-28,-15,3.24,0,0,0,0,0,133.11,7.91,0
26,2011-02-04,-12,3.24,0,0,0,0,0,133.18,7.91,0
26,2011-02-11,-9,3.26,0,0,0,0,0,133.26,7.91,1
26,2011-02-18,-7,3.26,0,0,0,0,0,133.37,7.91,0
26,2011-02-25,-9,3.28,0,0,0,0,0,133.49,7.91,0
26,2011-03-04,-10,3.44,0,0,0,0,0,133.61,7.91,0
26,2011-03-11,-2,3.60,0,0,0,0,0,133.74,7.91,0
26,2011-03-18,0,3.63,0,0,0,0,0,133.85,7.91,0
26,2011-03-25,-5,3.62,0,0,0,0,0,133.96,7.91,0
26,2011-04-01,-5,3.64,0,0,0,0,0,134.07,7.82,0
26,2011-04-08,-2,3.72,0,0,0,0,0,134.18,7.82,0
26,2011-04-15,4,3.82,0,0,0,0,0,134.28,7.82,0
26,2011-04-22,1,3.92,0,0,0,0,0,134.36,7.82,0
26,2011-04-29,8,3.99,0,0,0,0,0,134.44,7.82,0
26,2011-05-06,7,4.08,0,0,0,0,0,134.51,7.82,0
26,2011-05-13,9,4.10,0,0,0,0,0,134.59,7.82,0
26,2011-05-20,9,4.10,0,0,0,0,0,134.68,7.82,0
26,2011-05-27,14,4.03,0,0,0,0,0,134.77,7.82,0
26,2011-06-03,16,3.97,0,0,0,0,0,134.86,7.82,0
26,2011-06-10,15,3.92,0,0,0,0,0,134.94,7.82,0
26,2011-06-17,13,3.87,0,0,0,0,0,135.08,7.82,0
26,2011-06-24,14,3.85,0,0,0,0,0,135.27,7.82,0
26,2011-07-01,15,3.82,0,0,0,0,0,135.45,7.77,0
26,2011-07-08,17,3.78,0,0,0,0,0,135.63,7.77,0
26,2011-07-15,18,3.83,0,0,0,0,0,135.78,7.77,0
26,2011-07-22,21,3.88,0,0,0,0,0,135.87,7.77,0
26,2011-07-29,17,3.90,0,0,0,0,0,135.96,7.77,0
26,2011-08-05,17,3.90,0,0,0,0,0,136.05,7.77,0
26,2011-08-12,17,3.88,0,0,0,0,0,136.14,7.77,0
26,2011-08-19,16,3.82,0,0,0,0,0,136.18,7.77,0
26,2011-08-26,16,3.80,0,0,0,0,0,136.21,7.77,0
26,2011-09-02,15,3.78,0,0,0,0,0,136.24,7.77,0
26,2011-09-09,16,3.81,0,0,0,0,0,136.27,7.77,1
26,2011-09-16,13,3.81,0,0,0,0,0,136.31,7.77,0
26,2011-09-23,10,3.76,0,0,0,0,0,136.37,7.77,0
26,2011-09-30,15,3.68,0,0,0,0,0,136.42,7.77,0
26,2011-10-07,8,3.63,0,0,0,0,0,136.47,7.60,0
26,2011-10-14,12,3.58,0,0,0,0,0,136.52,7.60,0
26,2011-10-21,7,3.62,0,0,0,0,0,136.50,7.60,0
26,2011-10-28,2,3.60,0,0,0,0,0,136.49,7.60,0
26,2011-11-04,0,3.59,0,0,0,0,0,136.48,7.60,0
26,2011-11-11,4,3.57,7174.09,6889.46,292.44,1581.44,2399.33,136.46,7.60,0
26,2011-11-18,3,3.57,5590.39,226.18,61.08,345.45,4332.53,136.47,7.60,0
26,2011-11-25,-1,3.54,362.32,9,44999.94,0,660.57,136.48,7.60,1
26,2011-12-02,3,3.50,3343,9,955.74,1187.26,14774.79,136.49,7.60,0
26,2011-12-09,1,3.47,4980.07,19,144.13,1669.69,6055.33,136.50,7.60,0
26,2011-12-16,-2,3.45,2698.03,0,494.72,533.84,2670.1,136.53,7.60,0
26,2011-12-23,-5,3.41,699.47,0.09,1018.94,9,2816.25,136.59,7.60,0
26,2011-12-30,-7,3.40,4124.23,34472.24,159.04,799.85,2194.68,136.64,7.60,1
26,2012-01-06,-5,3.44,3352.77,17442.27,117.1,468.31,6344.32,136.70,7.47,0
26,2012-01-13,-4,3.52,2153.82,6050.57,62.24,275.03,2511.4,136.75,7.47,0
26,2012-01-20,-9,3.54,1673.31,3004.75,27.82,153.3,2092.05,136.86,7.47,0
26,2012-01-27,-4,3.57,812.2,1267.64,32.5,13.76,1914.38,136.96,7.47,0
26,2012-02-03,-4,3.63,35421.34,1596.92,74.14,20234.78,6541.84,137.06,7.47,0
26,2012-02-10,-5,3.66,5858.94,2569.2,13.42,5936.74,5874.01,137.17,7.47,1
26,2012-02-17,-5,3.70,11524.93,6005.06,1.04,3417.87,7086.22,137.26,7.47,0
26,2012-02-24,-2,3.75,7373.92,5211.81,3.2,2716.45,4114.28,137.34,7.47,0
26,2012-03-02,-5,3.83,20215.36,1400.8,7.35,15485.84,2581.11,137.42,7.47,0
26,2012-03-09,-2,3.88,4540.15,480.42,1.98,387.57,3900.33,137.51,7.47,0
26,2012-03-16,2,3.87,6977.12,161,3.99,1535.17,2084.52,137.58,7.47,0
26,2012-03-23,10,3.89,4336.7,150.86,4.59,199.78,2239.64,137.66,7.47,0
26,2012-03-30,1,3.92,8827.14,169.73,12.75,981.6,3196.41,137.73,7.47,0
26,2012-04-06,1,3.96,8674.08,0,33.85,1128.16,3852.6,137.80,7.49,0
26,2012-04-13,3,4.03,3766.78,2941.14,24.34,1103.96,2536.7,137.87,7.49,0
26,2012-04-20,10,4.05,3275.87,865.21,36.58,154.69,3169.48,137.92,7.49,0
26,2012-04-27,6,4.02,1946.7,32.65,21.62,24.1,2152.4,137.98,7.49,0
26,2012-05-04,5,3.99,11484.78,0,78.04,2449.14,2488.39,138.03,7.49,0
26,2012-05-11,8,3.95,8655.96,0,108.57,842.81,2803.07,138.09,7.49,0
26,2012-05-18,11,3.90,6622.21,0,45.9,550.47,2648.76,138.11,7.49,0
26,2012-05-25,15,3.85,7166.44,0,240.75,1942.28,2272.3,138.11,7.49,0
26,2012-06-01,15,3.80,4810.9,3,110.44,662.3,2964.12,138.11,7.49,0
26,2012-06-08,10,3.75,7908.98,54.6,16.57,689.29,4172.84,138.12,7.49,0
26,2012-06-15,14,3.68,5833.29,153.8,254.03,851.83,3785.07,138.13,7.49,0
26,2012-06-22,17,3.63,5543.88,372,103.99,1901.89,6556.54,138.16,7.49,0
26,2012-06-29,16,3.58,3441.05,274,0,256.82,2456.02,138.20,7.49,0
26,2012-07-06,18,3.54,4894.97,230,19.39,3309.33,5437.93,138.23,7.41,0
26,2012-07-13,18,3.56,6894.41,72.3,3.5,1114.8,1415.15,138.26,7.41,0
26,2012-07-20,19,3.61,3072.39,35.8,13.8,1032.75,3437.32,138.23,7.41,0
26,2012-07-27,18,3.70,3025.97,112.64,2.6,376.52,1155.13,138.20,7.41,0
26,2012-08-03,19,3.70,28330,49.21,42.09,8478.97,3544.06,138.17,7.41,0
26,2012-08-10,19,3.77,5732.23,17.6,6.45,1524.63,2439.95,138.14,7.41,0
26,2012-08-17,19,3.84,2430.95,16,5.54,829.7,3038.77,138.19,7.41,0
26,2012-08-24,17,3.87,4507.08,33.6,149.46,1866.46,4685.63,138.28,7.41,0
26,2012-08-31,18,3.88,13118.17,3.4,86.31,2176.09,2555.38,138.38,7.41,0
26,2012-09-07,16,3.92,4133.77,6,72.78,526.42,3514.48,138.47,7.41,1
26,2012-09-14,14,3.99,7606.73,0,22.66,368.91,9072.93,138.57,7.41,0
26,2012-09-21,11,4.06,6916.18,3.82,0,228.31,7025.39,138.65,7.41,0
26,2012-09-28,10,4.02,2409.15,7.64,0.22,1016.11,2465.17,138.74,7.41,0
26,2012-10-05,12,4.03,3140.4,0,3.24,1333.43,3283.83,138.83,7.14,0
26,2012-10-12,7,4.03,1269.8,0,15.38,317.73,7746.76,138.91,7.14,0
26,2012-10-19,6,4.00,1697.09,0,2.64,106.35,2481.19,138.83,7.14,0
26,2012-10-26,8,3.92,1827.16,35.87,50,478.93,2088.65,138.73,7.14,0
26,2012-11-02,9,3.82,6408.11,8616.07,51.82,1288.17,2064.51,138.62,7.14,0
26,2012-11-09,0,3.79,4842.66,3083.37,27.52,274.07,3595.5,138.52,7.14,0
26,2012-11-16,3,3.75,4476,180.34,34.86,492.43,3675.31,138.45,7.14,0
26,2012-11-23,1,3.73,678.1,0,71089.48,139.85,2013.47,138.42,7.14,1
26,2012-11-30,-4,3.71,4331.03,0,4113.3,160.46,6337.07,138.40,7.14,0
26,2012-12-07,0,3.68,5567.74,0,118.49,864.65,6752.49,138.38,7.14,0
26,2012-12-14,-1,3.64,3134.08,0,41,82.32,2455.24,138.37,7.14,0
26,2012-12-21,-1,3.57,3785.58,11,112.01,22.19,2073,138.43,7.14,0
26,2012-12-28,-5,3.56,6947.56,22671.67,259.93,27.44,1259.96,138.49,7.14,1
26,2013-01-04,-12,3.58,1019.69,28472.93,3.26,99.49,3230.19,138.55,7.10,0
26,2013-01-11,-6,3.60,3331.81,13502.12,2.32,12.78,2271.66,138.61,7.10,0
26,2013-01-18,-3,3.59,1928.88,2003.26,2.84,2201.55,1904.51,138.67,7.10,0
26,2013-01-25,-14,3.58,1545.29,882.82,0.1,424.29,2636.55,138.73,7.10,0
26,2013-02-01,-6,3.61,14747.64,655.99,30.98,16822.27,3281.87,138.80,7.10,0
26,2013-02-08,-11,3.76,40985.01,518.16,332.74,16868.38,2852.91,138.86,7.10,1
26,2013-02-15,-7,3.81,11373.62,2532.68,0,2808.04,6018,138.90,7.10,0
26,2013-02-22,-7,3.87,6746.03,1440.08,71.16,3304.53,1932.49,138.88,7.10,0
26,2013-03-01,-3,3.89,1699.44,190,18,133.09,2525.41,138.87,7.10,0
26,2013-03-08,-3,3.87,17853.54,98.56,25.47,3571.47,3716.37,138.85,7.10,0
26,2013-03-15,-1,3.84,5236.19,0,3.11,1436.95,2378.09,138.86,7.10,0
26,2013-03-22,-8,3.82,9911.81,0,427,1061.15,2053,138.93,7.10,0
26,2013-03-29,-2,3.80,6510.79,0,315.35,43.9,4595.14,138.99,7.10,0
26,2013-04-05,-1,3.77,9549.4,3449.11,246.53,624.4,4702.57,139.06,6.88,0
26,2013-04-12,1,3.72,2818.7,700.38,43.1,565.42,1591.69,139.12,6.88,0
26,2013-04-19,5,3.68,1326.83,0.65,20.6,47.73,1101.15,139.12,6.88,0
26,2013-04-26,4,3.63,1748.01,0,37,68.64,1509.77,139.12,6.88,0
26,2013-05-03,9,3.60,7326.63,25,39.14,2263.34,2205.99,NULL,NULL,0
26,2013-05-10,11,3.60,4533.84,258.88,81.3,457.1,6677.86,NULL,NULL,0
26,2013-05-17,9,3.63,4933.66,502.74,5.38,532.2,5237.18,NULL,NULL,0
26,2013-05-24,11,3.65,2573.04,773.84,100.52,860.13,2734.51,NULL,NULL,0
26,2013-05-31,11,3.67,4243.24,189.95,203.69,16.44,2753.77,NULL,NULL,0
26,2013-06-07,14,3.66,8643.22,333.67,76.77,3303.7,4205.17,NULL,NULL,0
26,2013-06-14,12,3.67,4439.77,397.86,307,1405.1,2208.29,NULL,NULL,0
26,2013-06-21,13,3.67,4879.84,406.72,126.4,1265.84,4277.88,NULL,NULL,0
26,2013-06-28,17,3.67,4505.32,461.56,0,1969.92,3352.74,NULL,NULL,0
26,2013-07-05,18,3.64,6343.21,1455.2,520.79,5672.65,1044.93,NULL,NULL,0
26,2013-07-12,19,3.65,3377.02,1673.17,44.46,1927.06,4843.2,NULL,NULL,0
26,2013-07-19,21,3.80,1635.2,1021.13,143.75,490.21,1123.83,NULL,NULL,0
26,2013-07-26,17,3.88,538.78,822.92,0.4,85.49,1086.05,NULL,NULL,0
27,2010-02-05,-3,2.95,0,0,0,0,0,135.35,8.24,0
27,2010-02-12,-1,2.94,0,0,0,0,0,135.41,8.24,1
27,2010-02-19,0,2.91,0,0,0,0,0,135.47,8.24,0
27,2010-02-26,2,2.91,0,0,0,0,0,135.52,8.24,0
27,2010-03-05,3,2.92,0,0,0,0,0,135.57,8.24,0
27,2010-03-12,8,2.94,0,0,0,0,0,135.63,8.24,0
27,2010-03-19,9,2.96,0,0,0,0,0,135.67,8.24,0
27,2010-03-26,11,2.96,0,0,0,0,0,135.71,8.24,0
27,2010-04-02,8,2.96,0,0,0,0,0,135.75,8.06,0
27,2010-04-09,17,2.99,0,0,0,0,0,135.79,8.06,0
27,2010-04-16,13,3.01,0,0,0,0,0,135.83,8.06,0
27,2010-04-23,12,3.02,0,0,0,0,0,135.87,8.06,0
27,2010-04-30,12,3.04,0,0,0,0,0,135.92,8.06,0
27,2010-05-07,21,3.10,0,0,0,0,0,135.96,8.06,0
27,2010-05-14,12,3.11,0,0,0,0,0,136.01,8.06,0
27,2010-05-21,17,3.10,0,0,0,0,0,136.08,8.06,0
27,2010-05-28,20,3.05,0,0,0,0,0,136.15,8.06,0
27,2010-06-04,23,3.01,0,0,0,0,0,136.22,8.06,0
27,2010-06-11,21,2.97,0,0,0,0,0,136.29,8.06,0
27,2010-06-18,21,2.94,0,0,0,0,0,136.32,8.06,0
27,2010-06-25,26,2.96,0,0,0,0,0,136.35,8.06,0
27,2010-07-02,25,2.96,0,0,0,0,0,136.37,7.98,0
27,2010-07-09,28,2.94,0,0,0,0,0,136.40,7.98,0
27,2010-07-16,26,2.93,0,0,0,0,0,136.42,7.98,0
27,2010-07-23,28,2.92,0,0,0,0,0,136.44,7.98,0
27,2010-07-30,27,2.93,0,0,0,0,0,136.46,7.98,0
27,2010-08-06,25,2.94,0,0,0,0,0,136.47,7.98,0
27,2010-08-13,25,2.92,0,0,0,0,0,136.49,7.98,0
27,2010-08-20,24,2.91,0,0,0,0,0,136.52,7.98,0
27,2010-08-27,21,2.89,0,0,0,0,0,136.56,7.98,0
27,2010-09-03,26,2.86,0,0,0,0,0,136.59,7.98,0
27,2010-09-10,21,2.84,0,0,0,0,0,136.62,7.98,1
27,2010-09-17,18,2.85,0,0,0,0,0,136.63,7.98,0
27,2010-09-24,19,2.84,0,0,0,0,0,136.63,7.98,0
27,2010-10-01,21,2.84,0,0,0,0,0,136.63,8.02,0
27,2010-10-08,14,2.90,0,0,0,0,0,136.63,8.02,0
27,2010-10-15,15,3.00,0,0,0,0,0,136.64,8.02,0
27,2010-10-22,12,3.05,0,0,0,0,0,136.69,8.02,0
27,2010-10-29,16,3.06,0,0,0,0,0,136.74,8.02,0
27,2010-11-05,8,3.05,0,0,0,0,0,136.79,8.02,0
27,2010-11-12,8,3.07,0,0,0,0,0,136.83,8.02,0
27,2010-11-19,10,3.14,0,0,0,0,0,136.77,8.02,0
27,2010-11-26,8,3.19,0,0,0,0,0,136.69,8.02,1
27,2010-12-03,5,3.20,0,0,0,0,0,136.61,8.02,0
27,2010-12-10,-1,3.26,0,0,0,0,0,136.53,8.02,0
27,2010-12-17,0,3.30,0,0,0,0,0,136.53,8.02,0
27,2010-12-24,0,3.31,0,0,0,0,0,136.60,8.02,0
27,2010-12-31,-1,3.34,0,0,0,0,0,136.67,8.02,1
27,2011-01-07,1,3.35,0,0,0,0,0,136.73,7.83,0
27,2011-01-14,-4,3.37,0,0,0,0,0,136.80,7.83,0
27,2011-01-21,-1,3.39,0,0,0,0,0,136.89,7.83,0
27,2011-01-28,-5,3.40,0,0,0,0,0,136.97,7.83,0
27,2011-02-04,-2,3.40,0,0,0,0,0,137.05,7.83,0
27,2011-02-11,-1,3.42,0,0,0,0,0,137.14,7.83,1
27,2011-02-18,4,3.42,0,0,0,0,0,137.25,7.83,0
27,2011-02-25,1,3.45,0,0,0,0,0,137.38,7.83,0
27,2011-03-04,3,3.61,0,0,0,0,0,137.50,7.83,0
27,2011-03-11,6,3.75,0,0,0,0,0,137.63,7.83,0
27,2011-03-18,8,3.80,0,0,0,0,0,137.74,7.83,0
27,2011-03-25,5,3.79,0,0,0,0,0,137.85,7.83,0
27,2011-04-01,3,3.81,0,0,0,0,0,137.96,7.73,0
27,2011-04-08,8,3.90,0,0,0,0,0,138.06,7.73,0
27,2011-04-15,11,3.98,0,0,0,0,0,138.16,7.73,0
27,2011-04-22,10,4.06,0,0,0,0,0,138.25,7.73,0
27,2011-04-29,17,4.12,0,0,0,0,0,138.33,7.73,0
27,2011-05-06,14,4.19,0,0,0,0,0,138.41,7.73,0
27,2011-05-13,16,4.21,0,0,0,0,0,138.50,7.73,0
27,2011-05-20,16,4.20,0,0,0,0,0,138.59,7.73,0
27,2011-05-27,19,4.13,0,0,0,0,0,138.68,7.73,0
27,2011-06-03,23,4.07,0,0,0,0,0,138.77,7.73,0
27,2011-06-10,23,4.03,0,0,0,0,0,138.86,7.73,0
27,2011-06-17,19,3.99,0,0,0,0,0,139.00,7.73,0
27,2011-06-24,22,3.96,0,0,0,0,0,139.18,7.73,0
27,2011-07-01,23,3.92,0,0,0,0,0,139.36,7.85,0
27,2011-07-08,25,3.89,0,0,0,0,0,139.54,7.85,0
27,2011-07-15,25,3.92,0,0,0,0,0,139.70,7.85,0
27,2011-07-22,28,3.97,0,0,0,0,0,139.80,7.85,0
27,2011-07-29,26,4.00,0,0,0,0,0,139.89,7.85,0
27,2011-08-05,26,4.02,0,0,0,0,0,139.99,7.85,0
27,2011-08-12,25,4.00,0,0,0,0,0,140.09,7.85,0
27,2011-08-19,23,3.94,0,0,0,0,0,140.13,7.85,0
27,2011-08-26,23,3.91,0,0,0,0,0,140.16,7.85,0
27,2011-09-02,22,3.88,0,0,0,0,0,140.20,7.85,0
27,2011-09-09,22,3.93,0,0,0,0,0,140.23,7.85,1
27,2011-09-16,21,3.94,0,0,0,0,0,140.27,7.85,0
27,2011-09-23,18,3.90,0,0,0,0,0,140.33,7.85,0
27,2011-09-30,22,3.86,0,0,0,0,0,140.38,7.85,0
27,2011-10-07,14,3.78,0,0,0,0,0,140.43,7.91,0
27,2011-10-14,18,3.74,0,0,0,0,0,140.48,7.91,0
27,2011-10-21,15,3.76,0,0,0,0,0,140.46,7.91,0
27,2011-10-28,11,3.76,0,0,0,0,0,140.44,7.91,0
27,2011-11-04,7,3.74,0,0,0,0,0,140.43,7.91,0
27,2011-11-11,10,3.72,10710.56,44021.61,475.3,4235.07,4920.65,140.41,7.91,0
27,2011-11-18,11,3.72,32812.24,5487.82,143.88,567.08,14703.26,140.41,7.91,0
27,2011-11-25,9,3.69,164.01,27.47,73934.06,24.22,540.56,140.42,7.91,1
27,2011-12-02,10,3.67,5369.61,294.47,7008.02,3692.11,33247,140.43,7.91,0
27,2011-12-09,8,3.63,4072.48,48,1800.87,1796.01,8867.17,140.44,7.91,0
27,2011-12-16,5,3.61,7510.92,28.09,1049.3,1160.14,7853.48,140.47,7.91,0
27,2011-12-23,5,3.59,2415.4,239.89,1438.33,209.34,2976.85,140.53,7.91,0
27,2011-12-30,3,3.57,3650.53,50076.68,271.89,1009.78,1773.53,140.59,7.91,1
27,2012-01-06,2,3.59,9235.59,29675.22,526.36,2399.37,6290.52,140.65,8.01,0
27,2012-01-13,5,3.67,8081.05,16237.87,542.46,643.15,6238.31,140.70,8.01,0
27,2012-01-20,-1,3.71,2754.17,9280.81,465.77,2567.91,1550.34,140.81,8.01,0
27,2012-01-27,3,3.74,2789.03,4172.39,589.24,101.5,3857.29,140.91,8.01,0
27,2012-02-03,6,3.80,62172.73,6256,530.81,67474.85,6129.6,141.02,8.01,0
27,2012-02-10,3,3.83,15591.32,6206.22,249.82,14000.53,8024.91,141.12,8.01,1
27,2012-02-17,3,3.87,14655.15,10670.84,162.82,11286.99,1595.8,141.21,8.01,0
27,2012-02-24,5,3.92,16993.22,13384.32,9.6,8237.33,9045.21,141.30,8.01,0
27,2012-03-02,4,3.98,28652.29,3088.37,109.25,35364.08,4464.45,141.39,8.01,0
27,2012-03-09,7,4.02,14171.85,917.3,2.2,3614.57,4582.1,141.47,8.01,0
27,2012-03-16,10,4.02,7275.48,175.65,2.96,5193.68,2366.04,141.55,8.01,0
27,2012-03-23,14,4.05,4142.06,506.34,5.17,917.38,3467.03,141.63,8.01,0
27,2012-03-30,10,4.10,12705.56,180.11,7.59,2943.99,3495.93,141.70,8.01,0
27,2012-04-06,9,4.14,10800.82,0,101.35,3079.87,5692.72,141.77,8.25,0
27,2012-04-13,11,4.19,5139.48,4770.63,53.84,1532.47,4176.9,141.84,8.25,0
27,2012-04-20,17,4.17,12507.63,2681.1,99.95,1433.43,3244.98,141.90,8.25,0
27,2012-04-27,11,4.16,6408.19,901.65,58.56,51.97,2182.32,141.96,8.25,0
27,2012-05-04,12,4.12,19913.55,0,213.38,5895.46,4687.08,142.02,8.25,0
27,2012-05-11,15,4.06,10864.63,0,244.98,2261.45,2840.03,142.08,8.25,0
27,2012-05-18,18,4.03,13340.68,0,222.2,2225.5,2346.31,142.10,8.25,0
27,2012-05-25,18,3.98,11465.8,0,380.15,2173.31,4183.07,142.10,8.25,0
27,2012-06-01,23,3.92,10283.49,31.2,245.41,4069.79,2775.35,142.11,8.25,0
27,2012-06-08,18,3.87,12921.09,414.6,95.99,1666.88,7819.11,142.12,8.25,0
27,2012-06-15,21,3.79,9943.48,614.9,15,3382.44,6779.57,142.13,8.25,0
27,2012-06-22,23,3.72,9510.17,821.5,7.98,3928.13,6054.38,142.16,8.25,0
27,2012-06-29,23,3.67,7582.01,585.9,0,1019.28,3522.11,142.19,8.25,0
27,2012-07-06,28,3.65,12579,303.6,217.95,8280.23,7999.22,142.22,8.24,0
27,2012-07-13,26,3.69,7264.26,219.2,31.1,4489.18,3102.22,142.25,8.24,0
27,2012-07-20,26,3.73,10835.89,164.46,21.51,3314.7,7302.33,142.23,8.24,0
27,2012-07-27,24,3.82,8698.49,289.37,5.28,12205.87,3358.94,142.21,8.24,0
27,2012-08-03,24,3.82,39317.03,194.67,64.32,25462.22,3161.43,142.19,8.24,0
27,2012-08-10,26,3.86,5892.89,148.66,14.01,4147.47,5611.07,142.17,8.24,0
27,2012-08-17,25,3.96,4017.25,33.65,6.2,1753.64,6783.58,142.22,8.24,0
27,2012-08-24,23,4.00,4757.01,85.3,371.06,3090.86,8212.53,142.31,8.24,0
27,2012-08-31,24,4.03,25371.97,59.81,276.58,6582.38,5400.13,142.41,8.24,0
27,2012-09-07,24,4.08,18992.1,56.16,118.16,4511.15,7235.18,142.50,8.24,1
27,2012-09-14,20,4.09,17121.4,17.82,18.5,2384.18,4270.34,142.59,8.24,0
27,2012-09-21,19,4.20,18287.65,63.82,677.64,6039.37,3359.1,142.68,8.24,0
27,2012-09-28,18,4.16,26306.03,39.82,55.24,11296.93,12954.12,142.77,8.24,0
27,2012-10-05,18,4.15,16670.04,0,40.02,5385.32,6733.38,142.85,8.00,0
27,2012-10-12,13,4.19,2177.62,0,7.22,863.01,7931.82,142.94,8.00,0
27,2012-10-19,14,4.15,2639.32,0,4.77,575.48,3147.23,142.86,8.00,0
27,2012-10-26,15,4.07,7756.75,206.45,100,731.23,2174.84,142.76,8.00,0
27,2012-11-02,12,3.97,13125.35,13340.62,32.81,6669.47,718.46,142.66,8.00,0
27,2012-11-09,5,3.95,7490.34,20667.93,204.5,693.02,2912.62,142.56,8.00,0
27,2012-11-16,8,3.94,13377.23,5391.57,209.27,1851.81,4613.77,142.49,8.00,0
27,2012-11-23,6,3.98,3706.65,23.98,94432.21,588.15,6938.6,142.47,8.00,1
27,2012-11-30,4,3.97,3865.29,8.98,9084.53,102.38,13208.03,142.45,8.00,0
27,2012-12-07,7,3.92,6831.83,0,368.29,2410.23,13504.05,142.42,8.00,0
27,2012-12-14,7,3.87,3170.43,0,231,19.88,6252.08,142.41,8.00,0
27,2012-12-21,6,3.82,4615.76,68.96,81.36,79.48,541.09,142.48,8.00,0
27,2012-12-28,2,3.79,6032.37,31849.81,373.32,191.69,4961.75,142.54,8.00,1
27,2013-01-04,0,3.79,7701.72,49026.3,56.77,64.25,3763.34,142.60,7.95,0
27,2013-01-11,4,3.80,4089.24,30552.82,17.44,1337.06,2386.07,142.67,7.95,0
27,2013-01-18,5,3.80,8172,7946.12,8.6,4105.5,2873.45,142.73,7.95,0
27,2013-01-25,-3,3.78,1943.33,4236.29,1.6,512.17,1181.34,142.80,7.95,0
27,2013-02-01,1,3.81,26226.09,2773.71,52,51587.03,3215.4,142.87,7.95,0
27,2013-02-08,-2,3.95,65996.68,1098.51,188.58,38065.62,3295.95,142.94,7.95,1
27,2013-02-15,2,4.01,23292.54,14425.39,243.52,19609.28,7859.66,142.98,7.95,0
27,2013-02-22,0,4.05,17103.18,8134.12,409.54,2543.6,5931.69,142.97,7.95,0
27,2013-03-01,4,4.08,7118.91,1066.15,0.36,189.88,1329.77,142.96,7.95,0
27,2013-03-08,2,4.05,15232.2,397.96,71.9,6609,2614.03,142.95,7.95,0
27,2013-03-15,6,4.03,19493.78,0.27,21.05,5463.42,2894.25,142.96,7.95,0
27,2013-03-22,2,4.00,11085.15,0,749.5,3047.97,1944.8,143.03,7.95,0
27,2013-03-29,5,3.98,9272.92,0,863.54,3.76,4253.53,143.09,7.95,0
27,2013-04-05,7,3.95,16900.93,8685.88,429.4,1919.44,3231.21,143.16,7.70,0
27,2013-04-12,12,3.91,9303.85,6759.23,74.36,2471.53,1389.71,143.22,7.70,0
27,2013-04-19,12,3.88,4566.1,759.03,87.8,122.38,1218.07,143.22,7.70,0
27,2013-04-26,10,3.81,4091.2,2.98,142.58,89.1,1587.02,143.22,7.70,0
27,2013-05-03,13,3.78,7028.8,14.9,84.6,2780.28,2094.38,NULL,NULL,0
27,2013-05-10,14,3.76,6867.63,171.94,81.08,2630.92,3630.71,NULL,NULL,0
27,2013-05-17,16,3.79,9275.52,466.43,21.46,1667.9,6300.88,NULL,NULL,0
27,2013-05-24,18,3.79,5454.05,269.88,631.68,2561.35,3189.17,NULL,NULL,0
27,2013-05-31,18,3.81,2920.43,357.26,448.44,192.04,3557.71,NULL,NULL,0
27,2013-06-07,21,3.79,12658.02,915.15,187.99,7287.16,3704.79,NULL,NULL,0
27,2013-06-14,20,3.80,11806.99,716.93,350.23,3019.24,11306.53,NULL,NULL,0
27,2013-06-21,22,3.79,5236.08,781.81,448.4,3792.83,2223.17,NULL,NULL,0
27,2013-06-28,25,3.80,5149.82,2392.39,16.78,5227.22,4302.13,NULL,NULL,0
27,2013-07-05,25,3.78,12819.65,3929.43,744.57,10416.2,1937.43,NULL,NULL,0
27,2013-07-12,27,3.79,5214.6,2589.72,104.61,2925.97,4733.11,NULL,NULL,0
27,2013-07-19,29,3.91,4965.8,1626.51,204.17,633.73,1818.64,NULL,NULL,0
27,2013-07-26,25,3.95,277.52,2359.44,19.45,39.42,671.27,NULL,NULL,0
28,2010-02-05,10,2.96,0,0,0,0,0,126.44,13.98,0
28,2010-02-12,9,2.95,0,0,0,0,0,126.50,13.98,1
28,2010-02-19,13,2.92,0,0,0,0,0,126.53,13.98,0
28,2010-02-26,10,2.83,0,0,0,0,0,126.55,13.98,0
28,2010-03-05,12,2.99,0,0,0,0,0,126.58,13.98,0
28,2010-03-12,10,2.93,0,0,0,0,0,126.60,13.98,0
28,2010-03-19,15,3.05,0,0,0,0,0,126.61,13.98,0
28,2010-03-26,16,3.08,0,0,0,0,0,126.61,13.98,0
28,2010-04-02,15,3.09,0,0,0,0,0,126.60,14.10,0
28,2010-04-09,15,3.09,0,0,0,0,0,126.60,14.10,0
28,2010-04-16,18,3.11,0,0,0,0,0,126.56,14.10,0
28,2010-04-23,18,3.05,0,0,0,0,0,126.47,14.10,0
28,2010-04-30,20,3.11,0,0,0,0,0,126.38,14.10,0
28,2010-05-07,21,3.13,0,0,0,0,0,126.29,14.10,0
28,2010-05-14,20,3.15,0,0,0,0,0,126.21,14.10,0
28,2010-05-21,25,3.12,0,0,0,0,0,126.18,14.10,0
28,2010-05-28,20,3.06,0,0,0,0,0,126.16,14.10,0
28,2010-06-04,27,2.94,0,0,0,0,0,126.14,14.10,0
28,2010-06-11,33,2.95,0,0,0,0,0,126.11,14.10,0
28,2010-06-18,27,3.04,0,0,0,0,0,126.11,14.10,0
28,2010-06-25,31,3.08,0,0,0,0,0,126.13,14.10,0
28,2010-07-02,33,3.11,0,0,0,0,0,126.14,14.18,0
28,2010-07-09,32,3.10,0,0,0,0,0,126.15,14.18,0
28,2010-07-16,36,3.09,0,0,0,0,0,126.15,14.18,0
28,2010-07-23,37,3.11,0,0,0,0,0,126.13,14.18,0
28,2010-07-30,36,3.02,0,0,0,0,0,126.11,14.18,0
28,2010-08-06,34,3.12,0,0,0,0,0,126.09,14.18,0
28,2010-08-13,31,3.16,0,0,0,0,0,126.06,14.18,0
28,2010-08-20,34,3.04,0,0,0,0,0,126.08,14.18,0
28,2010-08-27,34,3.13,0,0,0,0,0,126.09,14.18,0
28,2010-09-03,28,3.09,0,0,0,0,0,126.10,14.18,0
28,2010-09-10,29,3.04,0,0,0,0,0,126.11,14.18,1
28,2010-09-17,28,3.03,0,0,0,0,0,126.15,14.18,0
28,2010-09-24,28,2.94,0,0,0,0,0,126.19,14.18,0
28,2010-10-01,30,3.00,0,0,0,0,0,126.23,14.31,0
28,2010-10-08,22,3.01,0,0,0,0,0,126.28,14.31,0
28,2010-10-15,24,2.98,0,0,0,0,0,126.33,14.31,0
28,2010-10-22,20,3.01,0,0,0,0,0,126.38,14.31,0
28,2010-10-29,16,3.02,0,0,0,0,0,126.44,14.31,0
28,2010-11-05,19,3.13,0,0,0,0,0,126.49,14.31,0
28,2010-11-12,14,3.13,0,0,0,0,0,126.55,14.31,0
28,2010-11-19,15,3.16,0,0,0,0,0,126.61,14.31,0
28,2010-11-26,9,3.16,0,0,0,0,0,126.67,14.31,1
28,2010-12-03,6,3.04,0,0,0,0,0,126.73,14.31,0
28,2010-12-10,10,3.20,0,0,0,0,0,126.79,14.31,0
28,2010-12-17,12,3.24,0,0,0,0,0,126.88,14.31,0
28,2010-12-24,11,3.24,0,0,0,0,0,126.98,14.31,0
28,2010-12-31,8,3.15,0,0,0,0,0,127.09,14.31,1
28,2011-01-07,3,3.29,0,0,0,0,0,127.19,14.02,0
28,2011-01-14,6,3.31,0,0,0,0,0,127.30,14.02,0
28,2011-01-21,12,3.22,0,0,0,0,0,127.44,14.02,0
28,2011-01-28,10,3.34,0,0,0,0,0,127.58,14.02,0
28,2011-02-04,7,3.35,0,0,0,0,0,127.72,14.02,0
28,2011-02-11,11,3.38,0,0,0,0,0,127.86,14.02,1
28,2011-02-18,12,3.43,0,0,0,0,0,128.00,14.02,0
28,2011-02-25,9,3.53,0,0,0,0,0,128.13,14.02,0
28,2011-03-04,11,3.67,0,0,0,0,0,128.26,14.02,0
28,2011-03-11,14,3.82,0,0,0,0,0,128.40,14.02,0
28,2011-03-18,18,3.69,0,0,0,0,0,128.51,14.02,0
28,2011-03-25,12,3.91,0,0,0,0,0,128.62,14.02,0
28,2011-04-01,18,3.77,0,0,0,0,0,128.72,13.74,0
28,2011-04-08,18,4.00,0,0,0,0,0,128.82,13.74,0
28,2011-04-15,14,3.87,0,0,0,0,0,128.91,13.74,0
28,2011-04-22,22,4.13,0,0,0,0,0,128.96,13.74,0
28,2011-04-29,20,4.15,0,0,0,0,0,129.00,13.74,0
28,2011-05-06,20,4.19,0,0,0,0,0,129.04,13.74,0
28,2011-05-13,22,4.20,0,0,0,0,0,129.09,13.74,0
28,2011-05-20,19,4.17,0,0,0,0,0,129.08,13.74,0
28,2011-05-27,25,4.09,0,0,0,0,0,129.06,13.74,0
28,2011-06-03,22,4.03,0,0,0,0,0,129.05,13.74,0
28,2011-06-10,26,3.98,0,0,0,0,0,129.04,13.74,0
28,2011-06-17,30,3.94,0,0,0,0,0,129.04,13.74,0
28,2011-06-24,32,3.90,0,0,0,0,0,129.07,13.74,0
28,2011-07-01,32,3.84,0,0,0,0,0,129.09,13.50,0
28,2011-07-08,32,3.71,0,0,0,0,0,129.11,13.50,0
28,2011-07-15,31,3.69,0,0,0,0,0,129.13,13.50,0
28,2011-07-22,33,3.79,0,0,0,0,0,129.15,13.50,0
28,2011-07-29,34,3.81,0,0,0,0,0,129.17,13.50,0
28,2011-08-05,33,3.80,0,0,0,0,0,129.18,13.50,0
28,2011-08-12,33,3.70,0,0,0,0,0,129.20,13.50,0
28,2011-08-19,33,3.74,0,0,0,0,0,129.24,13.50,0
28,2011-08-26,35,3.74,0,0,0,0,0,129.28,13.50,0
28,2011-09-02,34,3.80,0,0,0,0,0,129.33,13.50,0
28,2011-09-09,31,3.91,0,0,0,0,0,129.37,13.50,1
28,2011-09-16,25,3.92,0,0,0,0,0,129.43,13.50,0
28,2011-09-23,28,3.79,0,0,0,0,0,129.52,13.50,0
28,2011-09-30,28,3.88,0,0,0,0,0,129.61,13.50,0
28,2011-10-07,21,3.83,0,0,0,0,0,129.69,12.89,0
28,2011-10-14,20,3.81,0,0,0,0,0,129.77,12.89,0
28,2011-10-21,23,3.84,0,0,0,0,0,129.78,12.89,0
28,2011-10-28,20,3.73,0,0,0,0,0,129.79,12.89,0
28,2011-11-04,15,3.83,0,0,0,0,0,129.81,12.89,0
28,2011-11-11,9,3.82,22860.64,12223.82,343.77,20834.37,9895.33,129.82,12.89,0
28,2011-11-18,12,3.81,6772.46,1654.68,86.01,1068.35,9835.85,129.83,12.89,0
28,2011-11-25,12,3.62,2232.08,179.73,61319.72,513.76,1790.89,129.84,12.89,1
28,2011-12-02,11,3.70,10392.61,75,2241.11,6243.02,19374.19,129.85,12.89,0
28,2011-12-09,6,3.64,6628.73,21,140.19,6168.78,14073.59,129.86,12.89,0
28,2011-12-16,6,3.60,2429.88,18.24,347.78,573.31,6432.36,129.90,12.89,0
28,2011-12-23,7,3.54,2135.31,1.53,752.34,499,5674.11,129.98,12.89,0
28,2011-12-30,7,3.43,5218.93,49826.06,155.37,1011.54,7761.98,130.07,12.89,1
28,2012-01-06,10,3.60,5155.86,19549.51,218.29,636.73,5218.5,130.16,12.19,0
28,2012-01-13,9,3.66,4649.73,1843.24,45.3,869.64,7935.42,130.24,12.19,0
28,2012-01-20,8,3.66,5177.01,1280.59,23.75,716.52,6009.03,130.28,12.19,0
28,2012-01-27,10,3.68,1657.67,887,30.97,222.42,4291.52,130.31,12.19,0
28,2012-02-03,10,3.70,44998.1,3682.17,182.6,39241.63,16008.79,130.35,12.19,0
28,2012-02-10,11,3.72,20097.48,2774.5,66.42,16822.46,8228.86,130.38,12.19,1
28,2012-02-17,11,3.78,20868.41,6880.29,7.84,7685.11,11114.94,130.45,12.19,0
28,2012-02-24,12,3.95,9687.54,3338.06,0,847.07,6736.61,130.55,12.19,0
28,2012-03-02,11,4.18,23765.08,872.4,3.5,12645.96,4736.14,130.65,12.19,0
28,2012-03-09,13,4.25,11431.91,101.02,6.93,2060.55,9332.74,130.74,12.19,0
28,2012-03-16,18,4.27,8243.42,44.26,6.68,3641.11,3645.65,130.83,12.19,0
28,2012-03-23,13,4.04,9066.75,48.94,5.91,1040.74,3796.72,130.90,12.19,0
28,2012-03-30,18,4.29,11704.17,57.61,11.85,1537.38,2536.67,130.97,12.19,0
28,2012-04-06,18,4.12,9368.15,0,35.75,2580.09,8313.39,131.04,11.63,0
28,2012-04-13,18,4.25,8478.14,5630.15,20.53,2457.88,9394.39,131.11,11.63,0
28,2012-04-20,19,4.22,5343.29,3895.86,17.32,657.56,4674.67,131.12,11.63,0
28,2012-04-27,26,4.19,3003.61,564.36,16.11,35.54,3226.41,131.13,11.63,0
28,2012-05-04,24,4.17,16196.98,0,45.99,2938.52,8176.03,131.14,11.63,0
28,2012-05-11,25,4.19,14847.64,392,84.72,4190.88,5556.15,131.15,11.63,0
28,2012-05-18,29,4.11,5282.21,0,1.23,1188.92,5422.89,131.10,11.63,0
28,2012-05-25,29,4.29,7557.62,0,609,1574.85,7620.93,131.03,11.63,0
28,2012-06-01,26,4.28,15488.5,0,72,3872.89,5319.68,130.96,11.63,0
28,2012-06-08,29,4.10,9026.85,101.2,-29.1,833.67,11752.37,130.89,11.63,0
28,2012-06-15,30,4.14,8619.75,101,363.96,2244.26,6524.51,130.83,11.63,0
28,2012-06-22,33,4.01,10280.97,18.4,1.12,3663.41,6659.58,130.79,11.63,0
28,2012-06-29,32,3.88,6830.32,37.2,0,331.46,4690.76,130.76,11.63,0
28,2012-07-06,32,3.77,5618.88,98.6,111.79,2513.36,6421.05,130.72,10.93,0
28,2012-07-13,35,3.72,11410.19,19.8,3.03,3053.13,1510.09,130.68,10.93,0
28,2012-07-20,30,3.73,8235.78,61.2,12.27,944.08,3623.51,130.70,10.93,0
28,2012-07-27,34,3.77,4311.14,25.6,5.34,6009.47,4271.03,130.72,10.93,0
28,2012-08-03,31,3.76,27801.87,28.5,76.11,8969.45,5970.49,130.74,10.93,0
28,2012-08-10,36,3.81,8364.4,69.48,30.01,4158.02,3050.7,130.76,10.93,0
28,2012-08-17,35,4.00,5349.52,1.98,11.24,2542.17,6620.24,130.79,10.93,0
28,2012-08-24,30,4.06,6730.91,10.92,309.93,2779.28,5826.35,130.84,10.93,0
28,2012-08-31,32,4.09,25745.2,3.2,115.39,11858.54,4508.04,130.89,10.93,0
28,2012-09-07,31,4.12,7046.94,43.42,66.08,701.38,11100.55,130.93,10.93,1
28,2012-09-14,29,4.13,15676.1,6.98,24.11,2180.72,10483.58,130.98,10.93,0
28,2012-09-21,28,4.13,8790.27,104,3,1761.3,9638.33,131.01,10.93,0
28,2012-09-28,27,3.97,5977.78,7.91,2.16,2458.5,6671.45,131.04,10.93,0
28,2012-10-05,28,3.97,4436.17,0,28.91,6563.84,8417.76,131.08,10.20,0
28,2012-10-12,22,4.47,1546.44,0,13.36,1057.73,6560.97,131.11,10.20,0
28,2012-10-19,20,4.45,2307.28,0,4.7,1406.03,4122.2,131.15,10.20,0
28,2012-10-26,19,4.30,6490.13,90.02,0,1750.84,1684.36,131.19,10.20,0
28,2012-11-02,17,4.10,9765.35,6729.72,43.82,4608.92,7092.27,131.24,10.20,0
28,2012-11-09,19,3.95,11066.79,7689.39,25.88,2816.22,6764.59,131.28,10.20,0
28,2012-11-16,10,3.83,10431.55,184.51,42.72,1422.57,771448.1,131.33,10.20,0
28,2012-11-23,14,3.76,1064.86,0,84493.38,515.22,1144.61,131.38,10.20,1
28,2012-11-30,14,3.58,2475.11,0,7879.62,438.16,31990.74,131.43,10.20,0
28,2012-12-07,14,3.67,9232.97,0,413.24,2404.59,12278.82,131.48,10.20,0
28,2012-12-14,10,3.47,3904.31,0,128,279.27,7181.55,131.54,10.20,0
28,2012-12-21,6,3.39,3577.43,79.96,122.92,36.29,2530.09,131.64,10.20,0
28,2012-12-28,6,3.48,12973.34,35919.8,173.1,63.89,1894.52,131.75,10.20,1
28,2013-01-04,4,3.51,1529.2,28399.98,17.51,15.74,4848.03,131.85,9.91,0
28,2013-01-11,7,3.54,6311.91,9225.86,4.4,241.02,5898.01,131.96,9.91,0
28,2013-01-18,2,3.55,4908.9,1569.2,1.02,296.82,5466.87,132.03,9.91,0
28,2013-01-25,10,3.34,4854.39,1931.93,0.3,615.56,6698.98,132.09,9.91,0
28,2013-02-01,10,3.60,13456.32,951.31,110.42,17469.41,2236.52,132.15,9.91,0
28,2013-02-08,13,3.80,63800.33,449.78,486.62,36592.8,3939.02,132.22,9.91,1
28,2013-02-15,8,3.92,14659.05,4653.27,12.38,682.04,9065.86,132.27,9.91,0
28,2013-02-22,10,4.03,10336.01,2765.28,46.48,6676.43,2829.74,132.32,9.91,0
28,2013-03-01,9,4.11,3857.41,213.47,4.12,332.82,5674.71,132.37,9.91,0
28,2013-03-08,16,3.87,24400.83,85.89,103.31,7412.67,45648.88,132.42,9.91,0
28,2013-03-15,17,4.10,5839.04,0,18.14,887.84,1877.73,132.47,9.91,0
28,2013-03-22,20,4.06,10551.97,0,477,1991.96,2841.14,132.53,9.91,0
28,2013-03-29,17,4.02,11960.92,0,339.06,447.36,4004.18,132.59,9.91,0
28,2013-04-05,21,4.00,14572.76,7502.43,300.04,1730.03,3466.27,132.65,9.87,0
28,2013-04-12,19,3.98,4519.29,4590.85,46.85,2597.41,2875.3,132.72,9.87,0
28,2013-04-19,18,3.76,3507.89,13.12,55.6,964.46,3508.28,132.72,9.87,0
28,2013-04-26,22,3.89,3786.29,0,81.36,1742.42,4579.56,132.72,9.87,0
28,2013-05-03,25,3.67,7588.35,3,106.95,7193.46,8558.1,NULL,NULL,0
28,2013-05-10,21,3.69,7825.44,573.94,57.72,1239.78,6407.04,NULL,NULL,0
28,2013-05-17,29,3.81,8081.71,346.88,6.96,2392.09,5542.49,NULL,NULL,0
28,2013-05-24,25,3.84,3908.93,73.82,184.9,2796.83,4844.73,NULL,NULL,0
28,2013-05-31,27,3.83,2389.95,256.14,831.94,96.52,9751.47,NULL,NULL,0
28,2013-06-07,32,3.79,14212.62,251.87,397.98,8948.52,7226.26,NULL,NULL,0
28,2013-06-14,33,3.77,8040.53,166.44,385.15,4407.58,3743.72,NULL,NULL,0
28,2013-06-21,31,3.77,5661.11,227.29,144.63,4944.18,4958.33,NULL,NULL,0
28,2013-06-28,32,3.78,5170.28,223.74,0,4038.9,3655.78,NULL,NULL,0
28,2013-07-05,39,3.75,8886.95,475.89,863.71,14917.43,1655.99,NULL,NULL,0
28,2013-07-12,34,3.74,3984.35,384.58,82.83,3412.92,2436.13,NULL,NULL,0
28,2013-07-19,34,3.82,3412.38,461.15,30.9,1155.84,3527.07,NULL,NULL,0
28,2013-07-26,32,3.87,329.48,150.3,207.2,143.02,1538.97,NULL,NULL,0
29,2010-02-05,-4,2.79,0,0,0,0,0,131.53,10.06,0
29,2010-02-12,-2,2.77,0,0,0,0,0,131.59,10.06,1
29,2010-02-19,0,2.75,0,0,0,0,0,131.64,10.06,0
29,2010-02-26,2,2.75,0,0,0,0,0,131.69,10.06,0
29,2010-03-05,3,2.77,0,0,0,0,0,131.74,10.06,0
29,2010-03-12,6,2.81,0,0,0,0,0,131.78,10.06,0
29,2010-03-19,8,2.83,0,0,0,0,0,131.82,10.06,0
29,2010-03-26,9,2.83,0,0,0,0,0,131.86,10.06,0
29,2010-04-02,7,2.83,0,0,0,0,0,131.90,10.16,0
29,2010-04-09,14,2.85,0,0,0,0,0,131.94,10.16,0
29,2010-04-16,11,2.89,0,0,0,0,0,131.98,10.16,0
29,2010-04-23,11,2.90,0,0,0,0,0,132.02,10.16,0
29,2010-04-30,11,2.94,0,0,0,0,0,132.06,10.16,0
29,2010-05-07,18,2.98,0,0,0,0,0,132.11,10.16,0
29,2010-05-14,11,2.98,0,0,0,0,0,132.15,10.16,0
29,2010-05-21,16,2.96,0,0,0,0,0,132.22,10.16,0
29,2010-05-28,19,2.91,0,0,0,0,0,132.29,10.16,0
29,2010-06-04,21,2.86,0,0,0,0,0,132.36,10.16,0
29,2010-06-11,18,2.83,0,0,0,0,0,132.44,10.16,0
29,2010-06-18,20,2.81,0,0,0,0,0,132.47,10.16,0
29,2010-06-25,24,2.81,0,0,0,0,0,132.50,10.16,0
29,2010-07-02,23,2.82,0,0,0,0,0,132.52,10.41,0
29,2010-07-09,26,2.81,0,0,0,0,0,132.55,10.41,0
29,2010-07-16,25,2.80,0,0,0,0,0,132.57,10.41,0
29,2010-07-23,25,2.78,0,0,0,0,0,132.58,10.41,0
29,2010-07-30,25,2.79,0,0,0,0,0,132.60,10.41,0
29,2010-08-06,24,2.79,0,0,0,0,0,132.61,10.41,0
29,2010-08-13,24,2.81,0,0,0,0,0,132.63,10.41,0
29,2010-08-20,23,2.80,0,0,0,0,0,132.66,10.41,0
29,2010-08-27,21,2.77,0,0,0,0,0,132.69,10.41,0
29,2010-09-03,24,2.74,0,0,0,0,0,132.72,10.41,0
29,2010-09-10,20,2.72,0,0,0,0,0,132.76,10.41,1
29,2010-09-17,17,2.72,0,0,0,0,0,132.77,10.41,0
29,2010-09-24,18,2.72,0,0,0,0,0,132.76,10.41,0
29,2010-10-01,21,2.72,0,0,0,0,0,132.76,10.52,0
29,2010-10-08,14,2.78,0,0,0,0,0,132.75,10.52,0
29,2010-10-15,13,2.88,0,0,0,0,0,132.76,10.52,0
29,2010-10-22,10,2.92,0,0,0,0,0,132.82,10.52,0
29,2010-10-29,14,2.94,0,0,0,0,0,132.87,10.52,0
29,2010-11-05,7,2.94,0,0,0,0,0,132.92,10.52,0
29,2010-11-12,7,2.96,0,0,0,0,0,132.98,10.52,0
29,2010-11-19,9,3.03,0,0,0,0,0,132.92,10.52,0
29,2010-11-26,7,3.07,0,0,0,0,0,132.84,10.52,1
29,2010-12-03,4,3.07,0,0,0,0,0,132.76,10.52,0
29,2010-12-10,-2,3.13,0,0,0,0,0,132.68,10.52,0
29,2010-12-17,-1,3.14,0,0,0,0,0,132.68,10.52,0
29,2010-12-24,-1,3.15,0,0,0,0,0,132.75,10.52,0
29,2010-12-31,-2,3.18,0,0,0,0,0,132.82,10.52,1
29,2011-01-07,0,3.19,0,0,0,0,0,132.88,10.26,0
29,2011-01-14,-4,3.22,0,0,0,0,0,132.95,10.26,0
29,2011-01-21,-3,3.23,0,0,0,0,0,133.03,10.26,0
29,2011-01-28,-6,3.24,0,0,0,0,0,133.11,10.26,0
29,2011-02-04,-3,3.24,0,0,0,0,0,133.18,10.26,0
29,2011-02-11,-2,3.26,0,0,0,0,0,133.26,10.26,1
29,2011-02-18,2,3.26,0,0,0,0,0,133.37,10.26,0
29,2011-02-25,-1,3.28,0,0,0,0,0,133.49,10.26,0
29,2011-03-04,1,3.44,0,0,0,0,0,133.61,10.26,0
29,2011-03-11,5,3.60,0,0,0,0,0,133.74,10.26,0
29,2011-03-18,6,3.63,0,0,0,0,0,133.85,10.26,0
29,2011-03-25,4,3.62,0,0,0,0,0,133.96,10.26,0
29,2011-04-01,2,3.64,0,0,0,0,0,134.07,9.97,0
29,2011-04-08,7,3.72,0,0,0,0,0,134.18,9.97,0
29,2011-04-15,9,3.82,0,0,0,0,0,134.28,9.97,0
29,2011-04-22,9,3.92,0,0,0,0,0,134.36,9.97,0
29,2011-04-29,14,3.99,0,0,0,0,0,134.44,9.97,0
29,2011-05-06,12,4.08,0,0,0,0,0,134.51,9.97,0
29,2011-05-13,14,4.10,0,0,0,0,0,134.59,9.97,0
29,2011-05-20,15,4.10,0,0,0,0,0,134.68,9.97,0
29,2011-05-27,17,4.03,0,0,0,0,0,134.77,9.97,0
29,2011-06-03,21,3.97,0,0,0,0,0,134.86,9.97,0
29,2011-06-10,21,3.92,0,0,0,0,0,134.94,9.97,0
29,2011-06-17,18,3.87,0,0,0,0,0,135.08,9.97,0
29,2011-06-24,20,3.85,0,0,0,0,0,135.27,9.97,0
29,2011-07-01,22,3.82,0,0,0,0,0,135.45,9.86,0
29,2011-07-08,23,3.78,0,0,0,0,0,135.63,9.86,0
29,2011-07-15,24,3.83,0,0,0,0,0,135.78,9.86,0
29,2011-07-22,25,3.88,0,0,0,0,0,135.87,9.86,0
29,2011-07-29,24,3.90,0,0,0,0,0,135.96,9.86,0
29,2011-08-05,24,3.90,0,0,0,0,0,136.05,9.86,0
29,2011-08-12,24,3.88,0,0,0,0,0,136.14,9.86,0
29,2011-08-19,22,3.82,0,0,0,0,0,136.18,9.86,0
29,2011-08-26,22,3.80,0,0,0,0,0,136.21,9.86,0
29,2011-09-02,21,3.78,0,0,0,0,0,136.24,9.86,0
29,2011-09-09,21,3.81,0,0,0,0,0,136.27,9.86,1
29,2011-09-16,20,3.81,0,0,0,0,0,136.31,9.86,0
29,2011-09-23,17,3.76,0,0,0,0,0,136.37,9.86,0
29,2011-09-30,21,3.68,0,0,0,0,0,136.42,9.86,0
29,2011-10-07,14,3.63,0,0,0,0,0,136.47,9.36,0
29,2011-10-14,17,3.58,0,0,0,0,0,136.52,9.36,0
29,2011-10-21,15,3.62,0,0,0,0,0,136.50,9.36,0
29,2011-10-28,10,3.60,0,0,0,0,0,136.49,9.36,0
29,2011-11-04,6,3.59,0,0,0,0,0,136.48,9.36,0
29,2011-11-11,9,3.57,8394.65,7331.95,200.28,1292.58,2786.42,136.46,9.36,0
29,2011-11-18,10,3.57,7021.01,967.62,15.97,392.25,5793.48,136.47,9.36,0
29,2011-11-25,8,3.54,122.33,0,47289.47,4,1179.49,136.48,9.36,1
29,2011-12-02,10,3.50,2167.06,0,1457.99,820.49,6387.74,136.49,9.36,0
29,2011-12-09,7,3.47,2597.24,0,614.02,499.88,5186.34,136.50,9.36,0
29,2011-12-16,4,3.45,1779.72,0,547.17,1211.18,6777.33,136.53,9.36,0
29,2011-12-23,4,3.41,373.34,5.21,676.82,10.5,1730.4,136.59,9.36,0
29,2011-12-30,2,3.40,2168.59,17155.07,47.22,332.96,1792.92,136.64,9.36,1
29,2012-01-06,1,3.44,4557.94,13427.99,9.56,550.78,2053.68,136.70,8.99,0
29,2012-01-13,4,3.52,1789.85,7403.46,0.06,2.5,2512.9,136.75,8.99,0
29,2012-01-20,-2,3.54,2021.51,2502.83,4.65,383.01,2842.32,136.86,8.99,0
29,2012-01-27,2,3.57,961.63,2011.62,0.73,117.38,1504.22,136.96,8.99,0
29,2012-02-03,5,3.63,23656.27,2347.13,110.26,11641.23,2548.96,137.06,8.99,0
29,2012-02-10,2,3.66,15679.67,2427.87,4.36,4775.31,4026.33,137.17,8.99,1
29,2012-02-17,2,3.70,7180.13,5665.86,1.76,5185.35,3381.36,137.26,8.99,0
29,2012-02-24,4,3.75,7623.6,3357.2,0,3737.6,5024.43,137.34,8.99,0
29,2012-03-02,3,3.83,12783.88,800.94,1.09,6884.75,1699.2,137.42,8.99,0
29,2012-03-09,5,3.88,5564.21,396.61,0,531.23,1542.59,137.51,8.99,0
29,2012-03-16,8,3.87,4383.29,94.3,0.99,642.33,1575.61,137.58,8.99,0
29,2012-03-23,13,3.89,2826.57,69.69,2.31,538.94,1177.24,137.66,8.99,0
29,2012-03-30,8,3.92,4713.53,42.04,1.5,266.03,915.19,137.73,8.99,0
29,2012-04-06,8,3.96,9650.62,0,10.77,1831.88,4732.84,137.80,9.14,0
29,2012-04-13,10,4.03,2015.59,4370.68,2.75,424.21,1595.7,137.87,9.14,0
29,2012-04-20,15,4.05,2087.5,1908.99,9.68,234.05,1581.26,137.92,9.14,0
29,2012-04-27,11,4.02,1238.43,0,6.62,58.84,1407.86,137.98,9.14,0
29,2012-05-04,10,3.99,5067.27,0,12.59,1773.6,1695.58,138.03,9.14,0
29,2012-05-11,14,3.95,6606.84,0,7.15,477.96,2857.52,138.09,9.14,0
29,2012-05-18,17,3.90,3018.19,0,76.29,661.56,597.94,138.11,9.14,0
29,2012-05-25,17,3.85,7467.41,0,290.33,309.68,2750.24,138.11,9.14,0
29,2012-06-01,21,3.80,8940.48,0,63.86,885.58,2768.33,138.11,9.14,0
29,2012-06-08,17,3.75,5777.3,117.2,23.9,440.62,3946.59,138.12,9.14,0
29,2012-06-15,19,3.68,3861.04,306.6,7.02,89.54,1180.28,138.13,9.14,0
29,2012-06-22,21,3.63,4524.86,492.8,0.99,1745.53,2589.37,138.16,9.14,0
29,2012-06-29,22,3.58,5142.08,329.04,0.27,565.5,1957.42,138.20,9.14,0
29,2012-07-06,25,3.54,5782.33,132.2,30.11,1918.9,4059.51,138.23,9.42,0
29,2012-07-13,24,3.56,3071.52,163,22.04,1087.28,656.21,138.26,9.42,0
29,2012-07-20,25,3.61,1142.93,212.35,8.11,368.45,1625.35,138.23,9.42,0
29,2012-07-27,23,3.70,4006.71,190.7,2.17,1656.41,1187.12,138.20,9.42,0
29,2012-08-03,23,3.70,6061.65,149.02,0,4925.98,2222.95,138.17,9.42,0
29,2012-08-10,25,3.77,27921.89,341.19,9.08,1673.62,1983.79,138.14,9.42,0
29,2012-08-17,24,3.84,1727.05,167.24,0.3,504.22,1175.37,138.19,9.42,0
29,2012-08-24,21,3.87,2436.31,71.53,1.98,1546.95,1061.4,138.28,9.42,0
29,2012-08-31,22,3.88,5937.04,64.33,26.74,1875.2,1385.34,138.38,9.42,0
29,2012-09-07,23,3.92,6434.83,49.02,42.16,1096.81,3319.92,138.47,9.42,1
29,2012-09-14,19,3.99,5649.87,89.66,4.86,1763.17,4109.45,138.57,9.42,0
29,2012-09-21,17,4.06,2956.4,24.91,4.5,345.81,2110.49,138.65,9.42,0
29,2012-09-28,17,4.02,4039.87,7.91,1.98,687.56,3822.63,138.74,9.42,0
29,2012-10-05,17,4.03,4727.88,0,9.12,676.3,1904.05,138.83,9.15,0
29,2012-10-12,12,4.03,2264.29,0,6.8,829.39,675.12,138.91,9.15,0
29,2012-10-19,13,4.00,1021.83,0,2.28,194.24,3821.21,138.83,9.15,0
29,2012-10-26,14,3.92,5581.8,2.98,0,398.23,396.11,138.73,9.15,0
29,2012-11-02,13,3.82,6161.11,3333.61,17.84,1281.79,807.58,138.62,9.15,0
29,2012-11-09,4,3.79,2365.7,3554.12,38.94,493.37,1049.91,138.52,9.15,0
29,2012-11-16,8,3.75,3274.05,821.65,26.46,341.08,2016.7,138.45,9.15,0
29,2012-11-23,5,3.73,257.29,0,56888.86,46.8,327.65,138.42,9.15,1
29,2012-11-30,3,3.71,9662.58,0,2361.57,1476.42,4082.28,138.40,9.15,0
29,2012-12-07,6,3.68,5600.51,0,73,807.18,3851.16,138.38,9.15,0
29,2012-12-14,6,3.64,1089.14,0,56,125.07,1828.21,138.37,9.15,0
29,2012-12-21,5,3.57,2579.86,0,235,64.23,3165.77,138.43,9.15,0
29,2012-12-28,2,3.56,5771.46,10500.57,350.03,186.82,157.48,138.49,9.15,1
29,2013-01-04,-1,3.58,2196.2,14286.35,0.82,42.96,2531.07,138.55,8.95,0
29,2013-01-11,2,3.60,908.65,7854.23,2.66,69.22,1126.49,138.61,8.95,0
29,2013-01-18,4,3.59,1939.5,1780.07,2.96,90.52,1005.06,138.67,8.95,0
29,2013-01-25,-4,3.58,589.55,764.19,0.5,3.97,796.07,138.73,8.95,0
29,2013-02-01,0,3.61,6803.76,1190.61,5.1,4060.16,149.87,138.80,8.95,0
29,2013-02-08,-2,3.76,42893.1,354.67,146.7,18264.03,1146.15,138.86,8.95,1
29,2013-02-15,0,3.81,3033.25,4673.68,110,925.8,3914.86,138.90,8.95,0
29,2013-02-22,-1,3.87,14443.78,1340.14,11.56,3671.03,4526.17,138.88,8.95,0
29,2013-03-01,4,3.89,2430.08,327.78,1.2,125.22,598.99,138.87,8.95,0
29,2013-03-08,2,3.87,15921.42,143.4,1.79,2243.32,1381.64,138.85,8.95,0
29,2013-03-15,4,3.84,4850.99,0,0.49,1196.12,1057.5,138.86,8.95,0
29,2013-03-22,1,3.82,11679.14,0,450,1170.62,1039.34,138.93,8.95,0
29,2013-03-29,5,3.80,5183.14,0,343.92,16.38,1132.22,138.99,8.95,0
29,2013-04-05,5,3.77,10522.37,1250.96,100.58,1277.17,1335.89,139.06,8.78,0
29,2013-04-12,10,3.72,3169.9,322.07,65.6,480.59,1050.29,139.12,8.78,0
29,2013-04-19,10,3.68,1024.31,123.07,20,206.77,642.13,139.12,8.78,0
29,2013-04-26,9,3.63,2316.59,0,29.4,87.93,1270.04,139.12,8.78,0
29,2013-05-03,12,3.60,6113.18,4,24.61,1794.82,2871.71,NULL,NULL,0
29,2013-05-10,13,3.60,3694.83,66.92,29.34,354.28,6956.88,NULL,NULL,0
29,2013-05-17,14,3.63,5885.5,36,15.86,341.95,2145.15,NULL,NULL,0
29,2013-05-24,17,3.65,3703.49,61,77.04,1137.25,1869.38,NULL,NULL,0
29,2013-05-31,16,3.67,2577.62,33.41,121.05,56.27,726.67,NULL,NULL,0
29,2013-06-07,19,3.66,9549.69,171.45,173.44,2652.08,3563.94,NULL,NULL,0
29,2013-06-14,18,3.67,3274.68,115.81,262.18,1570.86,1360.61,NULL,NULL,0
29,2013-06-21,20,3.67,1926.74,136.85,81.53,2287.86,1901.5,NULL,NULL,0
29,2013-06-28,24,3.67,4911.94,492.18,3,1842.62,1688.61,NULL,NULL,0
29,2013-07-05,24,3.64,6246.33,655.45,111,3255.46,755.71,NULL,NULL,0
29,2013-07-12,25,3.65,1864.43,502.49,27.6,840.94,883.78,NULL,NULL,0
29,2013-07-19,27,3.80,3707.14,1010.86,0,906.45,546.63,NULL,NULL,0
29,2013-07-26,23,3.88,483.7,851.44,0,279.89,776.84,NULL,NULL,0
30,2010-02-05,4,2.57,0,0,0,0,0,210.75,8.32,0
30,2010-02-12,3,2.55,0,0,0,0,0,210.90,8.32,1
30,2010-02-19,4,2.51,0,0,0,0,0,210.95,8.32,0
30,2010-02-26,7,2.56,0,0,0,0,0,210.98,8.32,0
30,2010-03-05,9,2.63,0,0,0,0,0,211.01,8.32,0
30,2010-03-12,14,2.67,0,0,0,0,0,211.04,8.32,0
30,2010-03-19,13,2.72,0,0,0,0,0,210.87,8.32,0
30,2010-03-26,11,2.73,0,0,0,0,0,210.68,8.32,0
30,2010-04-02,18,2.72,0,0,0,0,0,210.48,8.20,0
30,2010-04-09,19,2.77,0,0,0,0,0,210.28,8.20,0
30,2010-04-16,20,2.81,0,0,0,0,0,210.15,8.20,0
30,2010-04-23,18,2.80,0,0,0,0,0,210.10,8.20,0
30,2010-04-30,19,2.78,0,0,0,0,0,210.05,8.20,0
30,2010-05-07,22,2.84,0,0,0,0,0,210.00,8.20,0
30,2010-05-14,23,2.85,0,0,0,0,0,210.00,8.20,0
30,2010-05-21,23,2.83,0,0,0,0,0,210.28,8.20,0
30,2010-05-28,27,2.76,0,0,0,0,0,210.56,8.20,0
30,2010-06-04,28,2.71,0,0,0,0,0,210.83,8.20,0
30,2010-06-11,29,2.67,0,0,0,0,0,211.11,8.20,0
30,2010-06-18,30,2.64,0,0,0,0,0,211.11,8.20,0
30,2010-06-25,31,2.65,0,0,0,0,0,211.00,8.20,0
30,2010-07-02,28,2.67,0,0,0,0,0,210.88,8.10,0
30,2010-07-09,28,2.64,0,0,0,0,0,210.77,8.10,0
30,2010-07-16,30,2.62,0,0,0,0,0,210.76,8.10,0
30,2010-07-23,31,2.61,0,0,0,0,0,210.89,8.10,0
30,2010-07-30,29,2.64,0,0,0,0,0,211.03,8.10,0
30,2010-08-06,32,2.63,0,0,0,0,0,211.16,8.10,0
30,2010-08-13,32,2.69,0,0,0,0,0,211.30,8.10,0
30,2010-08-20,32,2.66,0,0,0,0,0,211.26,8.10,0
30,2010-08-27,30,2.62,0,0,0,0,0,211.22,8.10,0
30,2010-09-03,28,2.58,0,0,0,0,0,211.19,8.10,0
30,2010-09-10,26,2.57,0,0,0,0,0,211.15,8.10,1
30,2010-09-17,28,2.58,0,0,0,0,0,211.18,8.10,0
30,2010-09-24,27,2.62,0,0,0,0,0,211.26,8.10,0
30,2010-10-01,21,2.60,0,0,0,0,0,211.33,8.16,0
30,2010-10-08,19,2.63,0,0,0,0,0,211.40,8.16,0
30,2010-10-15,20,2.72,0,0,0,0,0,211.47,8.16,0
30,2010-10-22,22,2.73,0,0,0,0,0,211.52,8.16,0
30,2010-10-29,20,2.72,0,0,0,0,0,211.57,8.16,0
30,2010-11-05,15,2.69,0,0,0,0,0,211.61,8.16,0
30,2010-11-12,16,2.73,0,0,0,0,0,211.66,8.16,0
30,2010-11-19,11,2.77,0,0,0,0,0,211.55,8.16,0
30,2010-11-26,17,2.74,0,0,0,0,0,211.41,8.16,1
30,2010-12-03,10,2.71,0,0,0,0,0,211.27,8.16,0
30,2010-12-10,8,2.84,0,0,0,0,0,211.12,8.16,0
30,2010-12-17,9,2.87,0,0,0,0,0,211.06,8.16,0
30,2010-12-24,11,2.89,0,0,0,0,0,211.06,8.16,0
30,2010-12-31,8,2.94,0,0,0,0,0,211.06,8.16,1
30,2011-01-07,7,2.98,0,0,0,0,0,211.06,8.03,0
30,2011-01-14,1,2.98,0,0,0,0,0,211.12,8.03,0
30,2011-01-21,6,3.02,0,0,0,0,0,211.49,8.03,0
30,2011-01-28,7,3.01,0,0,0,0,0,211.86,8.03,0
30,2011-02-04,2,2.99,0,0,0,0,0,212.22,8.03,0
30,2011-02-11,1,3.02,0,0,0,0,0,212.59,8.03,1
30,2011-02-18,15,3.05,0,0,0,0,0,212.90,8.03,0
30,2011-02-25,16,3.07,0,0,0,0,0,213.19,8.03,0
30,2011-03-04,15,3.29,0,0,0,0,0,213.48,8.03,0
30,2011-03-11,13,3.46,0,0,0,0,0,213.76,8.03,0
30,2011-03-18,17,3.49,0,0,0,0,0,214.02,8.03,0
30,2011-03-25,21,3.47,0,0,0,0,0,214.25,8.03,0
30,2011-04-01,14,3.52,0,0,0,0,0,214.49,7.93,0
30,2011-04-08,20,3.62,0,0,0,0,0,214.73,7.93,0
30,2011-04-15,22,3.74,0,0,0,0,0,214.94,7.93,0
30,2011-04-22,22,3.81,0,0,0,0,0,215.11,7.93,0
30,2011-04-29,21,3.81,0,0,0,0,0,215.28,7.93,0
30,2011-05-06,17,3.91,0,0,0,0,0,215.44,7.93,0
30,2011-05-13,24,3.90,0,0,0,0,0,215.61,7.93,0
30,2011-05-20,20,3.91,0,0,0,0,0,215.38,7.93,0
30,2011-05-27,25,3.79,0,0,0,0,0,215.15,7.93,0
30,2011-06-03,29,3.70,0,0,0,0,0,214.93,7.93,0
30,2011-06-10,29,3.65,0,0,0,0,0,214.70,7.93,0
30,2011-06-17,31,3.64,0,0,0,0,0,214.65,7.93,0
30,2011-06-24,30,3.59,0,0,0,0,0,214.74,7.93,0
30,2011-07-01,31,3.52,0,0,0,0,0,214.84,7.85,0
30,2011-07-08,32,3.48,0,0,0,0,0,214.93,7.85,0
30,2011-07-15,33,3.58,0,0,0,0,0,215.01,7.85,0
30,2011-07-22,32,3.65,0,0,0,0,0,215.07,7.85,0
30,2011-07-29,33,3.68,0,0,0,0,0,215.14,7.85,0
30,2011-08-05,35,3.68,0,0,0,0,0,215.20,7.85,0
30,2011-08-12,34,3.64,0,0,0,0,0,215.26,7.85,0
30,2011-08-19,32,3.55,0,0,0,0,0,215.32,7.85,0
30,2011-08-26,33,3.52,0,0,0,0,0,215.39,7.85,0
30,2011-09-02,33,3.53,0,0,0,0,0,215.45,7.85,0
30,2011-09-09,26,3.55,0,0,0,0,0,215.51,7.85,1
30,2011-09-16,27,3.53,0,0,0,0,0,215.69,7.85,0
30,2011-09-23,24,3.47,0,0,0,0,0,216.03,7.85,0
30,2011-09-30,26,3.36,0,0,0,0,0,216.36,7.85,0
30,2011-10-07,22,3.29,0,0,0,0,0,216.70,7.44,0
30,2011-10-14,21,3.27,0,0,0,0,0,217.00,7.44,0
30,2011-10-21,18,3.35,0,0,0,0,0,217.17,7.44,0
30,2011-10-28,19,3.37,0,0,0,0,0,217.33,7.44,0
30,2011-11-04,13,3.33,0,0,0,0,0,217.49,7.44,0
30,2011-11-11,15,3.30,42.28,276.94,14.54,0,3508.88,217.65,7.44,0
30,2011-11-18,17,3.31,679.88,97.38,0,38.35,1143.98,217.87,7.44,0
30,2011-11-25,14,3.24,19.97,0,0,0,477.74,218.11,7.44,1
30,2011-12-02,9,3.17,23.47,0,4.7,0,1257.19,218.36,7.44,0
30,2011-12-09,5,3.16,1.5,0,3.41,0,1774.78,218.61,7.44,0
30,2011-12-16,10,3.16,0,0,11.1,0,602.44,218.82,7.44,0
30,2011-12-23,8,3.11,245.83,0,12.5,2.52,2951.23,219.00,7.44,0
30,2011-12-30,7,3.13,782.67,2027.77,0,35.28,239.99,219.18,7.44,1
30,2012-01-06,9,3.16,594.21,1905.66,91.16,4.92,855.1,219.36,7.06,0
30,2012-01-13,7,3.26,157.23,452.88,51.64,0,916.52,219.53,7.06,0
30,2012-01-20,11,3.27,1084.35,3.47,36.96,0,344.93,219.63,7.06,0
30,2012-01-27,10,3.29,246.62,0,49.06,42.84,421.39,219.72,7.06,0
30,2012-02-03,13,3.36,843.22,2.82,64.81,192.66,2393.21,219.81,7.06,0
30,2012-02-10,8,3.41,2098.64,4,52.55,0,1923.82,219.90,7.06,1
30,2012-02-17,7,3.51,95.88,745.13,11.88,0,2043.43,220.07,7.06,0
30,2012-02-24,13,3.56,1192.83,557.62,0,13.5,1342.2,220.28,7.06,0
30,2012-03-02,15,3.63,1080.76,0.02,1.39,63.5,1031.3,220.49,7.06,0
30,2012-03-09,14,3.67,639.83,0,0.49,144.18,3286.61,220.70,7.06,0
30,2012-03-16,17,3.73,301.14,0,0,0,2536.55,220.85,7.06,0
30,2012-03-23,17,3.79,349.9,0.5,0.34,0,2099.05,220.92,7.06,0
30,2012-03-30,20,3.85,380.37,0.5,0,0,1080.75,221.00,7.06,0
30,2012-04-06,21,3.89,21.39,0,4.09,0,2364.16,221.07,6.89,0
30,2012-04-13,21,3.89,48.96,856.15,12,0,699.85,221.15,6.89,0
30,2012-04-20,19,3.88,72.85,692.6,0.7,0,369.74,221.20,6.89,0
30,2012-04-27,21,3.81,60.07,0,3.21,0,1112.14,221.26,6.89,0
30,2012-05-04,25,3.75,1136.36,0,19.09,14.33,2003.64,221.31,6.89,0
30,2012-05-11,23,3.69,701.89,0,2.28,0,1487.23,221.36,6.89,0
30,2012-05-18,22,3.63,57.13,0,0,0,857.91,221.38,6.89,0
30,2012-05-25,26,3.56,175.64,0,0,0,2534.54,221.38,6.89,0
30,2012-06-01,26,3.50,553.39,0,0,0,7048.24,221.39,6.89,0
30,2012-06-08,26,3.45,359.6,0,3.75,0,3721.71,221.39,6.89,0
30,2012-06-15,28,3.39,370.16,0,3.01,10.16,1042.83,221.40,6.89,0
30,2012-06-22,28,3.35,292.53,0,0,0,3749.16,221.44,6.89,0
30,2012-06-29,31,3.29,57.9,0,0,0,1773.54,221.48,6.89,0
30,2012-07-06,30,3.23,799.32,0,2.35,2.96,2510.56,221.52,6.57,0
30,2012-07-13,28,3.26,200.86,0,4.08,0,7547.27,221.56,6.57,0
30,2012-07-20,29,3.31,164.49,0,2.82,0,2012.83,221.57,6.57,0
30,2012-07-27,31,3.41,92.13,0,0.24,0,3727.76,221.58,6.57,0
30,2012-08-03,33,3.42,283.01,0,2.46,1.88,2833.5,221.59,6.57,0
30,2012-08-10,32,3.49,971.97,0,1.03,52.96,2168.04,221.60,6.57,0
30,2012-08-17,30,3.57,168.82,0,2.13,0,1321.3,221.68,6.57,0
30,2012-08-24,25,3.62,338.75,0,6.52,10.05,1731.98,221.81,6.57,0
30,2012-08-31,29,3.64,394.74,0,4.9,134.07,1892.82,221.94,6.57,0
30,2012-09-07,31,3.73,223.74,0,124.14,33.14,1987.38,222.07,6.57,1
30,2012-09-14,25,3.72,1085.92,0,29.23,0,2115.61,222.22,6.57,0
30,2012-09-21,22,3.72,1046.34,0,0,69.2,1258.49,222.42,6.57,0
30,2012-09-28,27,3.67,212.08,0,0,0,1525.32,222.62,6.57,0
30,2012-10-05,21,3.62,0,0,3.02,0,755.8,222.82,6.17,0
30,2012-10-12,16,3.60,15.88,0,5.2,0,3374.4,223.02,6.17,0
30,2012-10-19,20,3.59,37.11,0,0.15,0,1030.33,223.06,6.17,0
30,2012-10-26,21,3.51,150.46,1.75,0,0,367.83,223.08,6.17,0
30,2012-11-02,14,3.39,8.62,98.75,25.29,0,831.27,223.10,6.17,0
30,2012-11-09,18,3.31,192.04,490.12,2.58,0,1031.37,223.12,6.17,0
30,2012-11-16,12,3.25,201.03,52.11,13.61,0,1321.18,223.15,6.17,0
30,2012-11-23,15,3.21,5.76,0,4.14,0,134.47,223.20,6.17,1
30,2012-11-30,12,3.21,302.68,0,0,0.63,759.72,223.24,6.17,0
30,2012-12-07,18,3.20,37.83,0,0.45,0,581.44,223.29,6.17,0
30,2012-12-14,9,3.17,840.45,0,0.49,0,2913.69,223.35,6.17,0
30,2012-12-21,13,3.10,253.4,0,3.1,0,324.12,223.47,6.17,0
30,2012-12-28,5,3.11,562.04,1295.25,1.42,0,406.24,223.59,6.17,1
30,2013-01-04,4,3.16,159.86,1410.45,1.56,0,1132.67,223.71,6.24,0
30,2013-01-11,9,3.24,709.31,697.1,0.26,0,832.67,223.83,6.24,0
30,2013-01-18,5,3.24,1546.23,405.06,0,0,632.65,223.87,6.24,0
30,2013-01-25,11,3.23,9.59,18.32,0,0,290.47,223.87,6.24,0
30,2013-02-01,13,3.24,1019.93,11.72,16.6,36.53,647.71,223.87,6.24,0
30,2013-02-08,14,3.42,1954.39,14.6,7.21,4.46,1173.96,223.87,6.24,1
30,2013-02-15,10,3.48,4928.11,484.77,0.36,84.8,533.64,223.91,6.24,0
30,2013-02-22,9,3.60,-2781.45,297.3,0,0,791.67,224.05,6.24,0
30,2013-03-01,8,3.71,1198.18,6.28,0,22.44,767.62,224.20,6.24,0
30,2013-03-08,12,3.66,3041.11,0,47.01,236.56,877.24,224.34,6.24,0
30,2013-03-15,13,3.62,40.49,0,7.37,50.31,1073.71,224.47,6.24,0
30,2013-03-22,16,3.61,955.58,0,0,6.72,945.27,224.55,6.24,0
30,2013-03-29,11,3.61,227.37,0,2.79,0,440.01,224.64,6.24,0
30,2013-04-05,15,3.58,849,490.11,13.47,0,1440.09,224.72,6.11,0
30,2013-04-12,16,3.53,656.65,559.7,1.33,56.7,683.06,224.80,6.11,0
30,2013-04-19,20,3.45,827.91,47.22,0,183.18,1245.14,224.80,6.11,0
30,2013-04-26,15,3.42,29.25,0,0,0,184.55,224.80,6.11,0
30,2013-05-03,19,3.39,66.63,0,25.23,17.65,706.38,NULL,NULL,0
30,2013-05-10,19,3.39,915.38,0,9.83,0,832.81,NULL,NULL,0
30,2013-05-17,22,3.45,365.84,0,0.18,0,1125.12,NULL,NULL,0
30,2013-05-24,25,3.49,947.72,0,6.17,0,1680.16,NULL,NULL,0
30,2013-05-31,25,3.47,232.08,0,3.56,0,493.67,NULL,NULL,0
30,2013-06-07,25,3.44,268.61,0,3.87,0,1057.7,NULL,NULL,0
30,2013-06-14,28,3.43,225.14,0,6.98,0,4268.56,NULL,NULL,0
30,2013-06-21,28,3.48,298.35,0,0,0,1009.26,NULL,NULL,0
30,2013-06-28,30,3.50,1063.88,0,0,0,845.76,NULL,NULL,0
30,2013-07-05,27,3.42,378.21,0,21.35,0,856,NULL,NULL,0
30,2013-07-12,31,3.40,466.05,0,1.71,0,188.57,NULL,NULL,0
30,2013-07-19,26,3.56,189.49,0,5.1,0,664.65,NULL,NULL,0
30,2013-07-26,29,3.62,35.08,0,0.5,0,525.63,NULL,NULL,0
31,2010-02-05,4,2.57,0,0,0,0,0,210.75,8.32,0
31,2010-02-12,3,2.55,0,0,0,0,0,210.90,8.32,1
31,2010-02-19,4,2.51,0,0,0,0,0,210.95,8.32,0
31,2010-02-26,7,2.56,0,0,0,0,0,210.98,8.32,0
31,2010-03-05,9,2.63,0,0,0,0,0,211.01,8.32,0
31,2010-03-12,14,2.67,0,0,0,0,0,211.04,8.32,0
31,2010-03-19,13,2.72,0,0,0,0,0,210.87,8.32,0
31,2010-03-26,11,2.73,0,0,0,0,0,210.68,8.32,0
31,2010-04-02,18,2.72,0,0,0,0,0,210.48,8.20,0
31,2010-04-09,19,2.77,0,0,0,0,0,210.28,8.20,0
31,2010-04-16,20,2.81,0,0,0,0,0,210.15,8.20,0
31,2010-04-23,18,2.80,0,0,0,0,0,210.10,8.20,0
31,2010-04-30,19,2.78,0,0,0,0,0,210.05,8.20,0
31,2010-05-07,22,2.84,0,0,0,0,0,210.00,8.20,0
31,2010-05-14,23,2.85,0,0,0,0,0,210.00,8.20,0
31,2010-05-21,23,2.83,0,0,0,0,0,210.28,8.20,0
31,2010-05-28,27,2.76,0,0,0,0,0,210.56,8.20,0
31,2010-06-04,28,2.71,0,0,0,0,0,210.83,8.20,0
31,2010-06-11,29,2.67,0,0,0,0,0,211.11,8.20,0
31,2010-06-18,30,2.64,0,0,0,0,0,211.11,8.20,0
31,2010-06-25,31,2.65,0,0,0,0,0,211.00,8.20,0
31,2010-07-02,28,2.67,0,0,0,0,0,210.88,8.10,0
31,2010-07-09,28,2.64,0,0,0,0,0,210.77,8.10,0
31,2010-07-16,30,2.62,0,0,0,0,0,210.76,8.10,0
31,2010-07-23,31,2.61,0,0,0,0,0,210.89,8.10,0
31,2010-07-30,29,2.64,0,0,0,0,0,211.03,8.10,0
31,2010-08-06,32,2.63,0,0,0,0,0,211.16,8.10,0
31,2010-08-13,32,2.69,0,0,0,0,0,211.30,8.10,0
31,2010-08-20,32,2.66,0,0,0,0,0,211.26,8.10,0
31,2010-08-27,30,2.62,0,0,0,0,0,211.22,8.10,0
31,2010-09-03,28,2.58,0,0,0,0,0,211.19,8.10,0
31,2010-09-10,26,2.57,0,0,0,0,0,211.15,8.10,1
31,2010-09-17,28,2.58,0,0,0,0,0,211.18,8.10,0
31,2010-09-24,27,2.62,0,0,0,0,0,211.26,8.10,0
31,2010-10-01,21,2.60,0,0,0,0,0,211.33,8.16,0
31,2010-10-08,19,2.63,0,0,0,0,0,211.40,8.16,0
31,2010-10-15,20,2.72,0,0,0,0,0,211.47,8.16,0
31,2010-10-22,22,2.73,0,0,0,0,0,211.52,8.16,0
31,2010-10-29,20,2.72,0,0,0,0,0,211.57,8.16,0
31,2010-11-05,15,2.69,0,0,0,0,0,211.61,8.16,0
31,2010-11-12,16,2.73,0,0,0,0,0,211.66,8.16,0
31,2010-11-19,11,2.77,0,0,0,0,0,211.55,8.16,0
31,2010-11-26,17,2.74,0,0,0,0,0,211.41,8.16,1
31,2010-12-03,10,2.71,0,0,0,0,0,211.27,8.16,0
31,2010-12-10,8,2.84,0,0,0,0,0,211.12,8.16,0
31,2010-12-17,9,2.87,0,0,0,0,0,211.06,8.16,0
31,2010-12-24,11,2.89,0,0,0,0,0,211.06,8.16,0
31,2010-12-31,8,2.94,0,0,0,0,0,211.06,8.16,1
31,2011-01-07,7,2.98,0,0,0,0,0,211.06,8.03,0
31,2011-01-14,1,2.98,0,0,0,0,0,211.12,8.03,0
31,2011-01-21,6,3.02,0,0,0,0,0,211.49,8.03,0
31,2011-01-28,7,3.01,0,0,0,0,0,211.86,8.03,0
31,2011-02-04,2,2.99,0,0,0,0,0,212.22,8.03,0
31,2011-02-11,1,3.02,0,0,0,0,0,212.59,8.03,1
31,2011-02-18,15,3.05,0,0,0,0,0,212.90,8.03,0
31,2011-02-25,16,3.07,0,0,0,0,0,213.19,8.03,0
31,2011-03-04,15,3.29,0,0,0,0,0,213.48,8.03,0
31,2011-03-11,13,3.46,0,0,0,0,0,213.76,8.03,0
31,2011-03-18,17,3.49,0,0,0,0,0,214.02,8.03,0
31,2011-03-25,21,3.47,0,0,0,0,0,214.25,8.03,0
31,2011-04-01,14,3.52,0,0,0,0,0,214.49,7.93,0
31,2011-04-08,20,3.62,0,0,0,0,0,214.73,7.93,0
31,2011-04-15,22,3.74,0,0,0,0,0,214.94,7.93,0
31,2011-04-22,22,3.81,0,0,0,0,0,215.11,7.93,0
31,2011-04-29,21,3.81,0,0,0,0,0,215.28,7.93,0
31,2011-05-06,17,3.91,0,0,0,0,0,215.44,7.93,0
31,2011-05-13,24,3.90,0,0,0,0,0,215.61,7.93,0
31,2011-05-20,20,3.91,0,0,0,0,0,215.38,7.93,0
31,2011-05-27,25,3.79,0,0,0,0,0,215.15,7.93,0
31,2011-06-03,29,3.70,0,0,0,0,0,214.93,7.93,0
31,2011-06-10,29,3.65,0,0,0,0,0,214.70,7.93,0
31,2011-06-17,31,3.64,0,0,0,0,0,214.65,7.93,0
31,2011-06-24,30,3.59,0,0,0,0,0,214.74,7.93,0
31,2011-07-01,31,3.52,0,0,0,0,0,214.84,7.85,0
31,2011-07-08,32,3.48,0,0,0,0,0,214.93,7.85,0
31,2011-07-15,33,3.58,0,0,0,0,0,215.01,7.85,0
31,2011-07-22,32,3.65,0,0,0,0,0,215.07,7.85,0
31,2011-07-29,33,3.68,0,0,0,0,0,215.14,7.85,0
31,2011-08-05,35,3.68,0,0,0,0,0,215.20,7.85,0
31,2011-08-12,34,3.64,0,0,0,0,0,215.26,7.85,0
31,2011-08-19,32,3.55,0,0,0,0,0,215.32,7.85,0
31,2011-08-26,33,3.52,0,0,0,0,0,215.39,7.85,0
31,2011-09-02,33,3.53,0,0,0,0,0,215.45,7.85,0
31,2011-09-09,26,3.55,0,0,0,0,0,215.51,7.85,1
31,2011-09-16,27,3.53,0,0,0,0,0,215.69,7.85,0
31,2011-09-23,24,3.47,0,0,0,0,0,216.03,7.85,0
31,2011-09-30,26,3.36,0,0,0,0,0,216.36,7.85,0
31,2011-10-07,22,3.29,0,0,0,0,0,216.70,7.44,0
31,2011-10-14,21,3.27,0,0,0,0,0,217.00,7.44,0
31,2011-10-21,18,3.35,0,0,0,0,0,217.17,7.44,0
31,2011-10-28,19,3.37,0,0,0,0,0,217.33,7.44,0
31,2011-11-04,13,3.33,0,0,0,0,0,217.49,7.44,0
31,2011-11-11,15,3.30,25879.08,8716.86,163.33,3983.24,7898.07,217.65,7.44,0
31,2011-11-18,17,3.31,6756.03,591.76,71.38,462.18,12533.58,217.87,7.44,0
31,2011-11-25,14,3.24,403.7,92.35,40307.29,95.5,492.36,218.11,7.44,1
31,2011-12-02,9,3.17,5425.3,96.94,1100.35,2779.95,24475.38,218.36,7.44,0
31,2011-12-09,5,3.16,2876.83,11.87,471.16,1915.49,11604.37,218.61,7.44,0
31,2011-12-16,10,3.16,1263.97,47,477.99,566.44,5199.2,218.82,7.44,0
31,2011-12-23,8,3.11,2240.27,18.26,974.28,86,6207.39,219.00,7.44,0
31,2011-12-30,7,3.13,6123.19,24716.69,114.74,845.42,3413.9,219.18,7.44,1
31,2012-01-06,9,3.16,6105.78,25953.41,91.69,1254.6,6256.02,219.36,7.06,0
31,2012-01-13,7,3.26,4371.53,14136.14,54.52,719.85,3942.03,219.53,7.06,0
31,2012-01-20,11,3.27,3918.1,2626.22,74.41,167.56,3302.94,219.63,7.06,0
31,2012-01-27,10,3.29,2391.52,1189.61,50.82,313.76,4791.34,219.72,7.06,0
31,2012-02-03,13,3.36,60394.73,2578.65,128.54,33529.14,7737.46,219.81,7.06,0
31,2012-02-10,8,3.41,16946.96,3789.56,83.24,11187.79,8316.25,219.90,7.06,1
31,2012-02-17,7,3.51,13158.2,6689.78,10.34,6529.43,7435.73,220.07,7.06,0
31,2012-02-24,13,3.56,12329.67,4657.57,5.3,1538.63,5781.58,220.28,7.06,0
31,2012-03-02,15,3.63,21236.34,1039.56,26.38,11668.85,7948.31,220.49,7.06,0
31,2012-03-09,14,3.67,6284.13,768.91,2.69,1051.13,8527.38,220.70,7.06,0
31,2012-03-16,17,3.73,6738.65,801.74,8.13,2047.38,7905.67,220.85,7.06,0
31,2012-03-23,17,3.79,4783,70.51,2.38,837.58,6900.79,220.92,7.06,0
31,2012-03-30,20,3.85,9546.49,584.62,-1,1334.23,3691.1,221.00,7.06,0
31,2012-04-06,21,3.89,12625.17,399,21.86,3623.01,16629.1,221.07,6.89,0
31,2012-04-13,21,3.89,6352.11,4720.65,13.89,1482.03,3076.8,221.15,6.89,0
31,2012-04-20,19,3.88,8373.31,645.86,16.05,311.94,7709.86,221.20,6.89,0
31,2012-04-27,21,3.81,2973.44,-0.91,10.16,542.5,9196.82,221.26,6.89,0
31,2012-05-04,25,3.75,13819.53,0,116.3,4932.07,4528.81,221.31,6.89,0
31,2012-05-11,23,3.69,13797.91,0,8.64,2960.85,3794.93,221.36,6.89,0
31,2012-05-18,22,3.63,8569.82,0,47.39,719.88,17903.64,221.38,6.89,0
31,2012-05-25,26,3.56,12146.84,0,488.13,2066.74,5802.72,221.38,6.89,0
31,2012-06-01,26,3.50,10969.38,0,378.31,2706.46,3236.46,221.39,6.89,0
31,2012-06-08,26,3.45,6401.42,0,1.01,744.86,7363.36,221.39,6.89,0
31,2012-06-15,28,3.39,7348.68,0,2.85,2541.21,5428.08,221.40,6.89,0
31,2012-06-22,28,3.35,6139.82,26,4.33,3613.14,8954,221.44,6.89,0
31,2012-06-29,31,3.29,5659.29,7.6,0,408.59,6001.91,221.48,6.89,0
31,2012-07-06,30,3.23,6801.13,1.95,36.15,3120.41,3975.98,221.52,6.57,0
31,2012-07-13,28,3.26,7013.13,2.1,29.35,3542.2,10462.74,221.56,6.57,0
31,2012-07-20,29,3.31,2331.17,10.59,13.74,2475.94,5588.47,221.57,6.57,0
31,2012-07-27,31,3.41,6694.25,35.94,7.2,8201.22,11721.11,221.58,6.57,0
31,2012-08-03,33,3.42,22694.34,15.96,76.19,14090.47,8759.63,221.59,6.57,0
31,2012-08-10,32,3.49,15098.61,18.96,57.04,4709.17,6169.55,221.60,6.57,0
31,2012-08-17,30,3.57,2920.56,40.96,0.01,3529.36,4049.09,221.68,6.57,0
31,2012-08-24,25,3.62,6690.73,25.88,0.01,4768.97,7329.68,221.81,6.57,0
31,2012-08-31,29,3.64,20970.7,27.94,79.4,8977.02,17926.84,221.94,6.57,0
31,2012-09-07,31,3.73,13401.91,61.94,511.63,2215.91,3508.73,222.07,6.57,1
31,2012-09-14,25,3.72,11871.81,11.76,112.13,1166.35,6254.74,222.22,6.57,0
31,2012-09-21,22,3.72,9618.53,65.82,21.48,1203.78,13987.79,222.42,6.57,0
31,2012-09-28,27,3.67,6570.37,16.73,0.15,354.35,7577.57,222.62,6.57,0
31,2012-10-05,21,3.62,3155.26,0,25.01,4822.44,7109.64,222.82,6.17,0
31,2012-10-12,16,3.60,7504.95,0,9.89,273.21,9095.96,223.02,6.17,0
31,2012-10-19,20,3.59,2432.45,0,14.89,1202.44,9394.54,223.06,6.17,0
31,2012-10-26,21,3.51,10768.84,50.54,104.5,345.37,6629.51,223.08,6.17,0
31,2012-11-02,14,3.39,15868.72,5131.81,35.36,10973.65,10430.56,223.10,6.17,0
31,2012-11-09,18,3.31,6512.13,4691.45,27.06,605.63,4158.58,223.12,6.17,0
31,2012-11-16,12,3.25,22494.62,2669.55,50.17,1305.41,12568.29,223.15,6.17,0
31,2012-11-23,15,3.21,1958.14,25.68,48781.17,806.49,2839.02,223.20,6.17,1
31,2012-11-30,12,3.21,2131.77,0,6362.05,200.23,8078.24,223.24,6.17,0
31,2012-12-07,18,3.20,8019.86,0,184.99,1551.1,11109.01,223.29,6.17,0
31,2012-12-14,9,3.17,2340.42,0,49,664.72,17913.43,223.35,6.17,0
31,2012-12-21,13,3.10,6775.94,82.92,327,29.22,2587,223.47,6.17,0
31,2012-12-28,5,3.11,10796.47,20982.96,277.8,345.16,6682.35,223.59,6.17,1
31,2013-01-04,4,3.16,5388.03,36215.68,16.55,46.84,4363.17,223.71,6.24,0
31,2013-01-11,9,3.24,4170.11,23890.49,1.43,593.56,7625.62,223.83,6.24,0
31,2013-01-18,5,3.24,12178.73,3957.08,4.83,1874.02,4166.06,223.87,6.24,0
31,2013-01-25,11,3.23,7519.3,1590.48,0,833.44,14492.62,223.87,6.24,0
31,2013-02-01,13,3.24,7274.06,1251.26,241.2,17456.21,6309.5,223.87,6.24,0
31,2013-02-08,14,3.42,65757.57,952.29,188.33,37419.47,6328.43,223.87,6.24,1
31,2013-02-15,10,3.48,19129.05,2539.21,153.56,3163.22,6374.79,223.91,6.24,0
31,2013-02-22,9,3.60,9730.09,3698.37,19.16,3498.32,10601.64,224.05,6.24,0
31,2013-03-01,8,3.71,9223.83,276.82,10.8,155.46,6554.7,224.20,6.24,0
31,2013-03-08,12,3.66,20026.11,158.49,94.54,4008.08,6719.43,224.34,6.24,0
31,2013-03-15,13,3.62,7996.23,0,20.84,2558.4,3142.83,224.47,6.24,0
31,2013-03-22,16,3.61,14506.57,0,446,1823.97,3889.96,224.55,6.24,0
31,2013-03-29,11,3.61,15325.04,0,479.81,51.87,1950.88,224.64,6.24,0
31,2013-04-05,15,3.58,18894.06,3226.56,351.03,405.82,6611.59,224.72,6.11,0
31,2013-04-12,16,3.53,4766.17,3167.97,81.5,196.65,2507.11,224.80,6.11,0
31,2013-04-19,20,3.45,8848.14,792.6,84.09,937.55,3468.14,224.80,6.11,0
31,2013-04-26,15,3.42,2549.01,0,132.1,295.71,15316.24,224.80,6.11,0
31,2013-05-03,19,3.39,4148.59,12,91.61,3630.99,7210.37,NULL,NULL,0
31,2013-05-10,19,3.39,8070.41,115,35.35,2238.23,8929.49,NULL,NULL,0
31,2013-05-17,22,3.45,10333.55,254,18.4,1140.03,18878.54,NULL,NULL,0
31,2013-05-24,25,3.49,14865.93,128.06,532.69,1939.08,6779.21,NULL,NULL,0
31,2013-05-31,25,3.47,25080.22,109.36,525.14,24.45,8455.15,NULL,NULL,0
31,2013-06-07,25,3.44,16744.76,95.08,320.98,6625.01,6314.88,NULL,NULL,0
31,2013-06-14,28,3.43,9403.81,114.8,209.43,1674.31,6337.12,NULL,NULL,0
31,2013-06-21,28,3.48,9405.43,107.42,95.7,4309.43,2897.47,NULL,NULL,0
31,2013-06-28,30,3.50,6352.6,115.62,5,641.92,13981.67,NULL,NULL,0
31,2013-07-05,27,3.42,13839.91,209.78,603.52,10909.95,4504.33,NULL,NULL,0
31,2013-07-12,31,3.40,5835.28,349.75,99.18,2049.02,5626.39,NULL,NULL,0
31,2013-07-19,26,3.56,12412.55,208.2,58.7,3486.45,2069.24,NULL,NULL,0
31,2013-07-26,29,3.62,1394.82,138.71,12,970.77,6859.07,NULL,NULL,0
32,2010-02-05,1,2.58,0,0,0,0,0,189.38,9.01,0
32,2010-02-12,-2,2.57,0,0,0,0,0,189.46,9.01,1
32,2010-02-19,-2,2.55,0,0,0,0,0,189.53,9.01,0
32,2010-02-26,-3,2.59,0,0,0,0,0,189.60,9.01,0
32,2010-03-05,3,2.62,0,0,0,0,0,189.67,9.01,0
32,2010-03-12,4,2.68,0,0,0,0,0,189.74,9.01,0
32,2010-03-19,6,2.69,0,0,0,0,0,189.73,9.01,0
32,2010-03-26,3,2.72,0,0,0,0,0,189.72,9.01,0
32,2010-04-02,9,2.73,0,0,0,0,0,189.70,8.96,0
32,2010-04-09,7,2.75,0,0,0,0,0,189.69,8.96,0
32,2010-04-16,12,2.77,0,0,0,0,0,189.66,8.96,0
32,2010-04-23,10,2.78,0,0,0,0,0,189.62,8.96,0
32,2010-04-30,9,2.77,0,0,0,0,0,189.58,8.96,0
32,2010-05-07,9,2.77,0,0,0,0,0,189.53,8.96,0
32,2010-05-14,8,2.79,0,0,0,0,0,189.49,8.96,0
32,2010-05-21,13,2.78,0,0,0,0,0,189.47,8.96,0
32,2010-05-28,18,2.74,0,0,0,0,0,189.45,8.96,0
32,2010-06-04,19,2.70,0,0,0,0,0,189.42,8.96,0
32,2010-06-11,22,2.68,0,0,0,0,0,189.40,8.96,0
32,2010-06-18,16,2.67,0,0,0,0,0,189.42,8.96,0
32,2010-06-25,22,2.72,0,0,0,0,0,189.45,8.96,0
32,2010-07-02,24,2.73,0,0,0,0,0,189.49,9.02,0
32,2010-07-09,20,2.71,0,0,0,0,0,189.52,9.02,0
32,2010-07-16,25,2.70,0,0,0,0,0,189.61,9.02,0
32,2010-07-23,24,2.69,0,0,0,0,0,189.77,9.02,0
32,2010-07-30,24,2.69,0,0,0,0,0,189.94,9.02,0
32,2010-08-06,23,2.69,0,0,0,0,0,190.10,9.02,0
32,2010-08-13,24,2.72,0,0,0,0,0,190.26,9.02,0
32,2010-08-20,22,2.73,0,0,0,0,0,190.29,9.02,0
32,2010-08-27,24,2.73,0,0,0,0,0,190.33,9.02,0
32,2010-09-03,21,2.77,0,0,0,0,0,190.36,9.02,0
32,2010-09-10,20,2.78,0,0,0,0,0,190.40,9.02,1
32,2010-09-17,20,2.80,0,0,0,0,0,190.47,9.02,0
32,2010-09-24,18,2.79,0,0,0,0,0,190.57,9.02,0
32,2010-10-01,19,2.76,0,0,0,0,0,190.67,9.14,0
32,2010-10-08,17,2.75,0,0,0,0,0,190.78,9.14,0
32,2010-10-15,12,2.76,0,0,0,0,0,190.86,9.14,0
32,2010-10-22,11,2.76,0,0,0,0,0,190.91,9.14,0
32,2010-10-29,7,2.75,0,0,0,0,0,190.95,9.14,0
32,2010-11-05,10,2.73,0,0,0,0,0,191.00,9.14,0
32,2010-11-12,6,2.74,0,0,0,0,0,191.04,9.14,0
32,2010-11-19,2,2.76,0,0,0,0,0,191.03,9.14,0
32,2010-11-26,-1,2.74,0,0,0,0,0,191.01,9.14,1
32,2010-12-03,2,2.71,0,0,0,0,0,190.99,9.14,0
32,2010-12-10,3,2.73,0,0,0,0,0,190.97,9.14,0
32,2010-12-17,2,2.78,0,0,0,0,0,191.03,9.14,0
32,2010-12-24,-1,2.78,0,0,0,0,0,191.14,9.14,0
32,2010-12-31,-2,2.83,0,0,0,0,0,191.26,9.14,1
32,2011-01-07,-5,2.88,0,0,0,0,0,191.37,8.82,0
32,2011-01-14,-6,2.91,0,0,0,0,0,191.48,8.82,0
32,2011-01-21,1,2.97,0,0,0,0,0,191.57,8.82,0
32,2011-01-28,2,3.01,0,0,0,0,0,191.67,8.82,0
32,2011-02-04,-9,3.01,0,0,0,0,0,191.76,8.82,0
32,2011-02-11,-7,3.04,0,0,0,0,0,191.86,8.82,1
32,2011-02-18,6,3.05,0,0,0,0,0,191.92,8.82,0
32,2011-02-25,1,3.10,0,0,0,0,0,191.96,8.82,0
32,2011-03-04,4,3.23,0,0,0,0,0,192.01,8.82,0
32,2011-03-11,3,3.37,0,0,0,0,0,192.06,8.82,0
32,2011-03-18,7,3.41,0,0,0,0,0,192.12,8.82,0
32,2011-03-25,8,3.41,0,0,0,0,0,192.20,8.82,0
32,2011-04-01,7,3.46,0,0,0,0,0,192.27,8.60,0
32,2011-04-08,9,3.53,0,0,0,0,0,192.34,8.60,0
32,2011-04-15,8,3.61,0,0,0,0,0,192.42,8.60,0
32,2011-04-22,9,3.64,0,0,0,0,0,192.52,8.60,0
32,2011-04-29,7,3.66,0,0,0,0,0,192.62,8.60,0
32,2011-05-06,8,3.74,0,0,0,0,0,192.73,8.60,0
32,2011-05-13,13,3.77,0,0,0,0,0,192.83,8.60,0
32,2011-05-20,8,3.83,0,0,0,0,0,192.83,8.60,0
32,2011-05-27,13,3.80,0,0,0,0,0,192.84,8.60,0
32,2011-06-03,16,3.76,0,0,0,0,0,192.84,8.60,0
32,2011-06-10,19,3.74,0,0,0,0,0,192.85,8.60,0
32,2011-06-17,20,3.70,0,0,0,0,0,192.90,8.60,0
32,2011-06-24,18,3.66,0,0,0,0,0,193.00,8.60,0
32,2011-07-01,23,3.60,0,0,0,0,0,193.09,8.62,0
32,2011-07-08,23,3.54,0,0,0,0,0,193.19,8.62,0
32,2011-07-15,21,3.53,0,0,0,0,0,193.31,8.62,0
32,2011-07-22,24,3.55,0,0,0,0,0,193.51,8.62,0
32,2011-07-29,24,3.55,0,0,0,0,0,193.71,8.62,0
32,2011-08-05,24,3.55,0,0,0,0,0,193.91,8.62,0
32,2011-08-12,23,3.54,0,0,0,0,0,194.11,8.62,0
32,2011-08-19,23,3.50,0,0,0,0,0,194.25,8.62,0
32,2011-08-26,24,3.49,0,0,0,0,0,194.38,8.62,0
32,2011-09-02,24,3.51,0,0,0,0,0,194.51,8.62,0
32,2011-09-09,16,3.57,0,0,0,0,0,194.64,8.62,1
32,2011-09-16,16,3.60,0,0,0,0,0,194.74,8.62,0
32,2011-09-23,15,3.58,0,0,0,0,0,194.81,8.62,0
32,2011-09-30,18,3.54,0,0,0,0,0,194.88,8.62,0
32,2011-10-07,17,3.50,0,0,0,0,0,194.95,8.51,0
32,2011-10-14,10,3.49,0,0,0,0,0,195.03,8.51,0
32,2011-10-21,9,3.55,0,0,0,0,0,195.18,8.51,0
32,2011-10-28,6,3.55,0,0,0,0,0,195.33,8.51,0
32,2011-11-04,3,3.53,0,0,0,0,0,195.48,8.51,0
32,2011-11-11,3,3.51,21104.84,7842.47,47.56,3908.03,4246.86,195.64,8.51,0
32,2011-11-18,6,3.48,4971.23,662.96,48.08,556.43,6452.61,195.72,8.51,0
32,2011-11-25,5,3.42,292.46,443.76,71845.76,9,1787.07,195.77,8.51,1
32,2011-12-02,1,3.38,5261.51,65,1075.86,4742.55,25961.21,195.82,8.51,0
32,2011-12-09,-8,3.33,6397.72,63,303.02,2813.68,9856.66,195.87,8.51,0
32,2011-12-16,-3,3.27,5519.01,79,572.44,493.58,4074.52,195.98,8.51,0
32,2011-12-23,-3,3.17,1211.62,10.3,1255.26,33,4932.34,196.17,8.51,0
32,2011-12-30,1,3.12,5886.08,51732.49,211.5,1183.24,3017.63,196.36,8.51,1
32,2012-01-06,3,3.10,4323.27,33209.84,208.29,1848.9,6197.53,196.55,8.26,0
32,2012-01-13,-2,3.08,2682.32,14928.54,211.06,1049.44,3137.59,196.73,8.26,0
32,2012-01-20,3,3.06,1856.91,6229.68,214.77,887.78,5684.68,196.78,8.26,0
32,2012-01-27,3,3.04,1212.68,2986.04,177.27,69.87,2324.48,196.83,8.26,0
32,2012-02-03,2,3.03,31506.24,4740.74,306.03,42702.46,7920.93,196.87,8.26,0
32,2012-02-10,-5,3.10,19784.57,9309.88,225.85,29483.81,5473.82,196.92,8.26,1
32,2012-02-17,-4,3.11,9434.94,12371.88,39.2,5880.54,7373.13,196.94,8.26,0
32,2012-02-24,1,3.13,18765.64,7738.97,7.6,8914.56,6028.36,196.95,8.26,0
32,2012-03-02,1,3.19,11929.81,4330.7,10.1,14296.7,2785.63,196.96,8.26,0
32,2012-03-09,4,3.29,16322.3,1206.5,4.97,17697.9,4305.36,196.96,8.26,0
32,2012-03-16,11,3.49,4050.92,207.8,1.19,72.65,1741.07,197.05,8.26,0
32,2012-03-23,9,3.66,6403.49,147.83,4.54,3324.67,3312.99,197.23,8.26,0
32,2012-03-30,13,3.75,10428.62,144.83,7.84,1505.63,3306.98,197.41,8.26,0
32,2012-04-06,11,3.85,9335.48,0,33.85,2211.09,4133.57,197.60,8.09,0
32,2012-04-13,11,3.90,5599.64,5969.12,25.75,1440.58,4523.31,197.78,8.09,0
32,2012-04-20,10,3.94,7666.76,2726.52,30.46,1330.36,2578.3,197.72,8.09,0
32,2012-04-27,17,3.93,4162.67,126.71,45.62,382.41,2146.94,197.66,8.09,0
32,2012-05-04,15,3.90,11832.54,0,117.43,1881.84,4729.13,197.61,8.09,0
32,2012-05-11,13,3.87,17977.87,0,26.79,4338.3,3488.39,197.55,8.09,0
32,2012-05-18,14,3.84,8887.75,0,226.17,1135.59,2831.5,197.56,8.09,0
32,2012-05-25,15,3.80,7581.03,0,216.17,748.97,3014.25,197.59,8.09,0
32,2012-06-01,17,3.76,8570.33,55,181.13,669.55,2634.77,197.62,8.09,0
32,2012-06-08,22,3.74,8483.84,361.8,77.99,1640,6841.59,197.66,8.09,0
32,2012-06-15,22,3.72,4642.56,414.3,0.01,989.08,4381.8,197.69,8.09,0
32,2012-06-22,24,3.74,7803.3,609.25,3.05,4800.5,15323.92,197.74,8.09,0
32,2012-06-29,28,3.69,3333.19,599.5,0,798.18,2945.01,197.79,8.09,0
32,2012-07-06,26,3.65,6157.85,472.3,28.64,3908.86,6007.28,197.83,7.87,0
32,2012-07-13,22,3.61,7111.33,508.95,1.05,1494.84,8154.1,197.88,7.87,0
32,2012-07-20,25,3.59,3551.31,567.16,18.05,2117.84,9786.36,197.93,7.87,0
32,2012-07-27,25,3.57,6076.83,298.78,2.16,1981.66,3861.65,197.98,7.87,0
32,2012-08-03,24,3.53,35187.83,150.85,13.81,7768.33,4009.95,198.03,7.87,0
32,2012-08-10,24,3.51,9862.83,573.37,61.32,7871.42,4298.69,198.08,7.87,0
32,2012-08-17,22,3.55,7157.73,186.89,3.84,6006.91,1590.2,198.10,7.87,0
32,2012-08-24,21,3.56,5446.99,147.41,127.58,3394.31,5920.55,198.10,7.87,0
32,2012-08-31,25,3.56,26651.19,227.72,31.33,6843.52,2907.74,198.10,7.87,0
32,2012-09-07,23,3.60,7271.43,172.04,233.55,916.85,3089.99,198.10,7.87,1
32,2012-09-14,18,3.66,6238.21,77.77,23.41,1404.74,8346.74,198.13,7.87,0
32,2012-09-21,17,3.77,7161.18,88.82,3,1011.45,5347.22,198.36,7.87,0
32,2012-09-28,16,3.79,5399.48,16.73,0.22,1432.28,5673.51,198.59,7.87,0
32,2012-10-05,13,3.78,4879.58,0,27.93,2641.24,5393.9,198.82,7.56,0
32,2012-10-12,6,3.76,2776.24,0,17.72,456.08,5687.22,199.05,7.56,0
32,2012-10-19,12,3.75,3331.15,0,3.96,120.51,3218.33,199.15,7.56,0
32,2012-10-26,8,3.69,8968.72,104.91,200,534.86,1821.85,199.22,7.56,0
32,2012-11-02,8,3.60,11156.55,5943.82,24.22,441.71,-37.02,199.29,7.56,0
32,2012-11-09,8,3.55,8377.17,9725,0.15,3508.39,4421.85,199.36,7.56,0
32,2012-11-16,1,3.48,19012.07,468.6,82.64,1992.36,5059.08,199.43,7.56,0
32,2012-11-23,7,3.45,1414.31,4.54,82544.96,632.34,1071.73,199.50,7.56,1
32,2012-11-30,4,3.44,2930.43,7.21,14398.11,137.84,6715.35,199.56,7.56,0
32,2012-12-07,7,3.37,6124.34,0,354,1804.17,11365.78,199.63,7.56,0
32,2012-12-14,-1,3.30,5448.65,0,82,535.44,5081.04,199.72,7.56,0
32,2012-12-21,0,3.22,5189.43,0,167.7,624.22,3084.56,199.94,7.56,0
32,2012-12-28,-6,3.11,13049.09,29650.41,274.6,28.11,1735.37,200.17,7.56,1
32,2013-01-04,-6,3.03,1947.76,27957.18,23.69,73.14,4182.06,200.39,7.11,0
32,2013-01-11,0,2.96,3554.32,14035.48,8.77,226.05,2442.72,200.62,7.11,0
32,2013-01-18,-7,2.89,5408.32,5040.16,4.88,323.16,2761.39,200.74,7.11,0
32,2013-01-25,5,2.87,4609.18,1969.26,1.2,29.07,1937.03,200.82,7.11,0
32,2013-02-01,1,3.00,3988.51,1629.18,162.66,3208.28,2010.95,200.89,7.11,0
32,2013-02-08,3,3.21,56454.69,1169.35,878.08,44739.28,4350.8,200.97,7.11,1
32,2013-02-15,-2,3.39,63140.73,2409.14,202.48,63130.81,10397.55,201.04,7.11,0
32,2013-02-22,-1,3.56,12685.16,3576.92,11.06,3432.19,1982.84,201.10,7.11,0
32,2013-03-01,-3,3.64,6491.48,509.13,5.04,498.37,2620.48,201.15,7.11,0
32,2013-03-08,3,3.62,13334.38,151.64,99.18,8057.88,2985.64,201.21,7.11,0
32,2013-03-15,5,3.61,22840.49,6.72,17.07,6295.75,2248.82,201.24,7.11,0
32,2013-03-22,5,3.61,9325.47,0,1393.3,2311.08,1617.25,201.20,7.11,0
32,2013-03-29,0,3.61,13483.54,0,869.22,392.58,3008.48,201.16,7.11,0
32,2013-04-05,9,3.63,22162.59,6248.49,314.14,2506.81,3833.35,201.11,6.95,0
32,2013-04-12,4,3.64,5953.33,2070.79,73.56,2813.35,1504.57,201.07,6.95,0
32,2013-04-19,1,3.60,8977.99,115.78,137.12,699.14,3141.25,201.07,6.95,0
32,2013-04-26,5,3.57,3638.25,1,173.94,30.04,1539.39,201.07,6.95,0
32,2013-05-03,9,3.57,5113.22,34,88.66,331.69,2257.07,NULL,NULL,0
32,2013-05-10,10,3.61,12570.37,707.84,73.31,7506.43,5822.73,NULL,NULL,0
32,2013-05-17,18,3.70,9609.93,986.64,21.02,1621.37,5258.19,NULL,NULL,0
32,2013-05-24,15,3.88,3719.98,765.02,183.1,1874.55,5715.16,NULL,NULL,0
32,2013-05-31,18,3.87,2011.28,489,185.87,65.14,1402.78,NULL,NULL,0
32,2013-06-07,17,3.83,11243.14,1386.11,208.44,5519.85,4143.59,NULL,NULL,0
32,2013-06-14,23,3.80,10100.5,1575.85,385.32,7170.57,7078.01,NULL,NULL,0
32,2013-06-21,21,3.74,6276.34,630.6,205.12,5344.52,6421.4,NULL,NULL,0
32,2013-06-28,24,3.69,5235.17,1221.96,36.7,3524.09,2824.23,NULL,NULL,0
32,2013-07-05,22,3.64,10421.2,2153.35,262.66,13506.87,1802.79,NULL,NULL,0
32,2013-07-12,25,3.58,5182.94,1171.84,23.13,3182.51,4887.43,NULL,NULL,0
32,2013-07-19,22,3.59,3839.61,1235.36,110.06,742.88,1040.07,NULL,NULL,0
32,2013-07-26,23,3.58,549.89,940.93,86,106.47,1530.56,NULL,NULL,0
33,2010-02-05,15,2.96,0,0,0,0,0,126.44,10.12,0
33,2010-02-12,13,2.83,0,0,0,0,0,126.50,10.12,1
33,2010-02-19,17,2.92,0,0,0,0,0,126.53,10.12,0
33,2010-02-26,14,2.83,0,0,0,0,0,126.55,10.12,0
33,2010-03-05,15,2.88,0,0,0,0,0,126.58,10.12,0
33,2010-03-12,13,3.03,0,0,0,0,0,126.60,10.12,0
33,2010-03-19,18,3.05,0,0,0,0,0,126.61,10.12,0
33,2010-03-26,18,2.98,0,0,0,0,0,126.61,10.12,0
33,2010-04-02,19,3.09,0,0,0,0,0,126.60,9.85,0
33,2010-04-09,20,3.00,0,0,0,0,0,126.60,9.85,0
33,2010-04-16,22,3.11,0,0,0,0,0,126.56,9.85,0
33,2010-04-23,22,3.05,0,0,0,0,0,126.47,9.85,0
33,2010-04-30,23,3.11,0,0,0,0,0,126.38,9.85,0
33,2010-05-07,24,3.13,0,0,0,0,0,126.29,9.85,0
33,2010-05-14,25,3.15,0,0,0,0,0,126.21,9.85,0
33,2010-05-21,28,3.12,0,0,0,0,0,126.18,9.85,0
33,2010-05-28,26,3.06,0,0,0,0,0,126.16,9.85,0
33,2010-06-04,30,2.94,0,0,0,0,0,126.14,9.85,0
33,2010-06-11,34,3.06,0,0,0,0,0,126.11,9.85,0
33,2010-06-18,31,2.94,0,0,0,0,0,126.11,9.85,0
33,2010-06-25,34,3.08,0,0,0,0,0,126.13,9.85,0
33,2010-07-02,36,2.98,0,0,0,0,0,126.14,9.50,0
33,2010-07-09,35,3.10,0,0,0,0,0,126.15,9.50,0
33,2010-07-16,38,2.97,0,0,0,0,0,126.15,9.50,0
33,2010-07-23,36,3.11,0,0,0,0,0,126.13,9.50,0
33,2010-07-30,34,3.02,0,0,0,0,0,126.11,9.50,0
33,2010-08-06,34,3.12,0,0,0,0,0,126.09,9.50,0
33,2010-08-13,35,3.05,0,0,0,0,0,126.06,9.50,0
33,2010-08-20,36,3.04,0,0,0,0,0,126.08,9.50,0
33,2010-08-27,34,3.02,0,0,0,0,0,126.09,9.50,0
33,2010-09-03,33,3.09,0,0,0,0,0,126.10,9.50,0
33,2010-09-10,33,2.96,0,0,0,0,0,126.11,9.50,1
33,2010-09-17,32,3.03,0,0,0,0,0,126.15,9.50,0
33,2010-09-24,33,2.94,0,0,0,0,0,126.19,9.50,0
33,2010-10-01,33,3.00,0,0,0,0,0,126.23,9.27,0
33,2010-10-08,26,2.92,0,0,0,0,0,126.28,9.27,0
33,2010-10-15,27,3.08,0,0,0,0,0,126.33,9.27,0
33,2010-10-22,23,3.01,0,0,0,0,0,126.38,9.27,0
33,2010-10-29,22,3.13,0,0,0,0,0,126.44,9.27,0
33,2010-11-05,23,3.01,0,0,0,0,0,126.49,9.27,0
33,2010-11-12,18,3.13,0,0,0,0,0,126.55,9.27,0
33,2010-11-19,17,3.05,0,0,0,0,0,126.61,9.27,0
33,2010-11-26,14,3.16,0,0,0,0,0,126.67,9.27,1
33,2010-12-03,12,3.04,0,0,0,0,0,126.73,9.27,0
33,2010-12-10,16,3.09,0,0,0,0,0,126.79,9.27,0
33,2010-12-17,16,3.13,0,0,0,0,0,126.88,9.27,0
33,2010-12-24,16,3.24,0,0,0,0,0,126.98,9.27,0
33,2010-12-31,12,3.15,0,0,0,0,0,127.09,9.27,1
33,2011-01-07,8,3.29,0,0,0,0,0,127.19,8.95,0
33,2011-01-14,12,3.31,0,0,0,0,0,127.30,8.95,0
33,2011-01-21,15,3.34,0,0,0,0,0,127.44,8.95,0
33,2011-01-28,14,3.23,0,0,0,0,0,127.58,8.95,0
33,2011-02-04,10,3.35,0,0,0,0,0,127.72,8.95,0
33,2011-02-11,12,3.38,0,0,0,0,0,127.86,8.95,1
33,2011-02-18,17,3.43,0,0,0,0,0,128.00,8.95,0
33,2011-02-25,13,3.40,0,0,0,0,0,128.13,8.95,0
33,2011-03-04,15,3.67,0,0,0,0,0,128.26,8.95,0
33,2011-03-11,19,3.63,0,0,0,0,0,128.40,8.95,0
33,2011-03-18,23,3.89,0,0,0,0,0,128.51,8.95,0
33,2011-03-25,17,3.72,0,0,0,0,0,128.62,8.95,0
33,2011-04-01,22,3.77,0,0,0,0,0,128.72,8.69,0
33,2011-04-08,24,3.82,0,0,0,0,0,128.82,8.69,0
33,2011-04-15,18,4.09,0,0,0,0,0,128.91,8.69,0
33,2011-04-22,26,3.92,0,0,0,0,0,128.96,8.69,0
33,2011-04-29,25,4.15,0,0,0,0,0,129.00,8.69,0
33,2011-05-06,26,4.19,0,0,0,0,0,129.04,8.69,0
33,2011-05-13,26,4.20,0,0,0,0,0,129.09,8.69,0
33,2011-05-20,24,3.99,0,0,0,0,0,129.08,8.69,0
33,2011-05-27,28,3.93,0,0,0,0,0,129.06,8.69,0
33,2011-06-03,28,3.89,0,0,0,0,0,129.05,8.69,0
33,2011-06-10,31,3.98,0,0,0,0,0,129.04,8.69,0
33,2011-06-17,33,3.94,0,0,0,0,0,129.04,8.69,0
33,2011-06-24,35,3.81,0,0,0,0,0,129.07,8.69,0
33,2011-07-01,37,3.84,0,0,0,0,0,129.09,8.44,0
33,2011-07-08,36,3.79,0,0,0,0,0,129.11,8.44,0
33,2011-07-15,34,3.78,0,0,0,0,0,129.13,8.44,0
33,2011-07-22,36,3.70,0,0,0,0,0,129.15,8.44,0
33,2011-07-29,35,3.69,0,0,0,0,0,129.17,8.44,0
33,2011-08-05,36,3.80,0,0,0,0,0,129.18,8.44,0
33,2011-08-12,36,3.79,0,0,0,0,0,129.20,8.44,0
33,2011-08-19,35,3.74,0,0,0,0,0,129.24,8.44,0
33,2011-08-26,38,3.66,0,0,0,0,0,129.28,8.44,0
33,2011-09-02,37,3.80,0,0,0,0,0,129.33,8.44,0
33,2011-09-09,36,3.77,0,0,0,0,0,129.37,8.44,1
33,2011-09-16,30,3.78,0,0,0,0,0,129.43,8.44,0
33,2011-09-23,32,3.79,0,0,0,0,0,129.52,8.44,0
33,2011-09-30,32,3.88,0,0,0,0,0,129.61,8.44,0
33,2011-10-07,27,3.83,0,0,0,0,0,129.69,8.01,0
33,2011-10-14,25,3.70,0,0,0,0,0,129.77,8.01,0
33,2011-10-21,28,3.84,0,0,0,0,0,129.78,8.01,0
33,2011-10-28,25,3.84,0,0,0,0,0,129.79,8.01,0
33,2011-11-04,22,3.83,0,0,0,0,0,129.81,8.01,0
33,2011-11-11,15,3.68,105.63,126.28,5.06,0,27754.23,129.82,8.01,0
33,2011-11-18,17,3.67,86.59,6,0,0,3220.86,129.83,8.01,0
33,2011-11-25,17,3.76,11.94,6,0,0,1641.91,129.84,8.01,1
33,2011-12-02,15,3.70,0.5,0,4,0,1280.77,129.85,8.01,0
33,2011-12-09,9,3.64,9.88,0,6.93,0,1580.88,129.86,8.01,0
33,2011-12-16,12,3.49,258.31,0,3.67,0,1065.06,129.90,8.01,0
33,2011-12-23,12,3.54,123.82,0,2.78,0,950.77,129.98,8.01,0
33,2011-12-30,11,3.43,384.37,1919.79,4.95,25.2,556.38,130.07,8.01,1
33,2012-01-06,16,3.44,42.92,1279.42,2.55,0,246.46,130.16,7.60,0
33,2012-01-13,13,3.48,370.06,70.73,7.02,0,671.89,130.24,7.60,0
33,2012-01-20,13,3.66,234.48,61.51,3.64,0,317.59,130.28,7.60,0
33,2012-01-27,14,3.68,12.6,12.47,3.38,0,375.54,130.31,7.60,0
33,2012-02-03,15,3.54,653.33,7.4,3.38,0,773.27,130.35,7.60,0
33,2012-02-10,16,3.72,1437.28,1.5,4.94,0,1244.96,130.38,7.60,1
33,2012-02-17,14,3.78,99.4,262.95,3.9,0.46,1005.65,130.45,7.60,0
33,2012-02-24,15,3.95,577.17,268.61,0,2.61,1653.57,130.55,7.60,0
33,2012-03-02,16,3.88,460.73,24.96,0,0,2045.14,130.65,7.60,0
33,2012-03-09,17,3.96,128.45,3.68,0.99,0,1640.64,130.74,7.60,0
33,2012-03-16,19,4.27,128.46,3,0,0,538.44,130.83,7.60,0
33,2012-03-23,16,4.29,0,3.68,0.34,0,227.12,130.90,7.60,0
33,2012-03-30,22,4.29,215.97,0,0,0,923.99,130.97,7.60,0
33,2012-04-06,22,4.28,228.1,0,0,0,321.7,131.04,7.40,0
33,2012-04-13,23,4.25,492.15,335.84,0,0,1369.05,131.11,7.40,0
33,2012-04-20,23,4.11,470.51,119.92,0,128.87,284.28,131.12,7.40,0
33,2012-04-27,28,4.09,476.96,8.97,0,0.87,537.58,131.13,7.40,0
33,2012-05-04,28,4.06,69.59,0,0,0,709.35,131.14,7.40,0
33,2012-05-11,27,4.19,758.77,0,0,0,2001.77,131.15,7.40,0
33,2012-05-18,32,4.31,103.81,0,0,0,2161.91,131.10,7.40,0
33,2012-05-25,32,4.13,320.93,0,0,0,4038.58,131.03,7.40,0
33,2012-06-01,29,4.28,1603.57,0,0,0,867.15,130.96,7.40,0
33,2012-06-08,33,4.10,499.25,0,0,0,959.13,130.89,7.40,0
33,2012-06-15,34,4.14,1655.11,0,0,0,1079.36,130.83,7.40,0
33,2012-06-22,35,4.01,213.64,0,0,0,2346.53,130.79,7.40,0
33,2012-06-29,37,3.88,0,0,0,0,807.21,130.76,7.40,0
33,2012-07-06,34,3.67,297.52,0,3.44,0,1107.31,130.72,7.15,0
33,2012-07-13,36,3.72,221.83,0,0.6,0,2405.4,130.68,7.15,0
33,2012-07-20,33,3.59,648.02,0,0,0,959.57,130.70,7.15,0
33,2012-07-27,34,3.77,24.71,0,0,0,1205.27,130.72,7.15,0
33,2012-08-03,33,3.60,238.26,0,2.88,44.29,767.86,130.74,7.15,0
33,2012-08-10,38,3.81,90.89,0,0,0,278.04,130.76,7.15,0
33,2012-08-17,36,4.00,382.03,0,0.96,0,1698.55,130.79,7.15,0
33,2012-08-24,32,4.06,35.76,0,1.44,0,1381.43,130.84,7.15,0
33,2012-08-31,35,3.89,119.39,0,0,9.7,1547.92,130.89,7.15,0
33,2012-09-07,33,4.12,175.64,0,0,0,841.9,130.93,7.15,1
33,2012-09-14,29,3.97,1105.36,0,0,0,495.17,130.98,7.15,0
33,2012-09-21,30,4.13,427.64,0,0,0,392.74,131.01,7.15,0
33,2012-09-28,30,3.97,167.65,0,0,0,1569.73,131.04,7.15,0
33,2012-10-05,30,4.13,433.79,0,0,0,1160.27,131.08,6.90,0
33,2012-10-12,26,4.47,33.23,0,0,0,590.43,131.11,6.90,0
33,2012-10-19,24,4.45,18,0,0,0,649.05,131.15,6.90,0
33,2012-10-26,23,4.30,122.41,13.71,0,0,965.49,131.19,6.90,0
33,2012-11-02,22,4.10,43.69,294.09,0,0,561.2,131.24,6.90,0
33,2012-11-09,22,3.78,225.61,1194.6,0,0,1046.14,131.28,6.90,0
33,2012-11-16,15,3.70,840.06,235.17,0,0,2810.05,131.33,6.90,0
33,2012-11-23,18,3.76,140.81,0,0,2.5,1149.55,131.38,6.90,1
33,2012-11-30,18,3.72,440.82,0,0,6.93,1024.72,131.43,6.90,0
33,2012-12-07,17,3.67,159.58,0,0,0,728.01,131.48,6.90,0
33,2012-12-14,13,3.60,138.27,0,0,0,684.98,131.54,6.90,0
33,2012-12-21,11,3.39,417.12,0,1.71,0,425.12,131.64,6.90,0
33,2012-12-28,10,3.48,1474.07,893.94,0,42.12,348.6,131.75,6.90,1
33,2013-01-04,9,3.34,2.82,988.09,0,0,40.98,131.85,6.81,0
33,2013-01-11,10,3.54,742.57,519.94,0,0,1294.86,131.96,6.81,0
33,2013-01-18,6,3.55,352.03,72.16,0,49.58,921.43,132.03,6.81,0
33,2013-01-25,16,3.56,924.86,12.19,0,0,493.48,132.09,6.81,0
33,2013-02-01,12,3.60,7.82,5.48,0,8.25,540.71,132.15,6.81,0
33,2013-02-08,15,3.80,2467.89,8.48,0,9.02,925.43,132.22,6.81,1
33,2013-02-15,10,3.61,1163.58,230.07,0,0.66,681.57,132.27,6.81,0
33,2013-02-22,13,4.03,311.78,474.55,0,0,978.68,132.32,6.81,0
33,2013-03-01,12,3.83,988.11,0.73,0,8.73,723.09,132.37,6.81,0
33,2013-03-08,18,4.13,2478.06,0,0,0,1677.45,132.42,6.81,0
33,2013-03-15,17,3.89,23.75,0,0,0,272.39,132.47,6.81,0
33,2013-03-22,22,4.06,395.26,0,0,0,677.68,132.53,6.81,0
33,2013-03-29,21,4.02,155.1,0,0,0,651.27,132.59,6.81,0
33,2013-04-05,23,3.81,376.77,307.33,0,0,1833.59,132.65,6.70,0
33,2013-04-12,21,3.80,28,137.13,0,0,1514.45,132.72,6.70,0
33,2013-04-19,22,3.94,757.18,6.94,0,18.94,1372.53,132.72,6.70,0
33,2013-04-26,25,3.89,148.77,0,0,0,359.56,132.72,6.70,0
33,2013-05-03,28,3.67,68.99,0,0,0,335,NULL,NULL,0
33,2013-05-10,26,3.69,296.8,0,0,0,665.28,NULL,NULL,0
33,2013-05-17,31,3.81,1212.32,0,0,0,437.9,NULL,NULL,0
33,2013-05-24,29,3.84,480.8,0,0,0,488.68,NULL,NULL,0
33,2013-05-31,30,3.83,174.84,0,0,0,688.18,NULL,NULL,0
33,2013-06-07,34,3.79,105.68,0,0,0,348.73,NULL,NULL,0
33,2013-06-14,35,3.77,45.41,0,0,0,843.21,NULL,NULL,0
33,2013-06-21,34,3.77,240.37,0,0,0,440.96,NULL,NULL,0
33,2013-06-28,34,3.78,873.21,0,0,0,559.31,NULL,NULL,0
33,2013-07-05,38,3.75,146.05,0,0,3.9,1423.19,NULL,NULL,0
33,2013-07-12,35,3.74,46.5,0,0,0,638.62,NULL,NULL,0
33,2013-07-19,35,3.82,38.24,0,0,0,500.49,NULL,NULL,0
33,2013-07-26,32,3.87,9.79,0,0,0,500.03,NULL,NULL,0
34,2010-02-05,2,2.60,0,0,0,0,0,126.44,9.52,0
34,2010-02-12,2,2.57,0,0,0,0,0,126.50,9.52,1
34,2010-02-19,4,2.54,0,0,0,0,0,126.53,9.52,0
34,2010-02-26,3,2.59,0,0,0,0,0,126.55,9.52,0
34,2010-03-05,6,2.65,0,0,0,0,0,126.58,9.52,0
34,2010-03-12,6,2.70,0,0,0,0,0,126.60,9.52,0
34,2010-03-19,8,2.74,0,0,0,0,0,126.61,9.52,0
34,2010-03-26,6,2.75,0,0,0,0,0,126.61,9.52,0
34,2010-04-02,10,2.74,0,0,0,0,0,126.60,9.59,0
34,2010-04-09,11,2.77,0,0,0,0,0,126.60,9.59,0
34,2010-04-16,15,2.81,0,0,0,0,0,126.56,9.59,0
34,2010-04-23,13,2.81,0,0,0,0,0,126.47,9.59,0
34,2010-04-30,14,2.79,0,0,0,0,0,126.38,9.59,0
34,2010-05-07,14,2.84,0,0,0,0,0,126.29,9.59,0
34,2010-05-14,16,2.85,0,0,0,0,0,126.21,9.59,0
34,2010-05-21,18,2.82,0,0,0,0,0,126.18,9.59,0
34,2010-05-28,20,2.76,0,0,0,0,0,126.16,9.59,0
34,2010-06-04,22,2.70,0,0,0,0,0,126.14,9.59,0
34,2010-06-11,27,2.67,0,0,0,0,0,126.11,9.59,0
34,2010-06-18,23,2.64,0,0,0,0,0,126.11,9.59,0
34,2010-06-25,26,2.65,0,0,0,0,0,126.13,9.59,0
34,2010-07-02,23,2.67,0,0,0,0,0,126.14,9.82,0
34,2010-07-09,24,2.64,0,0,0,0,0,126.15,9.82,0
34,2010-07-16,26,2.62,0,0,0,0,0,126.15,9.82,0
34,2010-07-23,26,2.61,0,0,0,0,0,126.13,9.82,0
34,2010-07-30,22,2.65,0,0,0,0,0,126.11,9.82,0
34,2010-08-06,23,2.64,0,0,0,0,0,126.09,9.82,0
34,2010-08-13,25,2.70,0,0,0,0,0,126.06,9.82,0
34,2010-08-20,25,2.67,0,0,0,0,0,126.08,9.82,0
34,2010-08-27,23,2.62,0,0,0,0,0,126.09,9.82,0
34,2010-09-03,23,2.58,0,0,0,0,0,126.10,9.82,0
34,2010-09-10,23,2.57,0,0,0,0,0,126.11,9.82,1
34,2010-09-17,22,2.59,0,0,0,0,0,126.15,9.82,0
34,2010-09-24,21,2.64,0,0,0,0,0,126.19,9.82,0
34,2010-10-01,21,2.62,0,0,0,0,0,126.23,10.21,0
34,2010-10-08,18,2.65,0,0,0,0,0,126.28,10.21,0
34,2010-10-15,15,2.73,0,0,0,0,0,126.33,10.21,0
34,2010-10-22,15,2.74,0,0,0,0,0,126.38,10.21,0
34,2010-10-29,10,2.72,0,0,0,0,0,126.44,10.21,0
34,2010-11-05,11,2.70,0,0,0,0,0,126.49,10.21,0
34,2010-11-12,8,2.74,0,0,0,0,0,126.55,10.21,0
34,2010-11-19,5,2.78,0,0,0,0,0,126.61,10.21,0
34,2010-11-26,5,2.75,0,0,0,0,0,126.67,10.21,1
34,2010-12-03,2,2.73,0,0,0,0,0,126.73,10.21,0
34,2010-12-10,6,2.86,0,0,0,0,0,126.79,10.21,0
34,2010-12-17,6,2.88,0,0,0,0,0,126.88,10.21,0
34,2010-12-24,6,2.89,0,0,0,0,0,126.98,10.21,0
34,2010-12-31,1,2.96,0,0,0,0,0,127.09,10.21,1
34,2011-01-07,-4,2.98,0,0,0,0,0,127.19,10.40,0
34,2011-01-14,-1,2.99,0,0,0,0,0,127.30,10.40,0
34,2011-01-21,4,3.02,0,0,0,0,0,127.44,10.40,0
34,2011-01-28,1,3.02,0,0,0,0,0,127.58,10.40,0
34,2011-02-04,-5,3.00,0,0,0,0,0,127.72,10.40,0
34,2011-02-11,-2,3.03,0,0,0,0,0,127.86,10.40,1
34,2011-02-18,7,3.06,0,0,0,0,0,128.00,10.40,0
34,2011-02-25,7,3.09,0,0,0,0,0,128.13,10.40,0
34,2011-03-04,8,3.31,0,0,0,0,0,128.26,10.40,0
34,2011-03-11,8,3.46,0,0,0,0,0,128.40,10.40,0
34,2011-03-18,13,3.50,0,0,0,0,0,128.51,10.40,0
34,2011-03-25,12,3.48,0,0,0,0,0,128.62,10.40,0
34,2011-04-01,13,3.52,0,0,0,0,0,128.72,10.58,0
34,2011-04-08,15,3.61,0,0,0,0,0,128.82,10.58,0
34,2011-04-15,12,3.72,0,0,0,0,0,128.91,10.58,0
34,2011-04-22,18,3.78,0,0,0,0,0,128.96,10.58,0
34,2011-04-29,14,3.78,0,0,0,0,0,129.00,10.58,0
34,2011-05-06,12,3.87,0,0,0,0,0,129.04,10.58,0
34,2011-05-13,17,3.87,0,0,0,0,0,129.09,10.58,0
34,2011-05-20,16,3.88,0,0,0,0,0,129.08,10.58,0
34,2011-05-27,19,3.77,0,0,0,0,0,129.06,10.58,0
34,2011-06-03,24,3.68,0,0,0,0,0,129.05,10.58,0
34,2011-06-10,24,3.64,0,0,0,0,0,129.04,10.58,0
34,2011-06-17,25,3.62,0,0,0,0,0,129.04,10.58,0
34,2011-06-24,25,3.57,0,0,0,0,0,129.07,10.58,0
34,2011-07-01,28,3.50,0,0,0,0,0,129.09,10.64,0
34,2011-07-08,27,3.47,0,0,0,0,0,129.11,10.64,0
34,2011-07-15,26,3.56,0,0,0,0,0,129.13,10.64,0
34,2011-07-22,27,3.63,0,0,0,0,0,129.15,10.64,0
34,2011-07-29,26,3.66,0,0,0,0,0,129.17,10.64,0
34,2011-08-05,25,3.66,0,0,0,0,0,129.18,10.64,0
34,2011-08-12,27,3.62,0,0,0,0,0,129.20,10.64,0
34,2011-08-19,25,3.55,0,0,0,0,0,129.24,10.64,0
34,2011-08-26,25,3.52,0,0,0,0,0,129.28,10.64,0
34,2011-09-02,26,3.53,0,0,0,0,0,129.33,10.64,0
34,2011-09-09,21,3.55,0,0,0,0,0,129.37,10.64,1
34,2011-09-16,18,3.53,0,0,0,0,0,129.43,10.64,0
34,2011-09-23,19,3.47,0,0,0,0,0,129.52,10.64,0
34,2011-09-30,21,3.37,0,0,0,0,0,129.61,10.64,0
34,2011-10-07,16,3.30,0,0,0,0,0,129.69,10.15,0
34,2011-10-14,13,3.28,0,0,0,0,0,129.77,10.15,0
34,2011-10-21,15,3.36,0,0,0,0,0,129.78,10.15,0
34,2011-10-28,13,3.36,0,0,0,0,0,129.79,10.15,0
34,2011-11-04,9,3.32,0,0,0,0,0,129.81,10.15,0
34,2011-11-11,5,3.29,10860.98,6524.97,65.95,4082.99,4814.43,129.82,10.15,0
34,2011-11-18,8,3.29,4673.94,1014.27,132.18,799.24,5734.11,129.83,10.15,0
34,2011-11-25,8,3.23,32.5,317.08,42455.51,6,1438.09,129.84,10.15,1
34,2011-12-02,4,3.18,4611.57,70.94,1109.59,1307.67,17316.01,129.85,10.15,0
34,2011-12-09,-4,3.15,3131.47,3,127.58,479.79,4102.57,129.86,10.15,0
34,2011-12-16,0,3.15,824.88,300,226.35,573.1,2966.73,129.90,10.15,0
34,2011-12-23,0,3.10,1200.1,0.18,1108.23,37.22,2109.3,129.98,10.15,0
34,2011-12-30,-2,3.12,3312.59,21909.93,210.22,146.1,3299.3,130.07,10.15,1
34,2012-01-06,2,3.16,5998.79,18094.69,104.92,351.55,2890.32,130.16,9.65,0
34,2012-01-13,1,3.26,2514.23,8431.82,48.38,186.59,4699.39,130.24,9.65,0
34,2012-01-20,4,3.27,1358.95,3015.89,27.49,255.88,2402.57,130.28,9.65,0
34,2012-01-27,4,3.29,387.48,1594.36,18.98,13.35,769.52,130.31,9.65,0
34,2012-02-03,4,3.35,24118.77,1767.26,91.24,14240.58,3833.23,130.35,9.65,0
34,2012-02-10,3,3.41,16191.24,4394.52,58.87,11972.11,6375.39,130.38,9.65,1
34,2012-02-17,3,3.49,8386.11,4644.97,16.48,2748.66,6015.47,130.45,9.65,0
34,2012-02-24,4,3.54,5674.77,3367.59,2.6,1389.89,3919.46,130.55,9.65,0
34,2012-03-02,6,3.62,9511.41,469.84,2.8,6593.25,4281.12,130.65,9.65,0
34,2012-03-09,6,3.67,6150.33,209.07,0,124.83,4638.14,130.74,9.65,0
34,2012-03-16,9,3.71,6104.24,94.31,2.7,479.7,1656.98,130.83,9.65,0
34,2012-03-23,9,3.76,3662.39,107.42,0.59,941.47,1934.93,130.90,9.65,0
34,2012-03-30,15,3.82,7866.57,104.84,5.59,28.76,1979.96,130.97,9.65,0
34,2012-04-06,12,3.86,6570.6,0,37.31,2558.69,5479.81,131.04,9.58,0
34,2012-04-13,15,3.88,5146.78,3729.58,14.82,799.06,1563.6,131.11,9.58,0
34,2012-04-20,13,3.86,1397.43,2573.19,18.46,70.76,2761.17,131.12,9.58,0
34,2012-04-27,19,3.81,5573.52,886.23,8.87,338.1,2014.84,131.13,9.58,0
34,2012-05-04,18,3.75,6219.31,0,69.88,2597.74,3522.31,131.14,9.58,0
34,2012-05-11,17,3.69,11342.48,0,29.11,1214.28,1983.03,131.15,9.58,0
34,2012-05-18,18,3.62,2328.53,0,2.43,1042.41,2111.41,131.10,9.58,0
34,2012-05-25,22,3.55,4031.31,43,146.38,1114.59,2174.14,131.03,9.58,0
34,2012-06-01,21,3.48,10054.19,0,128.85,87.9,5049.13,130.96,9.58,0
34,2012-06-08,24,3.43,6967.19,85.4,0.37,1251.49,10377.32,130.89,9.58,0
34,2012-06-15,25,3.37,5809.23,32.4,400.09,924.94,3054.63,130.83,9.58,0
34,2012-06-22,26,3.33,4673,169,0,1561.36,4524.99,130.79,9.58,0
34,2012-06-29,28,3.26,3725.46,52.2,0,343.56,3814.45,130.76,9.58,0
34,2012-07-06,26,3.19,6438.2,174.8,103.13,2529.03,3839.19,130.72,9.29,0
34,2012-07-13,23,3.22,2691.41,20.2,16.91,806.44,3029,130.68,9.29,0
34,2012-07-20,25,3.26,2732.08,98,5.98,743.47,2456.79,130.70,9.29,0
34,2012-07-27,25,3.36,3124.08,92.22,0.36,1720.84,3878.36,130.72,9.29,0
34,2012-08-03,26,3.37,9386.73,45,37.88,4384.73,4169.76,130.74,9.29,0
34,2012-08-10,26,3.48,9297.06,12,8.3,4250.64,2103.48,130.76,9.29,0
34,2012-08-17,25,3.55,5553.04,32.6,6.13,1315.08,5733.84,130.79,9.29,0
34,2012-08-24,22,3.61,1899.97,83.8,9.16,609.67,3844.82,130.84,9.29,0
34,2012-08-31,24,3.65,12815.65,64.2,18.56,2171.06,4926.61,130.89,9.29,0
34,2012-09-07,26,3.71,8791.04,-5.98,25.77,3473.34,1789.37,130.93,9.29,1
34,2012-09-14,18,3.71,4855.31,0,11.31,832.14,5118.55,130.98,9.29,0
34,2012-09-21,19,3.72,4857.37,5.73,0.85,221.84,7308.76,131.01,9.29,0
34,2012-09-28,19,3.67,2282.47,3.82,0.22,198.21,2618.07,131.04,9.29,0
34,2012-10-05,19,3.62,2716.1,0,6.03,1648.8,3539.71,131.08,8.84,0
34,2012-10-12,16,3.60,2254.65,0,29.82,524.12,7604.92,131.11,8.84,0
34,2012-10-19,15,3.61,725.01,0,9.18,370.91,2907.57,131.15,8.84,0
34,2012-10-26,14,3.51,1151.88,68.01,3,392.12,1468.81,131.19,8.84,0
34,2012-11-02,11,3.40,3189.15,2375.99,31.62,1270.88,2705.65,131.24,8.84,0
34,2012-11-09,12,3.34,3011.99,3814.03,19.4,882.67,5821.12,131.28,8.84,0
34,2012-11-16,5,3.27,6950.26,443.71,57.16,623.39,2367.9,131.33,8.84,0
34,2012-11-23,8,3.23,251.45,0.01,59304.51,191.86,3460.87,131.38,8.84,1
34,2012-11-30,6,3.24,575.87,0,6149.44,26.46,3347.77,131.43,8.84,0
34,2012-12-07,8,3.23,4905.35,0,286.34,902.13,6699,131.48,8.84,0
34,2012-12-14,2,3.19,2034.86,0,49,133.65,1960.05,131.54,8.84,0
34,2012-12-21,0,3.11,2025.54,0,74.17,58.72,1181.09,131.64,8.84,0
34,2012-12-28,0,3.13,6560.15,16765.26,72.76,61.13,1259.63,131.75,8.84,1
34,2013-01-04,0,3.18,808.67,13892.52,6.44,98.08,2086.66,131.85,8.93,0
34,2013-01-11,3,3.24,1077.02,9401.61,4.94,622.64,2815.19,131.96,8.93,0
34,2013-01-18,0,3.23,4251.89,4906.54,1.78,0,1374.82,132.03,8.93,0
34,2013-01-25,7,3.22,5889.35,3204.02,0,3065.59,1936.25,132.09,8.93,0
34,2013-02-01,9,3.23,5918.59,1407.51,164.9,8176.89,2384.57,132.15,8.93,0
34,2013-02-08,9,3.40,34577.87,883.45,289.34,18578.87,4259.63,132.22,8.93,1
34,2013-02-15,6,3.45,10713.38,2336.61,4.44,2483.02,1788.38,132.27,8.93,0
34,2013-02-22,8,3.60,5516.88,2250.61,31.12,1948.57,4175.42,132.32,8.93,0
34,2013-03-01,6,3.69,5182.14,401.81,1.2,13.92,3020.54,132.37,8.93,0
34,2013-03-08,12,3.65,15754.81,34.78,57.59,2173.94,3394.71,132.42,8.93,0
34,2013-03-15,12,3.61,3281.61,0,11.12,1109.81,1403.62,132.47,8.93,0
34,2013-03-22,16,3.59,7036.53,0,631,338.9,2595.25,132.53,8.93,0
34,2013-03-29,11,3.58,3027.3,0,417.69,328.41,1347,132.59,8.93,0
34,2013-04-05,15,3.55,8593.42,3307.23,517.21,1022.91,2517.62,132.65,8.80,0
34,2013-04-12,16,3.50,2754.02,1614.39,63.54,365.69,10014.8,132.72,8.80,0
34,2013-04-19,18,3.44,1359.8,14.54,174.26,0,801.06,132.72,8.80,0
34,2013-04-26,15,3.40,3120.8,1.49,103.82,222.17,1794.12,132.72,8.80,0
34,2013-05-03,18,3.37,2536.69,21,93.45,1619.35,1852.69,NULL,NULL,0
34,2013-05-10,18,3.37,5813.45,354.12,127.88,278.51,2804.1,NULL,NULL,0
34,2013-05-17,22,3.44,3417.8,450.88,34.52,521.72,2868.88,NULL,NULL,0
34,2013-05-24,25,3.46,5333.53,230.88,116.91,657.4,6630.76,NULL,NULL,0
34,2013-05-31,26,3.44,4411.49,305.28,109.48,27.38,2655.75,NULL,NULL,0
34,2013-06-07,26,3.41,8467.35,259.55,263.13,2832.09,3394.4,NULL,NULL,0
34,2013-06-14,28,3.42,3376.68,306.12,471.49,2512.81,3311.17,NULL,NULL,0
34,2013-06-21,27,3.45,3196.46,462.9,316.6,1285.2,5173.69,NULL,NULL,0
34,2013-06-28,31,3.45,3460.86,770.95,10.5,715.74,2294.78,NULL,NULL,0
34,2013-07-05,26,3.39,7975.83,1466.58,458.17,6976.2,3006.95,NULL,NULL,0
34,2013-07-12,28,3.37,2603.01,931.01,37.44,639.15,2020.17,NULL,NULL,0
34,2013-07-19,23,3.52,3532.06,744.95,398.2,737.94,1762.44,NULL,NULL,0
34,2013-07-26,25,3.58,248.84,728.21,3.2,39.88,1503.59,NULL,NULL,0
35,2010-02-05,-3,2.78,0,0,0,0,0,135.35,9.26,0
35,2010-02-12,-1,2.77,0,0,0,0,0,135.41,9.26,1
35,2010-02-19,0,2.75,0,0,0,0,0,135.47,9.26,0
35,2010-02-26,2,2.75,0,0,0,0,0,135.52,9.26,0
35,2010-03-05,3,2.78,0,0,0,0,0,135.57,9.26,0
35,2010-03-12,8,2.82,0,0,0,0,0,135.63,9.26,0
35,2010-03-19,9,2.84,0,0,0,0,0,135.67,9.26,0
35,2010-03-26,11,2.85,0,0,0,0,0,135.71,9.26,0
35,2010-04-02,8,2.85,0,0,0,0,0,135.75,9.05,0
35,2010-04-09,17,2.87,0,0,0,0,0,135.79,9.05,0
35,2010-04-16,13,2.90,0,0,0,0,0,135.83,9.05,0
35,2010-04-23,12,2.90,0,0,0,0,0,135.87,9.05,0
35,2010-04-30,12,2.92,0,0,0,0,0,135.92,9.05,0
35,2010-05-07,21,2.97,0,0,0,0,0,135.96,9.05,0
35,2010-05-14,12,2.98,0,0,0,0,0,136.01,9.05,0
35,2010-05-21,17,2.96,0,0,0,0,0,136.08,9.05,0
35,2010-05-28,20,2.90,0,0,0,0,0,136.15,9.05,0
35,2010-06-04,23,2.85,0,0,0,0,0,136.22,9.05,0
35,2010-06-11,21,2.81,0,0,0,0,0,136.29,9.05,0
35,2010-06-18,21,2.78,0,0,0,0,0,136.32,9.05,0
35,2010-06-25,26,2.81,0,0,0,0,0,136.35,9.05,0
35,2010-07-02,25,2.82,0,0,0,0,0,136.37,8.86,0
35,2010-07-09,28,2.79,0,0,0,0,0,136.40,8.86,0
35,2010-07-16,26,2.78,0,0,0,0,0,136.42,8.86,0
35,2010-07-23,28,2.77,0,0,0,0,0,136.44,8.86,0
35,2010-07-30,27,2.78,0,0,0,0,0,136.46,8.86,0
35,2010-08-06,25,2.78,0,0,0,0,0,136.47,8.86,0
35,2010-08-13,25,2.81,0,0,0,0,0,136.49,8.86,0
35,2010-08-20,24,2.78,0,0,0,0,0,136.52,8.86,0
35,2010-08-27,21,2.76,0,0,0,0,0,136.56,8.86,0
35,2010-09-03,26,2.72,0,0,0,0,0,136.59,8.86,0
35,2010-09-10,21,2.70,0,0,0,0,0,136.62,8.86,1
35,2010-09-17,18,2.71,0,0,0,0,0,136.63,8.86,0
35,2010-09-24,19,2.71,0,0,0,0,0,136.63,8.86,0
35,2010-10-01,21,2.71,0,0,0,0,0,136.63,8.76,0
35,2010-10-08,14,2.76,0,0,0,0,0,136.63,8.76,0
35,2010-10-15,15,2.87,0,0,0,0,0,136.64,8.76,0
35,2010-10-22,12,2.92,0,0,0,0,0,136.69,8.76,0
35,2010-10-29,16,2.92,0,0,0,0,0,136.74,8.76,0
35,2010-11-05,8,2.92,0,0,0,0,0,136.79,8.76,0
35,2010-11-12,8,2.93,0,0,0,0,0,136.83,8.76,0
35,2010-11-19,10,3.00,0,0,0,0,0,136.77,8.76,0
35,2010-11-26,8,3.04,0,0,0,0,0,136.69,8.76,1
35,2010-12-03,5,3.05,0,0,0,0,0,136.61,8.76,0
35,2010-12-10,-1,3.11,0,0,0,0,0,136.53,8.76,0
35,2010-12-17,0,3.14,0,0,0,0,0,136.53,8.76,0
35,2010-12-24,0,3.14,0,0,0,0,0,136.60,8.76,0
35,2010-12-31,-1,3.18,0,0,0,0,0,136.67,8.76,1
35,2011-01-07,1,3.19,0,0,0,0,0,136.73,8.55,0
35,2011-01-14,-4,3.21,0,0,0,0,0,136.80,8.55,0
35,2011-01-21,-1,3.23,0,0,0,0,0,136.89,8.55,0
35,2011-01-28,-5,3.24,0,0,0,0,0,136.97,8.55,0
35,2011-02-04,-2,3.23,0,0,0,0,0,137.05,8.55,0
35,2011-02-11,-1,3.24,0,0,0,0,0,137.14,8.55,1
35,2011-02-18,4,3.25,0,0,0,0,0,137.25,8.55,0
35,2011-02-25,1,3.27,0,0,0,0,0,137.38,8.55,0
35,2011-03-04,3,3.43,0,0,0,0,0,137.50,8.55,0
35,2011-03-11,6,3.58,0,0,0,0,0,137.63,8.55,0
35,2011-03-18,8,3.63,0,0,0,0,0,137.74,8.55,0
35,2011-03-25,5,3.63,0,0,0,0,0,137.85,8.55,0
35,2011-04-01,3,3.64,0,0,0,0,0,137.96,8.51,0
35,2011-04-08,8,3.72,0,0,0,0,0,138.06,8.51,0
35,2011-04-15,11,3.82,0,0,0,0,0,138.16,8.51,0
35,2011-04-22,10,3.89,0,0,0,0,0,138.25,8.51,0
35,2011-04-29,17,3.96,0,0,0,0,0,138.33,8.51,0
35,2011-05-06,14,4.05,0,0,0,0,0,138.41,8.51,0
35,2011-05-13,16,4.07,0,0,0,0,0,138.50,8.51,0
35,2011-05-20,16,4.06,0,0,0,0,0,138.59,8.51,0
35,2011-05-27,19,3.99,0,0,0,0,0,138.68,8.51,0
35,2011-06-03,23,3.92,0,0,0,0,0,138.77,8.51,0
35,2011-06-10,23,3.88,0,0,0,0,0,138.86,8.51,0
35,2011-06-17,19,3.84,0,0,0,0,0,139.00,8.51,0
35,2011-06-24,22,3.80,0,0,0,0,0,139.18,8.51,0
35,2011-07-01,23,3.75,0,0,0,0,0,139.36,8.68,0
35,2011-07-08,25,3.71,0,0,0,0,0,139.54,8.68,0
35,2011-07-15,25,3.76,0,0,0,0,0,139.70,8.68,0
35,2011-07-22,28,3.81,0,0,0,0,0,139.80,8.68,0
35,2011-07-29,26,3.83,0,0,0,0,0,139.89,8.68,0
35,2011-08-05,26,3.84,0,0,0,0,0,139.99,8.68,0
35,2011-08-12,25,3.81,0,0,0,0,0,140.09,8.68,0
35,2011-08-19,23,3.75,0,0,0,0,0,140.13,8.68,0
35,2011-08-26,23,3.70,0,0,0,0,0,140.16,8.68,0
35,2011-09-02,22,3.70,0,0,0,0,0,140.20,8.68,0
35,2011-09-09,22,3.74,0,0,0,0,0,140.23,8.68,1
35,2011-09-16,21,3.74,0,0,0,0,0,140.27,8.68,0
35,2011-09-23,18,3.71,0,0,0,0,0,140.33,8.68,0
35,2011-09-30,22,3.65,0,0,0,0,0,140.38,8.68,0
35,2011-10-07,14,3.58,0,0,0,0,0,140.43,8.75,0
35,2011-10-14,18,3.54,0,0,0,0,0,140.48,8.75,0
35,2011-10-21,15,3.57,0,0,0,0,0,140.46,8.75,0
35,2011-10-28,11,3.57,0,0,0,0,0,140.44,8.75,0
35,2011-11-04,7,3.55,0,0,0,0,0,140.43,8.75,0
35,2011-11-11,10,3.53,22242.79,13392.67,1134.49,2951.74,5421.27,140.41,8.75,0
35,2011-11-18,11,3.53,23654.62,110.12,103.34,951.51,1618.6,140.41,8.75,0
35,2011-11-25,9,3.49,1333.24,0,58563.24,20.97,6386.86,140.42,8.75,1
35,2011-12-02,10,3.45,5051.87,0,3150.68,3945.27,26649.46,140.43,8.75,0
35,2011-12-09,8,3.42,1386.01,0,529.1,955.48,9427.75,140.44,8.75,0
35,2011-12-16,5,3.41,5115.93,0.27,10748.31,601.89,14608.23,140.47,8.75,0
35,2011-12-23,5,3.39,318.61,22.4,1429.48,20.98,4140.36,140.53,8.75,0
35,2011-12-30,3,3.39,6742.63,34766.99,163.27,961,2074.13,140.59,8.75,1
35,2012-01-06,2,3.42,5956.88,13987.28,24.73,1685.24,6269.59,140.65,8.74,0
35,2012-01-13,5,3.51,2428.51,7532.95,2.28,413.26,3750.02,140.70,8.74,0
35,2012-01-20,-1,3.53,2498.37,4413.52,5.46,618.55,2393.77,140.81,8.74,0
35,2012-01-27,3,3.57,2798.44,2928.52,1.46,446,9008.25,140.91,8.74,0
35,2012-02-03,6,3.62,62567.6,3718.52,41.68,40201.38,4130.12,141.02,8.74,0
35,2012-02-10,3,3.64,11865.12,4373.03,23.69,11941.36,8357.61,141.12,8.74,1
35,2012-02-17,3,3.70,20207.59,7982.96,2.64,9522.98,10733.96,141.21,8.74,0
35,2012-02-24,5,3.74,10463.9,6749.11,0,5146.87,4553.22,141.30,8.74,0
35,2012-03-02,4,3.82,31880.88,1775.2,84.02,26264.78,1609.25,141.39,8.74,0
35,2012-03-09,7,3.85,16514.65,344.55,68.3,2596.73,2245.26,141.47,8.74,0
35,2012-03-16,10,3.86,6972.24,222.12,1.2,1587.92,2214.43,141.55,8.74,0
35,2012-03-23,14,3.90,25204.95,107.69,0.25,8359.06,5252.73,141.63,8.74,0
35,2012-03-30,10,3.95,19560.85,77.41,7.4,4081.77,3629.96,141.70,8.74,0
35,2012-04-06,9,4.00,9093.04,0,10.27,2383.68,4858.77,141.77,8.88,0
35,2012-04-13,11,4.04,4697.48,4222.33,10.5,1903.35,1156.1,141.84,8.88,0
35,2012-04-20,17,4.03,2095.31,4447.75,6.05,149.91,2504.7,141.90,8.88,0
35,2012-04-27,11,4.00,6477.02,1050.49,7.43,1123.9,1681.46,141.96,8.88,0
35,2012-05-04,12,3.95,13647.64,0,9.87,6114.76,4853.52,142.02,8.88,0
35,2012-05-11,15,3.89,12297.04,0,10.76,1040,2355.67,142.08,8.88,0
35,2012-05-18,18,3.85,8475.44,0,2.87,2133.81,2904.46,142.10,8.88,0
35,2012-05-25,18,3.80,8708.2,0,296.24,1676.8,2399.15,142.10,8.88,0
35,2012-06-01,23,3.74,12469.08,0,9.66,3040.28,5859.48,142.11,8.88,0
35,2012-06-08,18,3.69,6984.56,44,287.97,851.39,5482.29,142.12,8.88,0
35,2012-06-15,21,3.62,4983.83,6.8,1.04,2545.67,1991.41,142.13,8.88,0
35,2012-06-22,23,3.56,5984,32.8,0.57,528.54,2636.77,142.16,8.88,0
35,2012-06-29,23,3.51,11690.61,-7.6,0,3457.25,5129.74,142.19,8.88,0
35,2012-07-06,28,3.48,7808.9,7,47.5,6948.28,6443.45,142.22,8.84,0
35,2012-07-13,26,3.52,3516.15,0,0.15,1749.8,1430.23,142.25,8.84,0
35,2012-07-20,26,3.57,3934.52,0,25.9,934.49,3512.52,142.23,8.84,0
35,2012-07-27,24,3.65,5446.22,0,10.88,6221.18,2764.62,142.21,8.84,0
35,2012-08-03,24,3.65,35956.75,0,11.63,21249.14,2079.74,142.19,8.84,0
35,2012-08-10,26,3.72,9664.78,0,63.72,2523.61,2076.6,142.17,8.84,0
35,2012-08-17,25,3.81,3038.67,0,0,1401.93,2672.55,142.22,8.84,0
35,2012-08-24,23,3.83,5726.77,0,57.08,5332.71,4133.91,142.31,8.84,0
35,2012-08-31,24,3.87,17617.15,0,94.08,6324.67,3173.73,142.41,8.84,0
35,2012-09-07,24,3.91,11678.32,0,53.35,1976.76,8415.89,142.50,8.84,1
35,2012-09-14,20,3.95,8915.4,0,16.27,1564.94,7400.92,142.59,8.84,0
35,2012-09-21,19,4.04,6982.1,87.37,6,2085.94,9129.21,142.68,8.84,0
35,2012-09-28,18,4.00,20867.96,42.64,3.22,5895.05,3810.27,142.77,8.84,0
35,2012-10-05,18,3.99,6855.08,0,3.66,2468.47,2737.33,142.85,8.67,0
35,2012-10-12,13,4.00,1524.37,0,5.33,558.26,6097.45,142.94,8.67,0
35,2012-10-19,14,3.97,2694.71,0,4.98,526.09,2051.88,142.86,8.67,0
35,2012-10-26,15,3.88,6221.06,42.48,103,273.9,996.79,142.76,8.67,0
35,2012-11-02,12,3.79,9427.41,3322.67,31.3,3119.64,1982.11,142.66,8.67,0
35,2012-11-09,5,3.77,17908.37,15471.05,34.52,5265.54,3391.48,142.56,8.67,0
35,2012-11-16,8,3.75,26644.24,2042.09,51.8,1199.87,3364.14,142.49,8.67,0
35,2012-11-23,6,3.75,1667.99,0.03,86476.66,767.2,176.28,142.47,8.67,1
35,2012-11-30,4,3.73,4571.65,0.01,6399.56,140.84,8504.85,142.45,8.67,0
35,2012-12-07,7,3.69,8321.83,0,238,3715.06,15317.62,142.42,8.67,0
35,2012-12-14,7,3.64,5606.15,0,88,292.38,6927.98,142.41,8.67,0
35,2012-12-21,6,3.58,4222.06,270.76,16590.92,277.15,8946.15,142.48,8.67,0
35,2012-12-28,2,3.56,16517.47,25386.59,103.38,75.21,5831.36,142.54,8.67,1
35,2013-01-04,0,3.59,4130.71,27550.99,13.58,641.42,3316.54,142.60,8.60,0
35,2013-01-11,4,3.61,3821.57,15278.75,8.72,623.03,1695.26,142.67,8.60,0
35,2013-01-18,5,3.61,3208.85,5662.38,1.44,310.04,2720.6,142.73,8.60,0
35,2013-01-25,-3,3.58,3118.92,2647.13,0,231.83,1749.41,142.80,8.60,0
35,2013-02-01,1,3.62,30103.32,1530.12,38.3,52850.8,5978.13,142.87,8.60,0
35,2013-02-08,-2,3.75,88750.34,843.99,1172.94,46503.81,3298.91,142.94,8.60,1
35,2013-02-15,2,3.81,16787.07,5016.1,2.44,6926.31,6276.88,142.98,8.60,0
35,2013-02-22,0,3.86,14704.41,2696.43,9.96,1457.13,3632.98,142.97,8.60,0
35,2013-03-01,4,3.89,11748.39,404.61,4.98,54.65,2250.11,142.96,8.60,0
35,2013-03-08,2,3.86,38288.52,133.06,16.03,8557.22,2845.18,142.95,8.60,0
35,2013-03-15,6,3.83,13085.43,0,4.28,3595.89,994.23,142.96,8.60,0
35,2013-03-22,2,3.80,17933.65,0,198,2646.56,5513.3,143.03,8.60,0
35,2013-03-29,5,3.78,11777.3,0,382.54,1877.2,2292.68,143.09,8.60,0
35,2013-04-05,7,3.76,16622.2,4235.77,256,3441.18,1021.09,143.16,8.36,0
35,2013-04-12,12,3.72,4828.15,4850.29,-44.54,878.64,1098.99,143.22,8.36,0
35,2013-04-19,12,3.68,1975.51,532.62,48,173.1,925.87,143.22,8.36,0
35,2013-04-26,10,3.62,2372.33,0,37.2,101.57,1632.06,143.22,8.36,0
35,2013-05-03,13,3.59,13043.78,18,37.84,3516.9,1846.32,NULL,NULL,0
35,2013-05-10,14,3.58,4022.62,1508.28,35.74,1241.52,4726.08,NULL,NULL,0
35,2013-05-17,16,3.61,10538.98,904.78,7.7,1680.85,7788.77,NULL,NULL,0
35,2013-05-24,18,3.63,3116.05,598.9,471.12,1030.77,6244.76,NULL,NULL,0
35,2013-05-31,18,3.65,4542.19,286.29,13.8,36.9,1613.98,NULL,NULL,0
35,2013-06-07,21,3.63,14769.81,154.12,53.59,6333.27,5408.17,NULL,NULL,0
35,2013-06-14,20,3.63,6636.89,159.07,313.37,2895.53,1947.01,NULL,NULL,0
35,2013-06-21,22,3.63,3252.39,118.02,65.02,4722.43,10790.02,NULL,NULL,0
35,2013-06-28,25,3.64,4764.55,85.65,0,4660.01,3274.82,NULL,NULL,0
35,2013-07-05,25,3.61,6333.87,138.09,610.35,7224.45,728,NULL,NULL,0
35,2013-07-12,27,3.61,4798.18,130.88,22.05,2351.6,15562.99,NULL,NULL,0
35,2013-07-19,29,3.74,2318.53,122.3,23.45,771.35,1959.59,NULL,NULL,0
35,2013-07-26,25,3.80,237.96,50,4,23.64,1059.83,NULL,NULL,0
36,2010-02-05,8,2.55,0,0,0,0,0,209.85,8.55,0
36,2010-02-12,8,2.54,0,0,0,0,0,210.00,8.55,1
36,2010-02-19,8,2.47,0,0,0,0,0,210.05,8.55,0
36,2010-02-26,10,2.52,0,0,0,0,0,210.08,8.55,0
36,2010-03-05,11,2.57,0,0,0,0,0,210.11,8.55,0
36,2010-03-12,17,2.62,0,0,0,0,0,210.14,8.55,0
36,2010-03-19,15,2.70,0,0,0,0,0,209.98,8.55,0
36,2010-03-26,13,2.71,0,0,0,0,0,209.79,8.55,0
36,2010-04-02,17,2.71,0,0,0,0,0,209.59,8.46,0
36,2010-04-09,20,2.74,0,0,0,0,0,209.40,8.46,0
36,2010-04-16,19,2.77,0,0,0,0,0,209.27,8.46,0
36,2010-04-23,20,2.76,0,0,0,0,0,209.22,8.46,0
36,2010-04-30,22,2.73,0,0,0,0,0,209.17,8.46,0
36,2010-05-07,24,2.79,0,0,0,0,0,209.12,8.46,0
36,2010-05-14,25,2.81,0,0,0,0,0,209.12,8.46,0
36,2010-05-21,25,2.77,0,0,0,0,0,209.39,8.46,0
36,2010-05-28,27,2.72,0,0,0,0,0,209.67,8.46,0
36,2010-06-04,27,2.66,0,0,0,0,0,209.94,8.46,0
36,2010-06-11,28,2.62,0,0,0,0,0,210.21,8.46,0
36,2010-06-18,29,2.57,0,0,0,0,0,210.21,8.46,0
36,2010-06-25,29,2.60,0,0,0,0,0,210.10,8.46,0
36,2010-07-02,28,2.61,0,0,0,0,0,209.98,8.36,0
36,2010-07-09,28,2.60,0,0,0,0,0,209.87,8.36,0
36,2010-07-16,29,2.56,0,0,0,0,0,209.86,8.36,0
36,2010-07-23,28,2.54,0,0,0,0,0,210.00,8.36,0
36,2010-07-30,28,2.60,0,0,0,0,0,210.13,8.36,0
36,2010-08-06,30,2.57,0,0,0,0,0,210.26,8.36,0
36,2010-08-13,30,2.64,0,0,0,0,0,210.39,8.36,0
36,2010-08-20,30,2.60,0,0,0,0,0,210.36,8.36,0
36,2010-08-27,29,2.56,0,0,0,0,0,210.33,8.36,0
36,2010-09-03,28,2.53,0,0,0,0,0,210.30,8.36,0
36,2010-09-10,27,2.51,0,0,0,0,0,210.26,8.36,1
36,2010-09-17,28,2.55,0,0,0,0,0,210.29,8.36,0
36,2010-09-24,26,2.58,0,0,0,0,0,210.37,8.36,0
36,2010-10-01,24,2.57,0,0,0,0,0,210.44,8.48,0
36,2010-10-08,19,2.60,0,0,0,0,0,210.51,8.48,0
36,2010-10-15,22,2.71,0,0,0,0,0,210.58,8.48,0
36,2010-10-22,22,2.70,0,0,0,0,0,210.63,8.48,0
36,2010-10-29,25,2.68,0,0,0,0,0,210.67,8.48,0
36,2010-11-05,17,2.66,0,0,0,0,0,210.72,8.48,0
36,2010-11-12,17,2.71,0,0,0,0,0,210.77,8.48,0
36,2010-11-19,14,2.74,0,0,0,0,0,210.65,8.48,0
36,2010-11-26,20,2.73,0,0,0,0,0,210.52,8.48,1
36,2010-12-03,12,2.69,0,0,0,0,0,210.38,8.48,0
36,2010-12-10,11,2.81,0,0,0,0,0,210.24,8.48,0
36,2010-12-17,14,2.85,0,0,0,0,0,210.18,8.48,0
36,2010-12-24,15,2.86,0,0,0,0,0,210.18,8.48,0
36,2010-12-31,12,2.95,0,0,0,0,0,210.18,8.48,1
36,2011-01-07,12,2.94,0,0,0,0,0,210.18,8.40,0
36,2011-01-14,6,2.97,0,0,0,0,0,210.24,8.40,0
36,2011-01-21,11,2.98,0,0,0,0,0,210.60,8.40,0
36,2011-01-28,9,3.00,0,0,0,0,0,210.97,8.40,0
36,2011-02-04,8,2.98,0,0,0,0,0,211.33,8.40,0
36,2011-02-11,5,3.01,0,0,0,0,0,211.70,8.40,1
36,2011-02-18,14,3.02,0,0,0,0,0,212.01,8.40,0
36,2011-02-25,20,3.05,0,0,0,0,0,212.29,8.40,0
36,2011-03-04,18,3.28,0,0,0,0,0,212.58,8.40,0
36,2011-03-11,15,3.45,0,0,0,0,0,212.86,8.40,0
36,2011-03-18,18,3.49,0,0,0,0,0,213.11,8.40,0
36,2011-03-25,22,3.49,0,0,0,0,0,213.34,8.40,0
36,2011-04-01,20,3.53,0,0,0,0,0,213.58,8.30,0
36,2011-04-08,21,3.65,0,0,0,0,0,213.81,8.30,0
36,2011-04-15,23,3.76,0,0,0,0,0,214.03,8.30,0
36,2011-04-22,24,3.81,0,0,0,0,0,214.19,8.30,0
36,2011-04-29,25,3.84,0,0,0,0,0,214.36,8.30,0
36,2011-05-06,21,3.92,0,0,0,0,0,214.52,8.30,0
36,2011-05-13,25,3.92,0,0,0,0,0,214.69,8.30,0
36,2011-05-20,23,3.93,0,0,0,0,0,214.47,8.30,0
36,2011-05-27,27,3.79,0,0,0,0,0,214.24,8.30,0
36,2011-06-03,28,3.69,0,0,0,0,0,214.02,8.30,0
36,2011-06-10,28,3.63,0,0,0,0,0,213.79,8.30,0
36,2011-06-17,29,3.60,0,0,0,0,0,213.75,8.30,0
36,2011-06-24,29,3.57,0,0,0,0,0,213.84,8.30,0
36,2011-07-01,30,3.50,0,0,0,0,0,213.93,8.18,0
36,2011-07-08,29,3.44,0,0,0,0,0,214.02,8.18,0
36,2011-07-15,30,3.55,0,0,0,0,0,214.11,8.18,0
36,2011-07-22,29,3.64,0,0,0,0,0,214.17,8.18,0
36,2011-07-29,29,3.66,0,0,0,0,0,214.23,8.18,0
36,2011-08-05,30,3.65,0,0,0,0,0,214.30,8.18,0
36,2011-08-12,31,3.61,0,0,0,0,0,214.36,8.18,0
36,2011-08-19,31,3.53,0,0,0,0,0,214.42,8.18,0
36,2011-08-26,30,3.50,0,0,0,0,0,214.49,8.18,0
36,2011-09-02,31,3.48,0,0,0,0,0,214.55,8.18,0
36,2011-09-09,26,3.50,0,0,0,0,0,214.62,8.18,1
36,2011-09-16,28,3.47,0,0,0,0,0,214.79,8.18,0
36,2011-09-23,26,3.44,0,0,0,0,0,215.12,8.18,0
36,2011-09-30,28,3.33,0,0,0,0,0,215.45,8.18,0
36,2011-10-07,22,3.26,0,0,0,0,0,215.78,7.72,0
36,2011-10-14,23,3.23,0,0,0,0,0,216.09,7.72,0
36,2011-10-21,20,3.31,0,0,0,0,0,216.25,7.72,0
36,2011-10-28,22,3.31,0,0,0,0,0,216.41,7.72,0
36,2011-11-04,15,3.29,0,0,0,0,0,216.56,7.72,0
36,2011-11-11,18,3.25,65.32,519.25,0,0,1334.56,216.72,7.72,0
36,2011-11-18,19,3.26,5.64,19.82,0,0,578.02,216.94,7.72,0
36,2011-11-25,19,3.18,7.09,0,0,0,780.75,217.18,7.72,1
36,2011-12-02,12,3.16,0,0,10,0,624.31,217.42,7.72,0
36,2011-12-09,10,3.15,0,0,-0.87,0,1129.02,217.66,7.72,0
36,2011-12-16,15,3.13,11.64,0,1.14,0,3752.18,217.88,7.72,0
36,2011-12-23,13,3.10,17.01,0,0.76,0,2264.75,218.05,7.72,0
36,2011-12-30,9,3.13,548.91,1288.61,0,50.4,412.21,218.23,7.72,1
36,2012-01-06,14,3.13,5.92,2257.39,2.86,0,1024.9,218.41,7.24,0
36,2012-01-13,13,3.25,15.85,1402.86,7.04,0,858.31,218.58,7.24,0
36,2012-01-20,15,3.28,318.15,294.59,1.98,0,589.99,218.68,7.24,0
36,2012-01-27,17,3.31,35.96,17.03,0.44,0,381.04,218.77,7.24,0
36,2012-02-03,16,3.42,1786.27,1.5,2.62,2.5,1373.38,218.86,7.24,0
36,2012-02-10,12,3.46,810.75,5.5,3.82,0,699.9,218.96,7.24,1
36,2012-02-17,12,3.50,377.29,417.07,0.44,0,537.36,219.11,7.24,0
36,2012-02-24,17,3.55,90.73,171.14,0,0,872.76,219.32,7.24,0
36,2012-03-02,18,3.62,512.15,0.02,0,0,2359.78,219.53,7.24,0
36,2012-03-09,17,3.65,258.89,1.5,0.99,0,1835.63,219.74,7.24,0
36,2012-03-16,20,3.78,93.51,1.5,0.34,0,612.83,219.90,7.24,0
36,2012-03-23,21,3.85,98.84,0,1.7,0,1382.01,219.97,7.24,0
36,2012-03-30,21,3.89,40.28,0.5,0,0,440.54,220.05,7.24,0
36,2012-04-06,23,3.93,375.2,0,0,12.41,1398.67,220.12,6.99,0
36,2012-04-13,23,3.92,85.47,651.77,0,0,487.07,220.20,6.99,0
36,2012-04-20,22,3.92,177.77,317.91,0,231.31,1473.96,220.25,6.99,0
36,2012-04-27,21,3.89,252.98,36.03,0,0,6621.24,220.30,6.99,0
36,2012-05-04,25,3.84,621.82,0,0,18.38,1191.47,220.35,6.99,0
36,2012-05-11,25,3.76,475.61,0,0,0,818.06,220.41,6.99,0
36,2012-05-18,23,3.71,367.23,0,0,0,1704.18,220.43,6.99,0
36,2012-05-25,26,3.64,517.28,0,0,0.92,1767.58,220.43,6.99,0
36,2012-06-01,27,3.57,187.88,0,0,4.02,1674.5,220.43,6.99,0
36,2012-06-08,28,3.51,226.87,0,0,5,597.68,220.44,6.99,0
36,2012-06-15,28,3.41,945.96,0,0,0,2709.66,220.45,6.99,0
36,2012-06-22,27,3.36,318.51,0,0,0,1805.33,220.49,6.99,0
36,2012-06-29,30,3.27,1169.41,0,0,0,2549.31,220.53,6.99,0
36,2012-07-06,28,3.23,249.73,0,0.04,0,659.16,220.57,6.62,0
36,2012-07-13,26,3.25,769.5,0,0.01,0,1530.69,220.61,6.62,0
36,2012-07-20,28,3.30,38.04,0,0,0,886.99,220.61,6.62,0
36,2012-07-27,29,3.39,144.59,0,0,0,1545.26,220.62,6.62,0
36,2012-08-03,30,3.40,243.47,0,2.4,64.47,1077.74,220.63,6.62,0
36,2012-08-10,29,3.49,25.14,0,0,1.98,1638.93,220.64,6.62,0
36,2012-08-17,30,3.57,442.05,0,0,0,1381.39,220.72,6.62,0
36,2012-08-24,27,3.57,196.4,0,0,0,1012.91,220.85,6.62,0
36,2012-08-31,29,3.61,156.18,0,0,0,329.61,220.99,6.62,0
36,2012-09-07,29,3.70,463.27,0,1.75,0,2480.2,221.12,6.62,1
36,2012-09-14,26,3.69,788.5,0,1.05,3.44,1591.72,221.26,6.62,0
36,2012-09-21,24,3.71,53.1,0,0,0,1532.27,221.46,6.62,0
36,2012-09-28,26,3.66,205,0,0,0,1939.92,221.66,6.62,0
36,2012-10-05,23,3.61,211.09,0,0,0,1007.44,221.85,6.23,0
36,2012-10-12,22,3.58,32.28,0,0,0,1312.73,222.05,6.23,0
36,2012-10-19,23,3.57,29.01,0,0,0,632.1,222.10,6.23,0
36,2012-10-26,24,3.49,463.05,1.74,0,0,795.76,222.11,6.23,0
36,2012-11-02,17,3.39,373.78,769.74,0,0,403.39,222.13,6.23,0
36,2012-11-09,20,3.31,-16.93,850.05,0,0,733.24,222.15,6.23,0
36,2012-11-16,16,3.24,1069.73,21.2,0,0,1161.04,222.18,6.23,0
36,2012-11-23,16,3.21,31.77,0,2.98,0,417.71,222.23,6.23,1
36,2012-11-30,15,3.21,315.68,0,0,5.67,1590.32,222.28,6.23,0
36,2012-12-07,20,3.20,-772.21,0,0,0,692.1,222.33,6.23,0
36,2012-12-14,14,3.18,109.79,0,0,0,525.58,222.38,6.23,0
36,2012-12-21,17,3.09,85.11,0,0,0,415.96,222.50,6.23,0
36,2012-12-28,13,3.12,644.41,1340.37,0,79.8,540,222.62,6.23,1
36,2013-01-04,9,3.16,811.74,1115.56,0,0,394.1,222.74,6.27,0
36,2013-01-11,12,3.26,493.07,880.36,0,0,872.23,222.86,6.27,0
36,2013-01-18,10,3.26,224.2,46.22,0,36.18,358.58,222.90,6.27,0
36,2013-01-25,14,3.24,568.71,11.75,0,0,928.12,222.90,6.27,0
36,2013-02-01,17,3.24,496.61,11.35,0,0,689.46,222.91,6.27,0
36,2013-02-08,17,3.42,2005.19,1,0,24.57,1032.15,222.91,6.27,1
36,2013-02-15,14,3.46,959.25,129.65,0,1.26,1907.27,222.95,6.27,0
36,2013-02-22,15,3.63,908.67,804.66,0,0,1231.64,223.09,6.27,0
36,2013-03-01,13,3.70,849.54,0,0,0,630.16,223.24,6.27,0
36,2013-03-08,14,3.64,1690.77,0,0,0,887.1,223.38,6.27,0
36,2013-03-15,15,3.59,170.51,0,0,7.41,470.31,223.51,6.27,0
36,2013-03-22,20,3.62,751.52,0,0,0,827.36,223.59,6.27,0
36,2013-03-29,15,3.59,232.82,0,0,0,672.83,223.67,6.27,0
36,2013-04-05,18,3.59,1230.34,878.73,0,0,987.56,223.75,6.14,0
36,2013-04-12,19,3.54,347.44,548.97,0,0,480.14,223.84,6.14,0
36,2013-04-19,21,3.49,426,0.45,0,2.61,1425.88,223.84,6.14,0
36,2013-04-26,18,3.46,150.28,0,0,0,326.75,223.84,6.14,0
36,2013-05-03,21,3.43,70.98,0,0,2.61,1535.28,NULL,NULL,0
36,2013-05-10,20,3.42,477.78,0,0,75.6,1660.59,NULL,NULL,0
36,2013-05-17,23,3.46,1835.31,0,0,0,1537.86,NULL,NULL,0
36,2013-05-24,27,3.45,306.68,0,0,0,1565.57,NULL,NULL,0
36,2013-05-31,27,3.44,165.31,0,0,0,275.85,NULL,NULL,0
36,2013-06-07,27,3.42,691.45,0,0,145.61,2064.72,NULL,NULL,0
36,2013-06-14,27,3.41,52.33,0,0,70.56,861.94,NULL,NULL,0
36,2013-06-21,29,3.43,350.46,0,0,48.8,1166.54,NULL,NULL,0
36,2013-06-28,29,3.43,444.9,0,0,0,1443.12,NULL,NULL,0
36,2013-07-05,29,3.39,21.24,0,0,0,1261.13,NULL,NULL,0
36,2013-07-12,29,3.37,67.86,0,0,0,1016.91,NULL,NULL,0
36,2013-07-19,27,3.51,165.79,0,0,0,408.04,NULL,NULL,0
36,2013-07-26,28,3.59,128.41,0,0,39.52,405.62,NULL,NULL,0
37,2010-02-05,8,2.57,0,0,0,0,0,209.85,8.55,0
37,2010-02-12,8,2.55,0,0,0,0,0,210.00,8.55,1
37,2010-02-19,8,2.51,0,0,0,0,0,210.05,8.55,0
37,2010-02-26,10,2.56,0,0,0,0,0,210.08,8.55,0
37,2010-03-05,11,2.63,0,0,0,0,0,210.11,8.55,0
37,2010-03-12,17,2.67,0,0,0,0,0,210.14,8.55,0
37,2010-03-19,15,2.72,0,0,0,0,0,209.98,8.55,0
37,2010-03-26,13,2.73,0,0,0,0,0,209.79,8.55,0
37,2010-04-02,17,2.72,0,0,0,0,0,209.59,8.46,0
37,2010-04-09,20,2.77,0,0,0,0,0,209.40,8.46,0
37,2010-04-16,19,2.81,0,0,0,0,0,209.27,8.46,0
37,2010-04-23,20,2.80,0,0,0,0,0,209.22,8.46,0
37,2010-04-30,22,2.78,0,0,0,0,0,209.17,8.46,0
37,2010-05-07,24,2.84,0,0,0,0,0,209.12,8.46,0
37,2010-05-14,25,2.85,0,0,0,0,0,209.12,8.46,0
37,2010-05-21,25,2.83,0,0,0,0,0,209.39,8.46,0
37,2010-05-28,27,2.76,0,0,0,0,0,209.67,8.46,0
37,2010-06-04,27,2.71,0,0,0,0,0,209.94,8.46,0
37,2010-06-11,28,2.67,0,0,0,0,0,210.21,8.46,0
37,2010-06-18,29,2.64,0,0,0,0,0,210.21,8.46,0
37,2010-06-25,29,2.65,0,0,0,0,0,210.10,8.46,0
37,2010-07-02,28,2.67,0,0,0,0,0,209.98,8.36,0
37,2010-07-09,28,2.64,0,0,0,0,0,209.87,8.36,0
37,2010-07-16,29,2.62,0,0,0,0,0,209.86,8.36,0
37,2010-07-23,28,2.61,0,0,0,0,0,210.00,8.36,0
37,2010-07-30,28,2.64,0,0,0,0,0,210.13,8.36,0
37,2010-08-06,30,2.63,0,0,0,0,0,210.26,8.36,0
37,2010-08-13,30,2.69,0,0,0,0,0,210.39,8.36,0
37,2010-08-20,30,2.66,0,0,0,0,0,210.36,8.36,0
37,2010-08-27,29,2.62,0,0,0,0,0,210.33,8.36,0
37,2010-09-03,28,2.58,0,0,0,0,0,210.30,8.36,0
37,2010-09-10,27,2.57,0,0,0,0,0,210.26,8.36,1
37,2010-09-17,28,2.58,0,0,0,0,0,210.29,8.36,0
37,2010-09-24,26,2.62,0,0,0,0,0,210.37,8.36,0
37,2010-10-01,24,2.60,0,0,0,0,0,210.44,8.48,0
37,2010-10-08,19,2.63,0,0,0,0,0,210.51,8.48,0
37,2010-10-15,22,2.72,0,0,0,0,0,210.58,8.48,0
37,2010-10-22,22,2.73,0,0,0,0,0,210.63,8.48,0
37,2010-10-29,25,2.72,0,0,0,0,0,210.67,8.48,0
37,2010-11-05,17,2.69,0,0,0,0,0,210.72,8.48,0
37,2010-11-12,17,2.73,0,0,0,0,0,210.77,8.48,0
37,2010-11-19,14,2.77,0,0,0,0,0,210.65,8.48,0
37,2010-11-26,20,2.74,0,0,0,0,0,210.52,8.48,1
37,2010-12-03,12,2.71,0,0,0,0,0,210.38,8.48,0
37,2010-12-10,11,2.84,0,0,0,0,0,210.24,8.48,0
37,2010-12-17,14,2.87,0,0,0,0,0,210.18,8.48,0
37,2010-12-24,15,2.89,0,0,0,0,0,210.18,8.48,0
37,2010-12-31,12,2.94,0,0,0,0,0,210.18,8.48,1
37,2011-01-07,12,2.98,0,0,0,0,0,210.18,8.40,0
37,2011-01-14,6,2.98,0,0,0,0,0,210.24,8.40,0
37,2011-01-21,11,3.02,0,0,0,0,0,210.60,8.40,0
37,2011-01-28,9,3.01,0,0,0,0,0,210.97,8.40,0
37,2011-02-04,8,2.99,0,0,0,0,0,211.33,8.40,0
37,2011-02-11,5,3.02,0,0,0,0,0,211.70,8.40,1
37,2011-02-18,14,3.05,0,0,0,0,0,212.01,8.40,0
37,2011-02-25,20,3.07,0,0,0,0,0,212.29,8.40,0
37,2011-03-04,18,3.29,0,0,0,0,0,212.58,8.40,0
37,2011-03-11,15,3.46,0,0,0,0,0,212.86,8.40,0
37,2011-03-18,18,3.49,0,0,0,0,0,213.11,8.40,0
37,2011-03-25,22,3.47,0,0,0,0,0,213.34,8.40,0
37,2011-04-01,20,3.52,0,0,0,0,0,213.58,8.30,0
37,2011-04-08,21,3.62,0,0,0,0,0,213.81,8.30,0
37,2011-04-15,23,3.74,0,0,0,0,0,214.03,8.30,0
37,2011-04-22,24,3.81,0,0,0,0,0,214.19,8.30,0
37,2011-04-29,25,3.81,0,0,0,0,0,214.36,8.30,0
37,2011-05-06,21,3.91,0,0,0,0,0,214.52,8.30,0
37,2011-05-13,25,3.90,0,0,0,0,0,214.69,8.30,0
37,2011-05-20,23,3.91,0,0,0,0,0,214.47,8.30,0
37,2011-05-27,27,3.79,0,0,0,0,0,214.24,8.30,0
37,2011-06-03,28,3.70,0,0,0,0,0,214.02,8.30,0
37,2011-06-10,28,3.65,0,0,0,0,0,213.79,8.30,0
37,2011-06-17,29,3.64,0,0,0,0,0,213.75,8.30,0
37,2011-06-24,29,3.59,0,0,0,0,0,213.84,8.30,0
37,2011-07-01,30,3.52,0,0,0,0,0,213.93,8.18,0
37,2011-07-08,29,3.48,0,0,0,0,0,214.02,8.18,0
37,2011-07-15,30,3.58,0,0,0,0,0,214.11,8.18,0
37,2011-07-22,29,3.65,0,0,0,0,0,214.17,8.18,0
37,2011-07-29,29,3.68,0,0,0,0,0,214.23,8.18,0
37,2011-08-05,30,3.68,0,0,0,0,0,214.30,8.18,0
37,2011-08-12,31,3.64,0,0,0,0,0,214.36,8.18,0
37,2011-08-19,31,3.55,0,0,0,0,0,214.42,8.18,0
37,2011-08-26,30,3.52,0,0,0,0,0,214.49,8.18,0
37,2011-09-02,31,3.53,0,0,0,0,0,214.55,8.18,0
37,2011-09-09,26,3.55,0,0,0,0,0,214.62,8.18,1
37,2011-09-16,28,3.53,0,0,0,0,0,214.79,8.18,0
37,2011-09-23,26,3.47,0,0,0,0,0,215.12,8.18,0
37,2011-09-30,28,3.36,0,0,0,0,0,215.45,8.18,0
37,2011-10-07,22,3.29,0,0,0,0,0,215.78,7.72,0
37,2011-10-14,23,3.27,0,0,0,0,0,216.09,7.72,0
37,2011-10-21,20,3.35,0,0,0,0,0,216.25,7.72,0
37,2011-10-28,22,3.37,0,0,0,0,0,216.41,7.72,0
37,2011-11-04,15,3.33,0,0,0,0,0,216.56,7.72,0
37,2011-11-11,18,3.30,8.62,56.53,117.92,0,796.28,216.72,7.72,0
37,2011-11-18,19,3.31,32.17,5.51,0,0,1502.49,216.94,7.72,0
37,2011-11-25,19,3.24,2.8,0,0,0,308.82,217.18,7.72,1
37,2011-12-02,12,3.17,1.5,0,6.03,0,1180.32,217.42,7.72,0
37,2011-12-09,10,3.16,0,0,16.62,0,1319.82,217.66,7.72,0
37,2011-12-16,15,3.16,13.38,0,9.18,0,868.78,217.88,7.72,0
37,2011-12-23,13,3.11,158.11,0,7.5,0,1316.88,218.05,7.72,0
37,2011-12-30,9,3.13,373.92,1057.77,1.5,10.08,741.34,218.23,7.72,1
37,2012-01-06,14,3.16,250.83,1348.24,48.05,0,1151.33,218.41,7.24,0
37,2012-01-13,13,3.26,1534.85,581.46,31.07,0,820.26,218.58,7.24,0
37,2012-01-20,15,3.27,366.42,313.91,27.94,0,344.84,218.68,7.24,0
37,2012-01-27,17,3.29,186.28,27.75,33,0,323.83,218.77,7.24,0
37,2012-02-03,16,3.36,1416.62,11.62,93.34,132.22,1757.37,218.86,7.24,0
37,2012-02-10,12,3.41,264.34,3,40.01,0,2147.95,218.96,7.24,1
37,2012-02-17,12,3.51,1173.99,593.1,2.86,0,1372.2,219.11,7.24,0
37,2012-02-24,17,3.56,141.18,282.22,0,0,739.65,219.32,7.24,0
37,2012-03-02,18,3.63,892.47,18.92,2.9,0,3369.86,219.53,7.24,0
37,2012-03-09,17,3.67,1024.83,2,10.7,0,2304.93,219.74,7.24,0
37,2012-03-16,20,3.73,109.13,4.5,2.38,0,563.61,219.90,7.24,0
37,2012-03-23,21,3.79,460.73,0,0.68,0,1560.28,219.97,7.24,0
37,2012-03-30,21,3.85,41.95,0.5,0,0,619.87,220.05,7.24,0
37,2012-04-06,23,3.89,16.33,0,24.05,0,2119.5,220.12,6.99,0
37,2012-04-13,23,3.89,303.63,621.72,1.9,0,2429.1,220.20,6.99,0
37,2012-04-20,22,3.88,125,32.57,6.3,0,3201.88,220.25,6.99,0
37,2012-04-27,21,3.81,259.23,0,7.58,0,861.14,220.30,6.99,0
37,2012-05-04,25,3.75,276.27,0,14.9,0,671.64,220.35,6.99,0
37,2012-05-11,25,3.69,333.98,0,0.7,0,1500.11,220.41,6.99,0
37,2012-05-18,23,3.63,391.4,0,0,0,1697.98,220.43,6.99,0
37,2012-05-25,26,3.56,0,0,0,0,706.18,220.43,6.99,0
37,2012-06-01,27,3.50,57.81,0,0,0,1268.73,220.43,6.99,0
37,2012-06-08,28,3.45,349.22,0,14.4,0,769.34,220.44,6.99,0
37,2012-06-15,28,3.39,255.38,0,4.51,0,3027.4,220.45,6.99,0
37,2012-06-22,27,3.35,277.33,0,0,0,1269.26,220.49,6.99,0
37,2012-06-29,30,3.29,165.32,0,0,0,1989.84,220.53,6.99,0
37,2012-07-06,28,3.23,259.87,0,9.27,0,1155.93,220.57,6.62,0
37,2012-07-13,26,3.26,170.2,0,1.23,0,1270.54,220.61,6.62,0
37,2012-07-20,28,3.31,67.7,0,3.97,0,1634.33,220.61,6.62,0
37,2012-07-27,29,3.41,22.21,0,0.93,0,705.33,220.62,6.62,0
37,2012-08-03,30,3.42,0,0,17.58,0,683.58,220.63,6.62,0
37,2012-08-10,29,3.49,509.88,0,23.22,25.74,3183.91,220.64,6.62,0
37,2012-08-17,30,3.57,170.08,0,13.16,0,792.21,220.72,6.62,0
37,2012-08-24,27,3.62,247.17,0,23.9,0,2285.83,220.85,6.62,0
37,2012-08-31,29,3.64,0,0,12.12,0,540.98,220.99,6.62,0
37,2012-09-07,29,3.73,319.93,0,251.31,354.73,2145.98,221.12,6.62,1
37,2012-09-14,26,3.72,740.77,0,32.02,123.04,1617.03,221.26,6.62,0
37,2012-09-21,24,3.72,241.47,0,0,0,2143.91,221.46,6.62,0
37,2012-09-28,26,3.67,59.61,0,0,0,722.92,221.66,6.62,0
37,2012-10-05,23,3.62,126.94,0,2.02,0,1451.99,221.85,6.23,0
37,2012-10-12,22,3.60,32.97,0,4.92,0,2083.7,222.05,6.23,0
37,2012-10-19,23,3.59,121.25,0,6.6,0,888.9,222.10,6.23,0
37,2012-10-26,24,3.51,19.54,5.22,1.55,0,1891.77,222.11,6.23,0
37,2012-11-02,17,3.39,74.74,293.84,17.5,0,798.26,222.13,6.23,0
37,2012-11-09,20,3.31,450.11,679.91,1.29,0,892.4,222.15,6.23,0
37,2012-11-16,16,3.25,412.15,3.36,15.84,0,1249.82,222.18,6.23,0
37,2012-11-23,16,3.21,12.99,0,6.34,0,114.25,222.23,6.23,1
37,2012-11-30,15,3.21,274.14,0,0,13.86,856.38,222.28,6.23,0
37,2012-12-07,20,3.20,235.43,0,14.5,0,829.18,222.33,6.23,0
37,2012-12-14,14,3.17,480.96,0,9,1.89,1088.08,222.38,6.23,0
37,2012-12-21,17,3.10,953.39,0,50.87,0,633.11,222.50,6.23,0
37,2012-12-28,13,3.11,571.86,1339.38,18.43,1.56,1271.03,222.62,6.23,1
37,2013-01-04,9,3.16,549.39,653.58,3.32,0,757.64,222.74,6.27,0
37,2013-01-11,12,3.24,671.37,479.35,0.12,0,715.85,222.86,6.27,0
37,2013-01-18,10,3.24,345.9,156.13,0,36.85,1217.41,222.90,6.27,0
37,2013-01-25,14,3.23,24.85,66.8,0,0,478.81,222.90,6.27,0
37,2013-02-01,17,3.24,213.76,12.81,15.1,0,1063.6,222.91,6.27,0
37,2013-02-08,17,3.42,2540.27,11.11,7.64,286.85,2605.56,222.91,6.27,1
37,2013-02-15,14,3.48,1008.1,322.84,0.3,0,1113.56,222.95,6.27,0
37,2013-02-22,15,3.60,672.93,76.42,0,11,1181.49,223.09,6.27,0
37,2013-03-01,13,3.71,555.78,0,0,0,1623,223.24,6.27,0
37,2013-03-08,14,3.66,918.59,0,46.91,67.88,1902.37,223.38,6.27,0
37,2013-03-15,15,3.62,257.13,0,6.48,0,946.72,223.51,6.27,0
37,2013-03-22,20,3.61,744.35,0,0,14.28,1689.33,223.59,6.27,0
37,2013-03-29,15,3.61,442.66,0,8.94,0,2037.82,223.67,6.27,0
37,2013-04-05,18,3.58,1062.56,397.97,17.3,0,1922.71,223.75,6.14,0
37,2013-04-12,19,3.53,427.78,11.37,2.78,0,923.12,223.84,6.14,0
37,2013-04-19,21,3.45,473.15,0,0,0,3060,223.84,6.14,0
37,2013-04-26,18,3.42,242.31,0,0,0,1944.03,223.84,6.14,0
37,2013-05-03,21,3.39,17.01,0,52.75,0,1080.43,NULL,NULL,0
37,2013-05-10,20,3.39,564.62,0,21.33,0,1835.48,NULL,NULL,0
37,2013-05-17,23,3.45,463.2,0,2.18,0,2343.91,NULL,NULL,0
37,2013-05-24,27,3.49,163.95,0,52.21,0,1090.65,NULL,NULL,0
37,2013-05-31,27,3.47,256.57,0,25.73,0,1018.23,NULL,NULL,0
37,2013-06-07,27,3.44,46.44,0,5.33,0,1432.98,NULL,NULL,0
37,2013-06-14,27,3.43,171.5,0,5.45,0,413.02,NULL,NULL,0
37,2013-06-21,29,3.48,43.77,0,0.96,0,1580.82,NULL,NULL,0
37,2013-06-28,29,3.50,1312.02,0,0,0,2185.54,NULL,NULL,0
37,2013-07-05,29,3.42,20.84,0,127.83,0,1335.22,NULL,NULL,0
37,2013-07-12,29,3.40,75.65,17.79,8.47,0,1264,NULL,NULL,0
37,2013-07-19,27,3.56,100.53,11.86,8.31,0,1346.17,NULL,NULL,0
37,2013-07-26,28,3.62,178,11.86,0,0,779.32,NULL,NULL,0
38,2010-02-05,10,2.96,0,0,0,0,0,126.44,13.98,0
38,2010-02-12,9,2.95,0,0,0,0,0,126.50,13.98,1
38,2010-02-19,13,2.92,0,0,0,0,0,126.53,13.98,0
38,2010-02-26,10,2.83,0,0,0,0,0,126.55,13.98,0
38,2010-03-05,12,2.99,0,0,0,0,0,126.58,13.98,0
38,2010-03-12,10,2.93,0,0,0,0,0,126.60,13.98,0
38,2010-03-19,15,3.05,0,0,0,0,0,126.61,13.98,0
38,2010-03-26,16,3.08,0,0,0,0,0,126.61,13.98,0
38,2010-04-02,15,3.09,0,0,0,0,0,126.60,14.10,0
38,2010-04-09,15,3.09,0,0,0,0,0,126.60,14.10,0
38,2010-04-16,18,3.11,0,0,0,0,0,126.56,14.10,0
38,2010-04-23,18,3.05,0,0,0,0,0,126.47,14.10,0
38,2010-04-30,20,3.11,0,0,0,0,0,126.38,14.10,0
38,2010-05-07,21,3.13,0,0,0,0,0,126.29,14.10,0
38,2010-05-14,20,3.15,0,0,0,0,0,126.21,14.10,0
38,2010-05-21,25,3.12,0,0,0,0,0,126.18,14.10,0
38,2010-05-28,20,3.06,0,0,0,0,0,126.16,14.10,0
38,2010-06-04,27,2.94,0,0,0,0,0,126.14,14.10,0
38,2010-06-11,33,2.95,0,0,0,0,0,126.11,14.10,0
38,2010-06-18,27,3.04,0,0,0,0,0,126.11,14.10,0
38,2010-06-25,31,3.08,0,0,0,0,0,126.13,14.10,0
38,2010-07-02,33,3.11,0,0,0,0,0,126.14,14.18,0
38,2010-07-09,32,3.10,0,0,0,0,0,126.15,14.18,0
38,2010-07-16,36,3.09,0,0,0,0,0,126.15,14.18,0
38,2010-07-23,37,3.11,0,0,0,0,0,126.13,14.18,0
38,2010-07-30,36,3.02,0,0,0,0,0,126.11,14.18,0
38,2010-08-06,34,3.12,0,0,0,0,0,126.09,14.18,0
38,2010-08-13,31,3.16,0,0,0,0,0,126.06,14.18,0
38,2010-08-20,34,3.04,0,0,0,0,0,126.08,14.18,0
38,2010-08-27,34,3.13,0,0,0,0,0,126.09,14.18,0
38,2010-09-03,28,3.09,0,0,0,0,0,126.10,14.18,0
38,2010-09-10,29,3.04,0,0,0,0,0,126.11,14.18,1
38,2010-09-17,28,3.03,0,0,0,0,0,126.15,14.18,0
38,2010-09-24,28,2.94,0,0,0,0,0,126.19,14.18,0
38,2010-10-01,30,3.00,0,0,0,0,0,126.23,14.31,0
38,2010-10-08,22,3.01,0,0,0,0,0,126.28,14.31,0
38,2010-10-15,24,2.98,0,0,0,0,0,126.33,14.31,0
38,2010-10-22,20,3.01,0,0,0,0,0,126.38,14.31,0
38,2010-10-29,16,3.02,0,0,0,0,0,126.44,14.31,0
38,2010-11-05,19,3.13,0,0,0,0,0,126.49,14.31,0
38,2010-11-12,14,3.13,0,0,0,0,0,126.55,14.31,0
38,2010-11-19,15,3.16,0,0,0,0,0,126.61,14.31,0
38,2010-11-26,9,3.16,0,0,0,0,0,126.67,14.31,1
38,2010-12-03,6,3.04,0,0,0,0,0,126.73,14.31,0
38,2010-12-10,10,3.20,0,0,0,0,0,126.79,14.31,0
38,2010-12-17,12,3.24,0,0,0,0,0,126.88,14.31,0
38,2010-12-24,11,3.24,0,0,0,0,0,126.98,14.31,0
38,2010-12-31,8,3.15,0,0,0,0,0,127.09,14.31,1
38,2011-01-07,3,3.29,0,0,0,0,0,127.19,14.02,0
38,2011-01-14,6,3.31,0,0,0,0,0,127.30,14.02,0
38,2011-01-21,12,3.22,0,0,0,0,0,127.44,14.02,0
38,2011-01-28,10,3.34,0,0,0,0,0,127.58,14.02,0
38,2011-02-04,7,3.35,0,0,0,0,0,127.72,14.02,0
38,2011-02-11,11,3.38,0,0,0,0,0,127.86,14.02,1
38,2011-02-18,12,3.43,0,0,0,0,0,128.00,14.02,0
38,2011-02-25,9,3.53,0,0,0,0,0,128.13,14.02,0
38,2011-03-04,11,3.67,0,0,0,0,0,128.26,14.02,0
38,2011-03-11,14,3.82,0,0,0,0,0,128.40,14.02,0
38,2011-03-18,18,3.69,0,0,0,0,0,128.51,14.02,0
38,2011-03-25,12,3.91,0,0,0,0,0,128.62,14.02,0
38,2011-04-01,18,3.77,0,0,0,0,0,128.72,13.74,0
38,2011-04-08,18,4.00,0,0,0,0,0,128.82,13.74,0
38,2011-04-15,14,3.87,0,0,0,0,0,128.91,13.74,0
38,2011-04-22,22,4.13,0,0,0,0,0,128.96,13.74,0
38,2011-04-29,20,4.15,0,0,0,0,0,129.00,13.74,0
38,2011-05-06,20,4.19,0,0,0,0,0,129.04,13.74,0
38,2011-05-13,22,4.20,0,0,0,0,0,129.09,13.74,0
38,2011-05-20,19,4.17,0,0,0,0,0,129.08,13.74,0
38,2011-05-27,25,4.09,0,0,0,0,0,129.06,13.74,0
38,2011-06-03,22,4.03,0,0,0,0,0,129.05,13.74,0
38,2011-06-10,26,3.98,0,0,0,0,0,129.04,13.74,0
38,2011-06-17,30,3.94,0,0,0,0,0,129.04,13.74,0
38,2011-06-24,32,3.90,0,0,0,0,0,129.07,13.74,0
38,2011-07-01,32,3.84,0,0,0,0,0,129.09,13.50,0
38,2011-07-08,32,3.71,0,0,0,0,0,129.11,13.50,0
38,2011-07-15,31,3.69,0,0,0,0,0,129.13,13.50,0
38,2011-07-22,33,3.79,0,0,0,0,0,129.15,13.50,0
38,2011-07-29,34,3.81,0,0,0,0,0,129.17,13.50,0
38,2011-08-05,33,3.80,0,0,0,0,0,129.18,13.50,0
38,2011-08-12,33,3.70,0,0,0,0,0,129.20,13.50,0
38,2011-08-19,33,3.74,0,0,0,0,0,129.24,13.50,0
38,2011-08-26,35,3.74,0,0,0,0,0,129.28,13.50,0
38,2011-09-02,34,3.80,0,0,0,0,0,129.33,13.50,0
38,2011-09-09,31,3.91,0,0,0,0,0,129.37,13.50,1
38,2011-09-16,25,3.92,0,0,0,0,0,129.43,13.50,0
38,2011-09-23,28,3.79,0,0,0,0,0,129.52,13.50,0
38,2011-09-30,28,3.88,0,0,0,0,0,129.61,13.50,0
38,2011-10-07,21,3.83,0,0,0,0,0,129.69,12.89,0
38,2011-10-14,20,3.81,0,0,0,0,0,129.77,12.89,0
38,2011-10-21,23,3.84,0,0,0,0,0,129.78,12.89,0
38,2011-10-28,20,3.73,0,0,0,0,0,129.79,12.89,0
38,2011-11-04,15,3.83,0,0,0,0,0,129.81,12.89,0
38,2011-11-11,9,3.82,149.19,691.41,6.05,0,1571.53,129.82,12.89,0
38,2011-11-18,12,3.81,27.61,8.22,1.32,0,2034.39,129.83,12.89,0
38,2011-11-25,12,3.62,17.17,0,5.26,0,615.68,129.84,12.89,1
38,2011-12-02,11,3.70,22.15,0,2.35,0,1889.95,129.85,12.89,0
38,2011-12-09,6,3.64,61.05,0,2.44,0,1589.34,129.86,12.89,0
38,2011-12-16,6,3.60,152.89,0,0,2.28,766.96,129.90,12.89,0
38,2011-12-23,7,3.54,59.23,0,0.6,0,1588.1,129.98,12.89,0
38,2011-12-30,7,3.43,353.07,1926.94,0,25.2,770.38,130.07,12.89,1
38,2012-01-06,10,3.60,9.61,2765.45,56.96,0,560.58,130.16,12.19,0
38,2012-01-13,9,3.66,1129.45,125.33,31.85,0,1101.74,130.24,12.19,0
38,2012-01-20,8,3.66,465.73,17.03,28.02,0,1397.31,130.28,12.19,0
38,2012-01-27,10,3.68,24.1,4.47,29.12,0,2271.88,130.31,12.19,0
38,2012-02-03,10,3.70,2428.47,6.57,52.66,161.71,2606.06,130.35,12.19,0
38,2012-02-10,11,3.72,518.25,11.21,37.01,3.97,1200.97,130.38,12.19,1
38,2012-02-17,11,3.78,647.57,580.69,5.72,2,2761.19,130.45,12.19,0
38,2012-02-24,12,3.95,102.49,328.86,0,2.86,2435.31,130.55,12.19,0
38,2012-03-02,11,4.18,1895.3,5.9,3.93,68.88,3186.15,130.65,12.19,0
38,2012-03-09,13,4.25,425.97,1.8,0,25.6,1751.92,130.74,12.19,0
38,2012-03-16,18,4.27,480.19,0.5,1.02,0,1158.07,130.83,12.19,0
38,2012-03-23,13,4.04,301.53,0,2.04,0,1599.86,130.90,12.19,0
38,2012-03-30,18,4.29,212.26,0.5,0,28.77,1121.52,130.97,12.19,0
38,2012-04-06,18,4.12,24.75,0,10.47,0,1495.97,131.04,11.63,0
38,2012-04-13,18,4.25,59.68,696.42,12.37,17.82,1410.31,131.11,11.63,0
38,2012-04-20,19,4.22,1307.69,5.67,5.6,140.87,1255.59,131.12,11.63,0
38,2012-04-27,26,4.19,439.84,0,2.83,0,1244.18,131.13,11.63,0
38,2012-05-04,24,4.17,84.67,0,13.06,0,2346.63,131.14,11.63,0
38,2012-05-11,25,4.19,930.96,0,3.2,0,2105.16,131.15,11.63,0
38,2012-05-18,29,4.11,219.38,0,0,0,1472.86,131.10,11.63,0
38,2012-05-25,29,4.29,452.9,0,0.5,0,1668.88,131.03,11.63,0
38,2012-06-01,26,4.28,65.36,0,0.6,0,886.6,130.96,11.63,0
38,2012-06-08,29,4.10,491.31,0,11.8,0,1999.19,130.89,11.63,0
38,2012-06-15,30,4.14,635.42,0,0.13,0,1800.18,130.83,11.63,0
38,2012-06-22,33,4.01,576,0,0,0,2241.95,130.79,11.63,0
38,2012-06-29,32,3.88,350.56,0,0,26.87,1447.29,130.76,11.63,0
38,2012-07-06,32,3.77,404.49,0,4.05,0,1132.08,130.72,10.93,0
38,2012-07-13,35,3.72,609.49,0,2.05,0,752.29,130.68,10.93,0
38,2012-07-20,30,3.73,75.04,0,0.19,0,1281.95,130.70,10.93,0
38,2012-07-27,34,3.77,0.27,0,0,0,1622.77,130.72,10.93,0
38,2012-08-03,31,3.76,525.42,0,16.93,49.05,1689.86,130.74,10.93,0
38,2012-08-10,36,3.81,193.46,0,4.78,45.18,1781.51,130.76,10.93,0
38,2012-08-17,35,4.00,244.09,0,5.14,11.22,2519.9,130.79,10.93,0
38,2012-08-24,30,4.06,301.06,0,40,0.78,1424.7,130.84,10.93,0
38,2012-08-31,32,4.09,489.03,0,28.64,334.12,1760.26,130.89,10.93,0
38,2012-09-07,31,4.12,524.4,0,147.32,5.88,2457.97,130.93,10.93,1
38,2012-09-14,29,4.13,1047.05,0,15.47,0,2276.08,130.98,10.93,0
38,2012-09-21,28,4.13,192.78,0,0,1.5,2251.8,131.01,10.93,0
38,2012-09-28,27,3.97,201.62,0,0,29.21,802.5,131.04,10.93,0
38,2012-10-05,28,3.97,266.02,0,6,0,1830.67,131.08,10.20,0
38,2012-10-12,22,4.47,202.43,0,8.66,0.22,700.92,131.11,10.20,0
38,2012-10-19,20,4.45,314.73,0,9.24,0,388.28,131.15,10.20,0
38,2012-10-26,19,4.30,148.32,6.73,3.05,0,344.78,131.19,10.20,0
38,2012-11-02,17,4.10,139.06,245.48,9.95,0,1014.35,131.24,10.20,0
38,2012-11-09,19,3.95,478.58,860.47,1,0.78,1159.7,131.28,10.20,0
38,2012-11-16,10,3.83,805.64,0,179.64,0.22,1520.87,131.33,10.20,0
38,2012-11-23,14,3.76,20.24,0,4.1,0,694.05,131.38,10.20,1
38,2012-11-30,14,3.58,213.32,0,0,0.63,1462.35,131.43,10.20,0
38,2012-12-07,14,3.67,68.01,0,2,0,966.79,131.48,10.20,0
38,2012-12-14,10,3.47,457.66,0,0.28,0,743.15,131.54,10.20,0
38,2012-12-21,6,3.39,962.45,0,5.77,0,1743.96,131.64,10.20,0
38,2012-12-28,6,3.48,1328.51,1297.28,-0.73,41.34,774.32,131.75,10.20,1
38,2013-01-04,4,3.51,467.08,641.95,10.02,0,1678.8,131.85,9.91,0
38,2013-01-11,7,3.54,161.03,277.88,1.39,0,981.09,131.96,9.91,0
38,2013-01-18,2,3.55,512.83,14.57,0,0,1810.79,132.03,9.91,0
38,2013-01-25,10,3.34,23.27,13.22,0,0,769.41,132.09,9.91,0
38,2013-02-01,10,3.60,309.46,4.65,18.5,1.92,930.85,132.15,9.91,0
38,2013-02-08,13,3.80,5631.57,6.14,7.34,34.21,1999.05,132.22,9.91,1
38,2013-02-15,8,3.92,792.76,300.95,0.24,0,1335.23,132.27,9.91,0
38,2013-02-22,10,4.03,2140.48,254.02,0,3,922.04,132.32,9.91,0
38,2013-03-01,9,4.11,423.71,0,0,0,1458.41,132.37,9.91,0
38,2013-03-08,16,3.87,517,0,51.29,90.7,2663.94,132.42,9.91,0
38,2013-03-15,17,4.10,291.37,0,7.57,0,736.95,132.47,9.91,0
38,2013-03-22,20,4.06,652.66,0,0,0,1207.66,132.53,9.91,0
38,2013-03-29,17,4.02,474.52,0,10.32,0,582.77,132.59,9.91,0
38,2013-04-05,21,4.00,865.66,1240.67,17.14,0,2015.3,132.65,9.87,0
38,2013-04-12,19,3.98,1227.74,945.83,7.01,0,902.23,132.72,9.87,0
38,2013-04-19,18,3.76,289.61,0,0,0,728.39,132.72,9.87,0
38,2013-04-26,22,3.89,150.95,0,0,0,2117.1,132.72,9.87,0
38,2013-05-03,25,3.67,109,0,24.21,0,1279.56,NULL,NULL,0
38,2013-05-10,21,3.69,806.8,0,9.56,233.17,1265.42,NULL,NULL,0
38,2013-05-17,29,3.81,436.08,0,0.72,0,1327.32,NULL,NULL,0
38,2013-05-24,25,3.84,234.31,0,9.1,0,978.31,NULL,NULL,0
38,2013-05-31,27,3.83,516.29,0,3.55,0,1848.62,NULL,NULL,0
38,2013-06-07,32,3.79,18.2,0,3.75,0,1373.57,NULL,NULL,0
38,2013-06-14,33,3.77,123.18,0,5.43,0,1794.61,NULL,NULL,0
38,2013-06-21,31,3.77,238.17,0,1.7,0,1075.17,NULL,NULL,0
38,2013-06-28,32,3.78,805.2,0,0,0,1671.37,NULL,NULL,0
38,2013-07-05,39,3.75,29.54,0,265.53,0,1025.77,NULL,NULL,0
38,2013-07-12,34,3.74,109.65,0,82.51,0,845.94,NULL,NULL,0
38,2013-07-19,34,3.82,108.8,0,3.54,0,1997.93,NULL,NULL,0
38,2013-07-26,32,3.87,73.7,0,16.9,0,423.05,NULL,NULL,0
39,2010-02-05,7,2.57,0,0,0,0,0,209.85,8.55,0
39,2010-02-12,7,2.55,0,0,0,0,0,210.00,8.55,1
39,2010-02-19,7,2.51,0,0,0,0,0,210.05,8.55,0
39,2010-02-26,10,2.56,0,0,0,0,0,210.08,8.55,0
39,2010-03-05,11,2.63,0,0,0,0,0,210.11,8.55,0
39,2010-03-12,17,2.67,0,0,0,0,0,210.14,8.55,0
39,2010-03-19,15,2.72,0,0,0,0,0,209.98,8.55,0
39,2010-03-26,13,2.73,0,0,0,0,0,209.79,8.55,0
39,2010-04-02,17,2.72,0,0,0,0,0,209.59,8.46,0
39,2010-04-09,20,2.77,0,0,0,0,0,209.40,8.46,0
39,2010-04-16,19,2.81,0,0,0,0,0,209.27,8.46,0
39,2010-04-23,20,2.80,0,0,0,0,0,209.22,8.46,0
39,2010-04-30,21,2.78,0,0,0,0,0,209.17,8.46,0
39,2010-05-07,24,2.84,0,0,0,0,0,209.12,8.46,0
39,2010-05-14,25,2.85,0,0,0,0,0,209.12,8.46,0
39,2010-05-21,25,2.83,0,0,0,0,0,209.39,8.46,0
39,2010-05-28,27,2.76,0,0,0,0,0,209.67,8.46,0
39,2010-06-04,27,2.71,0,0,0,0,0,209.94,8.46,0
39,2010-06-11,28,2.67,0,0,0,0,0,210.21,8.46,0
39,2010-06-18,29,2.64,0,0,0,0,0,210.21,8.46,0
39,2010-06-25,28,2.65,0,0,0,0,0,210.10,8.46,0
39,2010-07-02,27,2.67,0,0,0,0,0,209.98,8.36,0
39,2010-07-09,27,2.64,0,0,0,0,0,209.87,8.36,0
39,2010-07-16,29,2.62,0,0,0,0,0,209.86,8.36,0
39,2010-07-23,28,2.61,0,0,0,0,0,210.00,8.36,0
39,2010-07-30,27,2.64,0,0,0,0,0,210.13,8.36,0
39,2010-08-06,29,2.63,0,0,0,0,0,210.26,8.36,0
39,2010-08-13,30,2.69,0,0,0,0,0,210.39,8.36,0
39,2010-08-20,30,2.66,0,0,0,0,0,210.36,8.36,0
39,2010-08-27,29,2.62,0,0,0,0,0,210.33,8.36,0
39,2010-09-03,28,2.58,0,0,0,0,0,210.30,8.36,0
39,2010-09-10,27,2.57,0,0,0,0,0,210.26,8.36,1
39,2010-09-17,28,2.58,0,0,0,0,0,210.29,8.36,0
39,2010-09-24,26,2.62,0,0,0,0,0,210.37,8.36,0
39,2010-10-01,23,2.60,0,0,0,0,0,210.44,8.48,0
39,2010-10-08,18,2.63,0,0,0,0,0,210.51,8.48,0
39,2010-10-15,21,2.72,0,0,0,0,0,210.58,8.48,0
39,2010-10-22,22,2.73,0,0,0,0,0,210.63,8.48,0
39,2010-10-29,24,2.72,0,0,0,0,0,210.67,8.48,0
39,2010-11-05,16,2.69,0,0,0,0,0,210.72,8.48,0
39,2010-11-12,17,2.73,0,0,0,0,0,210.77,8.48,0
39,2010-11-19,13,2.77,0,0,0,0,0,210.65,8.48,0
39,2010-11-26,20,2.74,0,0,0,0,0,210.52,8.48,1
39,2010-12-03,12,2.71,0,0,0,0,0,210.38,8.48,0
39,2010-12-10,10,2.84,0,0,0,0,0,210.24,8.48,0
39,2010-12-17,13,2.87,0,0,0,0,0,210.18,8.48,0
39,2010-12-24,15,2.89,0,0,0,0,0,210.18,8.48,0
39,2010-12-31,11,2.94,0,0,0,0,0,210.18,8.48,1
39,2011-01-07,12,2.98,0,0,0,0,0,210.18,8.40,0
39,2011-01-14,5,2.98,0,0,0,0,0,210.24,8.40,0
39,2011-01-21,10,3.02,0,0,0,0,0,210.60,8.40,0
39,2011-01-28,9,3.01,0,0,0,0,0,210.97,8.40,0
39,2011-02-04,8,2.99,0,0,0,0,0,211.33,8.40,0
39,2011-02-11,5,3.02,0,0,0,0,0,211.70,8.40,1
39,2011-02-18,15,3.05,0,0,0,0,0,212.01,8.40,0
39,2011-02-25,20,3.07,0,0,0,0,0,212.29,8.40,0
39,2011-03-04,18,3.29,0,0,0,0,0,212.58,8.40,0
39,2011-03-11,15,3.46,0,0,0,0,0,212.86,8.40,0
39,2011-03-18,18,3.49,0,0,0,0,0,213.11,8.40,0
39,2011-03-25,22,3.47,0,0,0,0,0,213.34,8.40,0
39,2011-04-01,19,3.52,0,0,0,0,0,213.58,8.30,0
39,2011-04-08,21,3.62,0,0,0,0,0,213.81,8.30,0
39,2011-04-15,23,3.74,0,0,0,0,0,214.03,8.30,0
39,2011-04-22,24,3.81,0,0,0,0,0,214.19,8.30,0
39,2011-04-29,25,3.81,0,0,0,0,0,214.36,8.30,0
39,2011-05-06,20,3.91,0,0,0,0,0,214.52,8.30,0
39,2011-05-13,25,3.90,0,0,0,0,0,214.69,8.30,0
39,2011-05-20,23,3.91,0,0,0,0,0,214.47,8.30,0
39,2011-05-27,28,3.79,0,0,0,0,0,214.24,8.30,0
39,2011-06-03,29,3.70,0,0,0,0,0,214.02,8.30,0
39,2011-06-10,28,3.65,0,0,0,0,0,213.79,8.30,0
39,2011-06-17,30,3.64,0,0,0,0,0,213.75,8.30,0
39,2011-06-24,29,3.59,0,0,0,0,0,213.84,8.30,0
39,2011-07-01,29,3.52,0,0,0,0,0,213.93,8.18,0
39,2011-07-08,29,3.48,0,0,0,0,0,214.02,8.18,0
39,2011-07-15,30,3.58,0,0,0,0,0,214.11,8.18,0
39,2011-07-22,29,3.65,0,0,0,0,0,214.17,8.18,0
39,2011-07-29,30,3.68,0,0,0,0,0,214.23,8.18,0
39,2011-08-05,31,3.68,0,0,0,0,0,214.30,8.18,0
39,2011-08-12,31,3.64,0,0,0,0,0,214.36,8.18,0
39,2011-08-19,31,3.55,0,0,0,0,0,214.42,8.18,0
39,2011-08-26,30,3.52,0,0,0,0,0,214.49,8.18,0
39,2011-09-02,31,3.53,0,0,0,0,0,214.55,8.18,0
39,2011-09-09,26,3.55,0,0,0,0,0,214.62,8.18,1
39,2011-09-16,28,3.53,0,0,0,0,0,214.79,8.18,0
39,2011-09-23,26,3.47,0,0,0,0,0,215.12,8.18,0
39,2011-09-30,28,3.36,0,0,0,0,0,215.45,8.18,0
39,2011-10-07,22,3.29,0,0,0,0,0,215.78,7.72,0
39,2011-10-14,23,3.27,0,0,0,0,0,216.09,7.72,0
39,2011-10-21,20,3.35,0,0,0,0,0,216.25,7.72,0
39,2011-10-28,22,3.37,0,0,0,0,0,216.41,7.72,0
39,2011-11-04,14,3.33,0,0,0,0,0,216.56,7.72,0
39,2011-11-11,17,3.30,8894.84,10678.05,342.83,2414.95,10590.23,216.72,7.72,0
39,2011-11-18,19,3.31,3378.96,215.22,162.51,486.32,6941.94,216.94,7.72,0
39,2011-11-25,19,3.24,224.08,292.94,77126.16,77.74,4875.43,217.18,7.72,1
39,2011-12-02,12,3.17,2966.71,59.47,2100.01,3614.81,18646.29,217.42,7.72,0
39,2011-12-09,10,3.16,4462.95,0,292.36,1354.79,22649.7,217.66,7.72,0
39,2011-12-16,15,3.16,873.38,15.15,505.72,650.86,6904.19,217.88,7.72,0
39,2011-12-23,13,3.11,3099.34,16.14,1339.1,213.49,4911.65,218.05,7.72,0
39,2011-12-30,9,3.13,5363.52,53918.62,193.95,383.85,8337.7,218.23,7.72,1
39,2012-01-06,13,3.16,4525.51,23319.85,120.18,117.6,9638.2,218.41,7.24,0
39,2012-01-13,13,3.26,7924.93,13698.33,83.04,477.43,10488.23,218.58,7.24,0
39,2012-01-20,14,3.27,919.82,4005.7,90.56,525.75,1798.51,218.68,7.24,0
39,2012-01-27,16,3.29,1119.34,2578.64,82.5,4,1647.3,218.77,7.24,0
39,2012-02-03,16,3.36,44153.98,1873.54,228.69,31484.58,24354.2,218.86,7.24,0
39,2012-02-10,12,3.41,6997.37,1891.53,115.26,7093.82,9198.59,218.96,7.24,1
39,2012-02-17,12,3.51,15632.4,6962.91,24.9,6631.5,23647.05,219.11,7.24,0
39,2012-02-24,16,3.56,7826.68,6839.78,2,983.61,10296.01,219.32,7.24,0
39,2012-03-02,18,3.63,22838.35,998.95,7.2,5781.24,12907.82,219.53,7.24,0
39,2012-03-09,16,3.67,5772.82,286.18,3.57,735.05,28766.27,219.74,7.24,0
39,2012-03-16,19,3.73,4150.56,184.15,6.24,1947.25,13451.44,219.90,7.24,0
39,2012-03-23,20,3.79,4355.72,91.37,4.08,305.89,3682.22,219.97,7.24,0
39,2012-03-30,21,3.85,8547.51,93.82,0,998.98,15532.43,220.05,7.24,0
39,2012-04-06,23,3.89,9057.89,0,46.4,3572.95,15694.32,220.12,6.99,0
39,2012-04-13,22,3.89,5032.34,3521.71,15.9,1241.57,10538.44,220.20,6.99,0
39,2012-04-20,21,3.88,5206.6,207.27,0.2,318.73,5241.86,220.25,6.99,0
39,2012-04-27,21,3.81,5821.79,0,-0.2,164.58,8663.37,220.30,6.99,0
39,2012-05-04,25,3.75,15959.12,0,30.12,3483.71,12856.15,220.35,6.99,0
39,2012-05-11,24,3.69,8891.08,0,8.34,4182.79,3506.41,220.41,6.99,0
39,2012-05-18,22,3.63,6962.99,0,7,2166.87,18547.03,220.43,6.99,0
39,2012-05-25,26,3.56,10926.02,0,967.95,1983.54,6579.15,220.43,6.99,0
39,2012-06-01,27,3.50,8200.12,5.8,64.71,1772.73,9316.5,220.43,6.99,0
39,2012-06-08,27,3.45,9356.4,351.8,0.24,1857.12,11870.68,220.44,6.99,0
39,2012-06-15,27,3.39,8270.46,76.4,0.06,3324.17,25107.85,220.45,6.99,0
39,2012-06-22,27,3.35,7354.18,244,0.99,2788.54,53212.72,220.49,6.99,0
39,2012-06-29,30,3.29,4579.58,238.8,0,725.41,85851.87,220.53,6.99,0
39,2012-07-06,27,3.23,11507.92,254.4,90.79,5163.63,108519.28,220.57,6.62,0
39,2012-07-13,26,3.26,4989.73,125.2,15.75,3398.73,105223.11,220.61,6.62,0
39,2012-07-20,27,3.31,6182.24,246.4,31.54,5087.21,63005.58,220.61,6.62,0
39,2012-07-27,28,3.41,1476.42,77.44,7.24,1008.3,35419.19,220.62,6.62,0
39,2012-08-03,29,3.42,25778.96,173.2,51.52,24900.66,4573.34,220.63,6.62,0
39,2012-08-10,29,3.49,13884.35,122,112.9,4259.15,10223.2,220.64,6.62,0
39,2012-08-17,29,3.57,2549.92,133.06,2.33,4623.71,4609.77,220.72,6.62,0
39,2012-08-24,27,3.62,6741.36,81.74,0.02,4657.6,13783.29,220.85,6.62,0
39,2012-08-31,29,3.64,24675.17,73.5,63.4,12048.3,15590.53,220.99,6.62,0
39,2012-09-07,29,3.73,22865.19,31.76,197.48,1883.05,10351.49,221.12,6.62,1
39,2012-09-14,25,3.72,9997.12,4,67.58,1208.44,18054.35,221.26,6.62,0
39,2012-09-21,23,3.72,11644.3,112.91,6.7,3300.92,13244.99,221.46,6.62,0
39,2012-09-28,26,3.67,4472.55,50.82,4.25,2331.3,10273.98,221.66,6.62,0
39,2012-10-05,22,3.62,6657.7,0,47.01,5234.34,6313.88,221.85,6.23,0
39,2012-10-12,21,3.60,2360.14,0,22.59,579.21,15387.94,222.05,6.23,0
39,2012-10-19,22,3.59,2139.7,0,1.6,99.01,11831.06,222.10,6.23,0
39,2012-10-26,23,3.51,6057.96,99.85,159,602.37,3392.16,222.11,6.23,0
39,2012-11-02,15,3.39,9892.4,5275.34,78.2,3803.94,6234.92,222.13,6.23,0
39,2012-11-09,19,3.31,18333.07,6960.72,1.18,3460.54,6471.54,222.15,6.23,0
39,2012-11-16,15,3.25,7234.65,250.61,120.12,788.31,12950.54,222.18,6.23,0
39,2012-11-23,15,3.21,5598.01,9.69,109976.14,614,8803.56,222.23,6.23,1
39,2012-11-30,15,3.21,2630.69,0,3426.72,107.26,4697.05,222.28,6.23,0
39,2012-12-07,20,3.20,9798.8,0,512,2262.92,15133.2,222.33,6.23,0
39,2012-12-14,13,3.17,2645.91,0,276.04,317.39,8830.77,222.38,6.23,0
39,2012-12-21,17,3.10,3158.68,104.92,388.19,3.96,3107.24,222.50,6.23,0
39,2012-12-28,12,3.11,12449.73,29240.11,436.2,29.21,4395.17,222.62,6.23,1
39,2013-01-04,9,3.16,3231.14,18071.9,11.28,1.47,14160.74,222.74,6.27,0
39,2013-01-11,12,3.24,4903.75,13676.23,-17.44,245.14,22400.65,222.86,6.27,0
39,2013-01-18,9,3.24,10122.01,5456.61,6.23,39.13,13030.38,222.90,6.27,0
39,2013-01-25,15,3.23,1537.56,1280.46,0,127.38,15206.77,222.90,6.27,0
39,2013-02-01,18,3.24,12983.77,1306.14,456.58,14007.38,11693.89,222.91,6.27,0
39,2013-02-08,17,3.42,66099.34,744.18,104.98,32731.31,9876.41,222.91,6.27,1
39,2013-02-15,14,3.48,26474.58,3524.05,70,5129.55,23963.38,222.95,6.27,0
39,2013-02-22,15,3.60,10278.27,8263.41,33.38,817.84,6193.88,223.09,6.27,0
39,2013-03-01,12,3.71,14296.67,865.25,7.2,673.89,6867.11,223.24,6.27,0
39,2013-03-08,13,3.66,27695.5,281.91,110.23,8238.98,9691.72,223.38,6.27,0
39,2013-03-15,15,3.62,6765.39,0,21.34,183.2,4959.3,223.51,6.27,0
39,2013-03-22,21,3.61,15913.97,0,1059,3070.72,20870.98,223.59,6.27,0
39,2013-03-29,14,3.61,8975.78,0,1141.07,306,5491.29,223.67,6.27,0
39,2013-04-05,18,3.58,20798.67,2696.7,274.31,1356.96,17474.76,223.75,6.14,0
39,2013-04-12,19,3.53,8616.47,1160.76,39.16,1756.13,2483.51,223.84,6.14,0
39,2013-04-19,20,3.45,8062.41,92.01,149.2,120.61,18599.3,223.84,6.14,0
39,2013-04-26,18,3.42,7236.84,1.49,126.4,363.23,4894.87,223.84,6.14,0
39,2013-05-03,21,3.39,31117.69,3,60.79,7944.62,6107.12,NULL,NULL,0
39,2013-05-10,20,3.39,7688.38,267.06,84.19,663.3,13170.14,NULL,NULL,0
39,2013-05-17,23,3.45,10051.98,408.88,21.86,2220,18757.28,NULL,NULL,0
39,2013-05-24,27,3.49,48629.6,635.82,1334.14,22927.49,18286.14,NULL,NULL,0
39,2013-05-31,27,3.47,46079.12,571.9,679.68,5057.35,23525.36,NULL,NULL,0
39,2013-06-07,27,3.44,39810.3,1015.34,92.65,31558.32,43336.34,NULL,NULL,0
39,2013-06-14,27,3.43,27161.79,1069.77,381.57,11720.39,13143.5,NULL,NULL,0
39,2013-06-21,29,3.48,24462.35,520.05,242.32,12723.81,45050.55,NULL,NULL,0
39,2013-06-28,30,3.50,30917.34,992.26,1.47,16715.28,6213.33,NULL,NULL,0
39,2013-07-05,29,3.42,16119.68,3849.12,963.31,11556.02,21473.17,NULL,NULL,0
39,2013-07-12,29,3.40,9353.87,2028.9,76.55,5948.91,4778.92,NULL,NULL,0
39,2013-07-19,28,3.56,6732.22,1628.15,50.3,1505.37,4250.58,NULL,NULL,0
39,2013-07-26,29,3.62,12682.46,1094.97,21.85,170.61,2779.41,NULL,NULL,0
40,2010-02-05,-10,2.79,0,0,0,0,0,131.53,5.89,0
40,2010-02-12,-6,2.77,0,0,0,0,0,131.59,5.89,1
40,2010-02-19,-2,2.75,0,0,0,0,0,131.64,5.89,0
40,2010-02-26,1,2.75,0,0,0,0,0,131.69,5.89,0
40,2010-03-05,2,2.77,0,0,0,0,0,131.74,5.89,0
40,2010-03-12,2,2.81,0,0,0,0,0,131.78,5.89,0
40,2010-03-19,5,2.83,0,0,0,0,0,131.82,5.89,0
40,2010-03-26,4,2.83,0,0,0,0,0,131.86,5.89,0
40,2010-04-02,5,2.83,0,0,0,0,0,131.90,5.44,0
40,2010-04-09,12,2.85,0,0,0,0,0,131.94,5.44,0
40,2010-04-16,6,2.89,0,0,0,0,0,131.98,5.44,0
40,2010-04-23,8,2.90,0,0,0,0,0,132.02,5.44,0
40,2010-04-30,8,2.94,0,0,0,0,0,132.06,5.44,0
40,2010-05-07,16,2.98,0,0,0,0,0,132.11,5.44,0
40,2010-05-14,8,2.98,0,0,0,0,0,132.15,5.44,0
40,2010-05-21,14,2.96,0,0,0,0,0,132.22,5.44,0
40,2010-05-28,20,2.91,0,0,0,0,0,132.29,5.44,0
40,2010-06-04,19,2.86,0,0,0,0,0,132.36,5.44,0
40,2010-06-11,15,2.83,0,0,0,0,0,132.44,5.44,0
40,2010-06-18,16,2.81,0,0,0,0,0,132.47,5.44,0
40,2010-06-25,21,2.81,0,0,0,0,0,132.50,5.44,0
40,2010-07-02,19,2.82,0,0,0,0,0,132.52,5.33,0
40,2010-07-09,25,2.81,0,0,0,0,0,132.55,5.33,0
40,2010-07-16,23,2.80,0,0,0,0,0,132.57,5.33,0
40,2010-07-23,22,2.78,0,0,0,0,0,132.58,5.33,0
40,2010-07-30,22,2.79,0,0,0,0,0,132.60,5.33,0
40,2010-08-06,21,2.79,0,0,0,0,0,132.61,5.33,0
40,2010-08-13,20,2.81,0,0,0,0,0,132.63,5.33,0
40,2010-08-20,19,2.80,0,0,0,0,0,132.66,5.33,0
40,2010-08-27,17,2.77,0,0,0,0,0,132.69,5.33,0
40,2010-09-03,21,2.74,0,0,0,0,0,132.72,5.33,0
40,2010-09-10,17,2.72,0,0,0,0,0,132.76,5.33,1
40,2010-09-17,13,2.72,0,0,0,0,0,132.77,5.33,0
40,2010-09-24,13,2.72,0,0,0,0,0,132.76,5.33,0
40,2010-10-01,17,2.72,0,0,0,0,0,132.76,5.29,0
40,2010-10-08,11,2.78,0,0,0,0,0,132.75,5.29,0
40,2010-10-15,7,2.88,0,0,0,0,0,132.76,5.29,0
40,2010-10-22,5,2.92,0,0,0,0,0,132.82,5.29,0
40,2010-10-29,8,2.94,0,0,0,0,0,132.87,5.29,0
40,2010-11-05,2,2.94,0,0,0,0,0,132.92,5.29,0
40,2010-11-12,4,2.96,0,0,0,0,0,132.98,5.29,0
40,2010-11-19,5,3.03,0,0,0,0,0,132.92,5.29,0
40,2010-11-26,1,3.07,0,0,0,0,0,132.84,5.29,1
40,2010-12-03,1,3.07,0,0,0,0,0,132.76,5.29,0
40,2010-12-10,-6,3.13,0,0,0,0,0,132.68,5.29,0
40,2010-12-17,-5,3.14,0,0,0,0,0,132.68,5.29,0
40,2010-12-24,-4,3.15,0,0,0,0,0,132.75,5.29,0
40,2010-12-31,-7,3.18,0,0,0,0,0,132.82,5.29,1
40,2011-01-07,-4,3.19,0,0,0,0,0,132.88,5.11,0
40,2011-01-14,-7,3.22,0,0,0,0,0,132.95,5.11,0
40,2011-01-21,-10,3.23,0,0,0,0,0,133.03,5.11,0
40,2011-01-28,-12,3.24,0,0,0,0,0,133.11,5.11,0
40,2011-02-04,-10,3.24,0,0,0,0,0,133.18,5.11,0
40,2011-02-11,-8,3.26,0,0,0,0,0,133.26,5.11,1
40,2011-02-18,-6,3.26,0,0,0,0,0,133.37,5.11,0
40,2011-02-25,-9,3.28,0,0,0,0,0,133.49,5.11,0
40,2011-03-04,-8,3.44,0,0,0,0,0,133.61,5.11,0
40,2011-03-11,-1,3.60,0,0,0,0,0,133.74,5.11,0
40,2011-03-18,2,3.63,0,0,0,0,0,133.85,5.11,0
40,2011-03-25,-2,3.62,0,0,0,0,0,133.96,5.11,0
40,2011-04-01,-2,3.64,0,0,0,0,0,134.07,4.78,0
40,2011-04-08,2,3.72,0,0,0,0,0,134.18,4.78,0
40,2011-04-15,6,3.82,0,0,0,0,0,134.28,4.78,0
40,2011-04-22,4,3.92,0,0,0,0,0,134.36,4.78,0
40,2011-04-29,11,3.99,0,0,0,0,0,134.44,4.78,0
40,2011-05-06,10,4.08,0,0,0,0,0,134.51,4.78,0
40,2011-05-13,12,4.10,0,0,0,0,0,134.59,4.78,0
40,2011-05-20,14,4.10,0,0,0,0,0,134.68,4.78,0
40,2011-05-27,17,4.03,0,0,0,0,0,134.77,4.78,0
40,2011-06-03,19,3.97,0,0,0,0,0,134.86,4.78,0
40,2011-06-10,18,3.92,0,0,0,0,0,134.94,4.78,0
40,2011-06-17,15,3.87,0,0,0,0,0,135.08,4.78,0
40,2011-06-24,17,3.85,0,0,0,0,0,135.27,4.78,0
40,2011-07-01,18,3.82,0,0,0,0,0,135.45,4.58,0
40,2011-07-08,20,3.78,0,0,0,0,0,135.63,4.58,0
40,2011-07-15,21,3.83,0,0,0,0,0,135.78,4.58,0
40,2011-07-22,23,3.88,0,0,0,0,0,135.87,4.58,0
40,2011-07-29,20,3.90,0,0,0,0,0,135.96,4.58,0
40,2011-08-05,20,3.90,0,0,0,0,0,136.05,4.58,0
40,2011-08-12,20,3.88,0,0,0,0,0,136.14,4.58,0
40,2011-08-19,18,3.82,0,0,0,0,0,136.18,4.58,0
40,2011-08-26,18,3.80,0,0,0,0,0,136.21,4.58,0
40,2011-09-02,18,3.78,0,0,0,0,0,136.24,4.58,0
40,2011-09-09,18,3.81,0,0,0,0,0,136.27,4.58,1
40,2011-09-16,15,3.81,0,0,0,0,0,136.31,4.58,0
40,2011-09-23,12,3.76,0,0,0,0,0,136.37,4.58,0
40,2011-09-30,17,3.68,0,0,0,0,0,136.42,4.58,0
40,2011-10-07,10,3.63,0,0,0,0,0,136.47,4.42,0
40,2011-10-14,12,3.58,0,0,0,0,0,136.52,4.42,0
40,2011-10-21,11,3.62,0,0,0,0,0,136.50,4.42,0
40,2011-10-28,6,3.60,0,0,0,0,0,136.49,4.42,0
40,2011-11-04,2,3.59,0,0,0,0,0,136.48,4.42,0
40,2011-11-11,5,3.57,10215.77,4613.06,191.71,3200.57,4230.85,136.46,4.42,0
40,2011-11-18,5,3.57,1100.08,973.56,31.81,523.23,4424.36,136.47,4.42,0
40,2011-11-25,0,3.54,247.58,387.88,40362.07,47,1788.31,136.48,4.42,1
40,2011-12-02,4,3.50,3966.04,23.47,2363.99,1455.15,15828.62,136.49,4.42,0
40,2011-12-09,1,3.47,7081.76,48,94.05,1757.4,6850.25,136.50,4.42,0
40,2011-12-16,-1,3.45,3067.81,0,383.98,409.64,2938.11,136.53,4.42,0
40,2011-12-23,-4,3.41,709.32,0.03,1065.7,67.72,1336.25,136.59,4.42,0
40,2011-12-30,-7,3.40,3392.38,25557.03,205.29,421.72,2439.13,136.64,4.42,1
40,2012-01-06,-5,3.44,3737.24,20629.4,169.85,954.18,4508.45,136.70,4.26,0
40,2012-01-13,-3,3.52,1128.25,8721.23,129.34,393.68,3221.84,136.75,4.26,0
40,2012-01-20,-10,3.54,1658.12,4319.36,101.86,79.54,1831.29,136.86,4.26,0
40,2012-01-27,-5,3.57,388.59,1327.78,126.72,38.29,1619.57,136.96,4.26,0
40,2012-02-03,-2,3.63,37980.28,2731.05,108.41,23597.14,5940.88,137.06,4.26,0
40,2012-02-10,-4,3.66,10333.24,3700.62,66.01,11804.09,7697.87,137.17,4.26,1
40,2012-02-17,-4,3.70,7763.37,7366.75,33.48,3995.44,2642.17,137.26,4.26,0
40,2012-02-24,-1,3.75,15946.5,4605.02,2,4775.14,9418.31,137.34,4.26,0
40,2012-03-02,-5,3.83,15284.47,1338.94,0,14210.79,2121.92,137.42,4.26,0
40,2012-03-09,-1,3.88,12923.38,404.23,0.4,7062.19,3420.25,137.51,4.26,0
40,2012-03-16,3,3.87,4935.36,176.82,3.85,1392.83,2458.54,137.58,4.26,0
40,2012-03-23,11,3.89,5767.41,126.67,2.77,179.94,3260.71,137.66,4.26,0
40,2012-03-30,2,3.92,7182.51,120.76,9.34,2017.53,2449.78,137.73,4.26,0
40,2012-04-06,3,3.96,9295.46,0,43.35,1876.1,6042.42,137.80,4.13,0
40,2012-04-13,5,4.03,3668.82,4728.85,34.1,1320.78,1820.75,137.87,4.13,0
40,2012-04-20,13,4.05,3255.99,1157.63,25.59,340.56,3376.98,137.92,4.13,0
40,2012-04-27,9,4.02,2283.4,0.33,24.94,235.22,3113.29,137.98,4.13,0
40,2012-05-04,7,3.99,11685.51,0,78.21,3129.14,3364.41,138.03,4.13,0
40,2012-05-11,11,3.95,7071.55,0,408.25,1175.76,4204.96,138.09,4.13,0
40,2012-05-18,14,3.90,4534.3,0,103.83,735.81,2388.29,138.11,4.13,0
40,2012-05-25,18,3.85,8089.78,0,303.31,1092.35,2448.8,138.11,4.13,0
40,2012-06-01,18,3.80,4641.39,30.6,50.93,420.22,1627.19,138.11,4.13,0
40,2012-06-08,13,3.75,7338.72,324.8,44.64,2067.65,7482.97,138.12,4.13,0
40,2012-06-15,17,3.68,5288.06,244.82,42.74,1165.96,3695.1,138.13,4.13,0
40,2012-06-22,21,3.63,5015.3,438,4.72,2018.54,7972.99,138.16,4.13,0
40,2012-06-29,18,3.58,2925.88,253.2,0,400,2124.37,138.20,4.13,0
40,2012-07-06,21,3.54,6364.53,277.2,62.07,2574.7,5230.46,138.23,4.16,0
40,2012-07-13,20,3.56,6891.02,80.4,23.66,1464.52,2677.19,138.26,4.16,0
40,2012-07-20,21,3.61,2418.7,89.01,9.52,1450.08,2263.49,138.23,4.16,0
40,2012-07-27,20,3.70,3351.06,156.53,4.24,1624.68,1605.34,138.20,4.16,0
40,2012-08-03,21,3.70,17749.81,377.88,6.36,8303.08,2209.27,138.17,4.16,0
40,2012-08-10,21,3.77,10965.65,130.69,0.32,4849.39,2266.63,138.14,4.16,0
40,2012-08-17,21,3.84,3810.18,27.3,1.02,181.12,6417.42,138.19,4.16,0
40,2012-08-24,18,3.87,6243.66,18.3,48.06,2649.7,6021.47,138.28,4.16,0
40,2012-08-31,19,3.88,10904.29,38.81,23.95,2684.17,2912.76,138.38,4.16,0
40,2012-09-07,18,3.92,5494.1,0,39.66,925.8,3268.99,138.47,4.16,1
40,2012-09-14,15,3.99,5593.11,0,62.88,290.65,7375.04,138.57,4.16,0
40,2012-09-21,12,4.06,3688.63,7.64,0,693.23,4870.36,138.65,4.16,0
40,2012-09-28,11,4.02,3579.04,0,0,709.97,4706.12,138.74,4.16,0
40,2012-10-05,14,4.03,4298.34,0,12.03,1754.05,2273.79,138.83,4.15,0
40,2012-10-12,9,4.03,1686.43,0,13.85,589.97,6365.02,138.91,4.15,0
40,2012-10-19,8,4.00,412.06,0,6.1,38.76,2850.1,138.83,4.15,0
40,2012-10-26,10,3.92,3605.71,55.98,0.28,486.81,1389.06,138.73,4.15,0
40,2012-11-02,11,3.82,4763.33,9515.27,46.06,1439.36,1495.99,138.62,4.15,0
40,2012-11-09,1,3.79,3948.43,4885.8,0,168,3180.34,138.52,4.15,0
40,2012-11-16,3,3.75,4930.23,1156.31,40.04,663.95,4493.04,138.45,4.15,0
40,2012-11-23,-1,3.73,572.8,0,60367.16,50.88,2046.44,138.42,4.15,1
40,2012-11-30,-3,3.71,2500.51,0,3629.19,137.75,4472.88,138.40,4.15,0
40,2012-12-07,0,3.68,9053.91,0,243.28,1070.89,5456.03,138.38,4.15,0
40,2012-12-14,0,3.64,1143.93,0,41,23.76,1247.18,138.37,4.15,0
40,2012-12-21,0,3.57,1729.06,130.42,82.07,23.84,4180.01,138.43,4.15,0
40,2012-12-28,-5,3.56,9455.96,19951.08,149.44,6.94,2254.32,138.49,4.15,1
40,2013-01-04,-12,3.58,2687.41,31425.65,2.6,0,2729.63,138.55,3.93,0
40,2013-01-11,-5,3.60,1271.06,12491.04,2.5,34.25,1155.19,138.61,3.93,0
40,2013-01-18,-2,3.59,2622.04,3503.51,3.68,90.78,2943.16,138.67,3.93,0
40,2013-01-25,-12,3.58,3602.9,1122.56,0.6,22.43,4893.31,138.73,3.93,0
40,2013-02-01,-7,3.61,7317.46,727.29,244.4,10942.11,4768.43,138.80,3.93,0
40,2013-02-08,-9,3.76,39257.29,615.07,131.92,25676.37,2592.77,138.86,3.93,1
40,2013-02-15,-5,3.81,15949.59,2115.99,60.06,4676.18,4758.78,138.90,3.93,0
40,2013-02-22,-6,3.87,9244.33,2551.72,5.7,4050.5,5822.12,138.88,3.93,0
40,2013-03-01,1,3.89,2229.33,54.92,0,181.91,3241.55,138.87,3.93,0
40,2013-03-08,-1,3.87,10872.53,124.06,23.11,1415.75,2725.28,138.85,3.93,0
40,2013-03-15,1,3.84,7586.97,0,3.5,4040.62,2540.23,138.86,3.93,0
40,2013-03-22,-5,3.82,7304.74,0,381.1,1165.65,2170.95,138.93,3.93,0
40,2013-03-29,1,3.80,4709.35,0,432.01,12,3696.08,138.99,3.93,0
40,2013-04-05,2,3.77,14110.29,5571.32,189.13,785.63,3892.09,139.06,3.68,0
40,2013-04-12,4,3.72,4934.33,3183.26,16.53,351.45,2203.32,139.12,3.68,0
40,2013-04-19,7,3.68,2322.79,1.59,20.1,133.68,1429.8,139.12,3.68,0
40,2013-04-26,7,3.63,1565.7,0,42.99,44.44,1051.49,139.12,3.68,0
40,2013-05-03,12,3.60,4017.1,3,38.34,969.5,1746.41,NULL,NULL,0
40,2013-05-10,15,3.60,2940.02,108,103.66,1682.28,3583.38,NULL,NULL,0
40,2013-05-17,11,3.63,5483.84,251,6.18,677.62,4183.31,NULL,NULL,0
40,2013-05-24,14,3.65,2953.69,203,329.85,992.38,5144.3,NULL,NULL,0
40,2013-05-31,13,3.67,2616.09,231.07,112.1,0,2573.6,NULL,NULL,0
40,2013-06-07,17,3.66,6457.95,466.9,56.18,2325.02,3102.25,NULL,NULL,0
40,2013-06-14,15,3.67,6955.21,360.52,282.44,2271.27,3919.71,NULL,NULL,0
40,2013-06-21,15,3.67,2108.31,391.33,232.8,3394.71,3314.68,NULL,NULL,0
40,2013-06-28,21,3.67,3892.57,594.13,5,2349.76,5587.5,NULL,NULL,0
40,2013-07-05,22,3.64,7457.06,1878.56,204.95,5000.48,2795.19,NULL,NULL,0
40,2013-07-12,22,3.65,2354.57,1440.95,57.23,1708,1281.55,NULL,NULL,0
40,2013-07-19,24,3.80,4340.79,1607.47,272.58,1540.36,2576.36,NULL,NULL,0
40,2013-07-26,19,3.88,145.1,1149.84,109.3,33.24,1116.3,NULL,NULL,0
41,2010-02-05,-1,2.58,0,0,0,0,0,189.38,7.54,0
41,2010-02-12,-5,2.57,0,0,0,0,0,189.46,7.54,1
41,2010-02-19,-4,2.55,0,0,0,0,0,189.53,7.54,0
41,2010-02-26,-6,2.59,0,0,0,0,0,189.60,7.54,0
41,2010-03-05,0,2.62,0,0,0,0,0,189.67,7.54,0
41,2010-03-12,1,2.68,0,0,0,0,0,189.74,7.54,0
41,2010-03-19,3,2.69,0,0,0,0,0,189.73,7.54,0
41,2010-03-26,0,2.72,0,0,0,0,0,189.72,7.54,0
41,2010-04-02,5,2.73,0,0,0,0,0,189.70,7.36,0
41,2010-04-09,3,2.75,0,0,0,0,0,189.69,7.36,0
41,2010-04-16,8,2.77,0,0,0,0,0,189.66,7.36,0
41,2010-04-23,7,2.78,0,0,0,0,0,189.62,7.36,0
41,2010-04-30,5,2.77,0,0,0,0,0,189.58,7.36,0
41,2010-05-07,5,2.77,0,0,0,0,0,189.53,7.36,0
41,2010-05-14,5,2.79,0,0,0,0,0,189.49,7.36,0
41,2010-05-21,10,2.78,0,0,0,0,0,189.47,7.36,0
41,2010-05-28,14,2.74,0,0,0,0,0,189.45,7.36,0
41,2010-06-04,16,2.70,0,0,0,0,0,189.42,7.36,0
41,2010-06-11,17,2.68,0,0,0,0,0,189.40,7.36,0
41,2010-06-18,13,2.67,0,0,0,0,0,189.42,7.36,0
41,2010-06-25,19,2.72,0,0,0,0,0,189.45,7.36,0
41,2010-07-02,21,2.73,0,0,0,0,0,189.49,7.34,0
41,2010-07-09,16,2.71,0,0,0,0,0,189.52,7.34,0
41,2010-07-16,21,2.70,0,0,0,0,0,189.61,7.34,0
41,2010-07-23,22,2.69,0,0,0,0,0,189.77,7.34,0
41,2010-07-30,21,2.69,0,0,0,0,0,189.94,7.34,0
41,2010-08-06,21,2.69,0,0,0,0,0,190.10,7.34,0
41,2010-08-13,21,2.72,0,0,0,0,0,190.26,7.34,0
41,2010-08-20,19,2.73,0,0,0,0,0,190.29,7.34,0
41,2010-08-27,21,2.73,0,0,0,0,0,190.33,7.34,0
41,2010-09-03,18,2.77,0,0,0,0,0,190.36,7.34,0
41,2010-09-10,17,2.78,0,0,0,0,0,190.40,7.34,1
41,2010-09-17,17,2.80,0,0,0,0,0,190.47,7.34,0
41,2010-09-24,16,2.79,0,0,0,0,0,190.57,7.34,0
41,2010-10-01,17,2.76,0,0,0,0,0,190.67,7.51,0
41,2010-10-08,14,2.75,0,0,0,0,0,190.78,7.51,0
41,2010-10-15,10,2.76,0,0,0,0,0,190.86,7.51,0
41,2010-10-22,9,2.76,0,0,0,0,0,190.91,7.51,0
41,2010-10-29,6,2.75,0,0,0,0,0,190.95,7.51,0
41,2010-11-05,8,2.73,0,0,0,0,0,191.00,7.51,0
41,2010-11-12,4,2.74,0,0,0,0,0,191.04,7.51,0
41,2010-11-19,0,2.76,0,0,0,0,0,191.03,7.51,0
41,2010-11-26,-4,2.74,0,0,0,0,0,191.01,7.51,1
41,2010-12-03,1,2.71,0,0,0,0,0,190.99,7.51,0
41,2010-12-10,1,2.73,0,0,0,0,0,190.97,7.51,0
41,2010-12-17,0,2.78,0,0,0,0,0,191.03,7.51,0
41,2010-12-24,-1,2.78,0,0,0,0,0,191.14,7.51,0
41,2010-12-31,-4,2.83,0,0,0,0,0,191.26,7.51,1
41,2011-01-07,-5,2.88,0,0,0,0,0,191.37,7.24,0
41,2011-01-14,-5,2.91,0,0,0,0,0,191.48,7.24,0
41,2011-01-21,0,2.97,0,0,0,0,0,191.57,7.24,0
41,2011-01-28,0,3.01,0,0,0,0,0,191.67,7.24,0
41,2011-02-04,-10,3.01,0,0,0,0,0,191.76,7.24,0
41,2011-02-11,-8,3.04,0,0,0,0,0,191.86,7.24,1
41,2011-02-18,4,3.05,0,0,0,0,0,191.92,7.24,0
41,2011-02-25,-3,3.10,0,0,0,0,0,191.96,7.24,0
41,2011-03-04,2,3.23,0,0,0,0,0,192.01,7.24,0
41,2011-03-11,0,3.37,0,0,0,0,0,192.06,7.24,0
41,2011-03-18,5,3.41,0,0,0,0,0,192.12,7.24,0
41,2011-03-25,5,3.41,0,0,0,0,0,192.20,7.24,0
41,2011-04-01,3,3.46,0,0,0,0,0,192.27,6.93,0
41,2011-04-08,6,3.53,0,0,0,0,0,192.34,6.93,0
41,2011-04-15,4,3.61,0,0,0,0,0,192.42,6.93,0
41,2011-04-22,6,3.64,0,0,0,0,0,192.52,6.93,0
41,2011-04-29,4,3.66,0,0,0,0,0,192.62,6.93,0
41,2011-05-06,5,3.74,0,0,0,0,0,192.73,6.93,0
41,2011-05-13,10,3.77,0,0,0,0,0,192.83,6.93,0
41,2011-05-20,5,3.83,0,0,0,0,0,192.83,6.93,0
41,2011-05-27,10,3.80,0,0,0,0,0,192.84,6.93,0
41,2011-06-03,13,3.76,0,0,0,0,0,192.84,6.93,0
41,2011-06-10,16,3.74,0,0,0,0,0,192.85,6.93,0
41,2011-06-17,17,3.70,0,0,0,0,0,192.90,6.93,0
41,2011-06-24,15,3.66,0,0,0,0,0,193.00,6.93,0
41,2011-07-01,19,3.60,0,0,0,0,0,193.09,6.90,0
41,2011-07-08,20,3.54,0,0,0,0,0,193.19,6.90,0
41,2011-07-15,20,3.53,0,0,0,0,0,193.31,6.90,0
41,2011-07-22,23,3.55,0,0,0,0,0,193.51,6.90,0
41,2011-07-29,22,3.55,0,0,0,0,0,193.71,6.90,0
41,2011-08-05,22,3.55,0,0,0,0,0,193.91,6.90,0
41,2011-08-12,20,3.54,0,0,0,0,0,194.11,6.90,0
41,2011-08-19,21,3.50,0,0,0,0,0,194.25,6.90,0
41,2011-08-26,22,3.49,0,0,0,0,0,194.38,6.90,0
41,2011-09-02,21,3.51,0,0,0,0,0,194.51,6.90,0
41,2011-09-09,15,3.57,0,0,0,0,0,194.64,6.90,1
41,2011-09-16,13,3.60,0,0,0,0,0,194.74,6.90,0
41,2011-09-23,13,3.58,0,0,0,0,0,194.81,6.90,0
41,2011-09-30,17,3.54,0,0,0,0,0,194.88,6.90,0
41,2011-10-07,15,3.50,0,0,0,0,0,194.95,6.76,0
41,2011-10-14,9,3.49,0,0,0,0,0,195.03,6.76,0
41,2011-10-21,8,3.55,0,0,0,0,0,195.18,6.76,0
41,2011-10-28,3,3.55,0,0,0,0,0,195.33,6.76,0
41,2011-11-04,2,3.53,0,0,0,0,0,195.48,6.76,0
41,2011-11-11,0,3.51,17118.58,14927.3,309.49,8187.22,4925.08,195.64,6.76,0
41,2011-11-18,3,3.48,2513.13,581.97,69.52,194.54,6131.09,195.72,6.76,0
41,2011-11-25,2,3.42,256.95,1053.98,79621.2,40.76,2616.56,195.77,6.76,1
41,2011-12-02,1,3.38,4594.56,305.47,1781.24,3168.1,21739.26,195.82,6.76,0
41,2011-12-09,-8,3.33,2782.39,120,141.21,1946.76,9503.64,195.87,6.76,0
41,2011-12-16,-4,3.27,7400.39,89,283.08,1269.68,4809.26,195.98,6.76,0
41,2011-12-23,-4,3.17,1284.19,30.33,1059.9,35.76,3430.56,196.17,6.76,0
41,2011-12-30,1,3.12,5251.98,56106.2,134.7,1059.49,2366.54,196.36,6.76,1
41,2012-01-06,3,3.10,6453.63,22866.83,126.87,2582.41,4266.94,196.55,6.59,0
41,2012-01-13,-3,3.08,1934.8,14627.46,112.2,542.89,4044.44,196.73,6.59,0
41,2012-01-20,0,3.06,2827.98,3671.37,119.55,530.03,1924.99,196.78,6.59,0
41,2012-01-27,1,3.04,2464.6,2126.51,112.01,129.54,817.31,196.83,6.59,0
41,2012-02-03,0,3.03,42353.77,4696.86,231.92,46238.28,6379.49,196.87,6.59,0
41,2012-02-10,-6,3.10,8123.92,7618.89,127.05,13453.73,8066.43,196.92,6.59,1
41,2012-02-17,-5,3.11,15838.59,10710.9,14.96,10097.26,7390.48,196.94,6.59,0
41,2012-02-24,-2,3.13,9156.06,9181.74,3.2,3808.5,6148.47,196.95,6.59,0
41,2012-03-02,-3,3.19,11028.34,3211.73,21,15693.13,1736.73,196.96,6.59,0
41,2012-03-09,2,3.29,15255.04,285.89,7.74,3203.61,3889.43,196.96,6.59,0
41,2012-03-16,9,3.49,6504.93,48.97,4.59,3026.39,2020.55,197.05,6.59,0
41,2012-03-23,7,3.66,4605.49,49.08,2.6,1134.03,3631.27,197.23,6.59,0
41,2012-03-30,11,3.75,5694.25,9.66,7.09,1677.31,2419.34,197.41,6.59,0
41,2012-04-06,9,3.85,6660.45,0,49.15,2126.59,6791.05,197.60,6.55,0
41,2012-04-13,8,3.90,8316.49,3192.24,24.23,2770.63,3631.39,197.78,6.55,0
41,2012-04-20,6,3.94,3677.88,1165.88,37.89,297.31,2227.25,197.72,6.55,0
41,2012-04-27,14,3.93,2984.54,7.76,203.99,39.75,3068.81,197.66,6.55,0
41,2012-05-04,12,3.90,10188.76,0,308.08,5903.45,2996.97,197.61,6.55,0
41,2012-05-11,10,3.87,8490.06,0,250.13,2998.16,4051.18,197.55,6.55,0
41,2012-05-18,13,3.84,6415.86,0,179.28,998.25,2976.99,197.56,6.55,0
41,2012-05-25,13,3.80,8215.27,0,277.14,1198.25,2444.61,197.59,6.55,0
41,2012-06-01,14,3.76,9160.25,-2,127.56,1850.68,2652.68,197.62,6.55,0
41,2012-06-08,18,3.74,10245.25,527.4,78.07,749.73,5117.87,197.66,6.55,0
41,2012-06-15,18,3.72,6926.97,599,5.66,3396.74,4290.96,197.69,6.55,0
41,2012-06-22,19,3.74,6390.33,753.88,8.58,3431.59,4741.92,197.74,6.55,0
41,2012-06-29,25,3.69,2864.01,346.02,0,393.26,3293.29,197.79,6.55,0
41,2012-07-06,24,3.65,7791.47,306.7,31.44,4856.67,4087.29,197.83,6.43,0
41,2012-07-13,20,3.61,6062.57,85.84,1.6,1805.08,2636.17,197.88,6.43,0
41,2012-07-20,23,3.59,4142.86,102.5,23.84,1362.4,5518.54,197.93,6.43,0
41,2012-07-27,23,3.57,4473.9,125.46,2.53,6596.96,3228.27,197.98,6.43,0
41,2012-08-03,23,3.53,40493.45,83.46,44.56,23826.2,3666.08,198.03,6.43,0
41,2012-08-10,22,3.51,11523.22,78.18,6.43,5132.4,2667.3,198.08,6.43,0
41,2012-08-17,19,3.55,1661.07,41.94,1.95,2391.72,3474.47,198.10,6.43,0
41,2012-08-24,21,3.56,6068.27,-20,85.74,3710.05,2287.85,198.10,6.43,0
41,2012-08-31,22,3.56,17423.04,14.94,58.91,4700.3,6180.92,198.10,6.43,0
41,2012-09-07,20,3.60,10220.45,22.8,145.19,4361.36,3187.05,198.10,6.43,1
41,2012-09-14,15,3.66,10525.1,0,11.14,1373.26,6742.72,198.13,6.43,0
41,2012-09-21,15,3.77,11062.12,72.64,6,1125.21,7962.34,198.36,6.43,0
41,2012-09-28,13,3.79,4578.46,51.73,3,1902.88,14423.97,198.59,6.43,0
41,2012-10-05,10,3.78,6094.23,0,33.94,2887.65,3853.33,198.82,6.20,0
41,2012-10-12,4,3.76,1570.23,0,26.31,834.8,14421.12,199.05,6.20,0
41,2012-10-19,10,3.75,3138.86,0,6.17,129.04,8206.1,199.15,6.20,0
41,2012-10-26,5,3.69,4864.3,101.34,250.6,47.24,1524.43,199.22,6.20,0
41,2012-11-02,7,3.60,10766.99,8427.74,24.82,3695.23,3311.74,199.29,6.20,0
41,2012-11-09,8,3.55,10649.25,15810.18,7.84,2337.29,3043.82,199.36,6.20,0
41,2012-11-16,-1,3.48,8112.64,1624.71,124.6,1308.26,8920.54,199.43,6.20,0
41,2012-11-23,5,3.45,1360.02,0.21,97533.4,471.44,2013.79,199.50,6.20,1
41,2012-11-30,5,3.44,3610.17,0.15,3443.96,410.38,9284.5,199.56,6.20,0
41,2012-12-07,5,3.37,7479.33,0,510,3244.57,18517.44,199.63,6.20,0
41,2012-12-14,-3,3.30,2348.46,0,92,7,3916.25,199.72,6.20,0
41,2012-12-21,-3,3.22,4170.99,0,146.6,13.94,5747.53,199.94,6.20,0
41,2012-12-28,-7,3.11,13573.49,29277.5,346.8,81.38,2863.89,200.17,6.20,1
41,2013-01-04,-7,3.03,1966.26,28719.98,27.41,21.5,8718.49,200.39,5.77,0
41,2013-01-11,-1,2.96,4403.27,14675.4,8.12,248.44,6038.72,200.62,5.77,0
41,2013-01-18,-10,2.89,3129.73,5783.4,5.58,1326.72,3696.28,200.74,5.77,0
41,2013-01-25,4,2.87,1078.02,2022.45,1.2,282.72,5024.01,200.82,5.77,0
41,2013-02-01,-1,3.00,19679.74,1148.08,412.8,30618.76,6293.68,200.89,5.77,0
41,2013-02-08,1,3.21,65739.82,644.1,420.98,63830.91,7392.57,200.97,5.77,1
41,2013-02-15,-6,3.39,10297.71,1453.52,48.72,7297.05,3964.32,201.04,5.77,0
41,2013-02-22,-4,3.56,9373.05,2772.3,13.64,3499.04,6667.3,201.10,5.77,0
41,2013-03-01,-5,3.64,6203.97,290.98,10.2,75.33,3151.57,201.15,5.77,0
41,2013-03-08,2,3.62,10496.65,152.6,124.61,4403.94,4229.86,201.21,5.77,0
41,2013-03-15,3,3.61,17949.73,0,17.97,4837.96,3093.16,201.24,5.77,0
41,2013-03-22,1,3.61,13835.73,0,1511.2,629.62,2068.46,201.20,5.77,0
41,2013-03-29,-2,3.61,8237.64,0,1128.32,1581.83,4109.54,201.16,5.77,0
41,2013-04-05,6,3.63,13759.98,3991.47,512.33,2068.7,3856.26,201.11,5.64,0
41,2013-04-12,0,3.64,12631.38,2593.27,80.69,3004.98,5224.39,201.07,5.64,0
41,2013-04-19,-3,3.60,4624.18,25.77,137.36,351.08,3398.42,201.07,5.64,0
41,2013-04-26,2,3.57,800.62,5.96,196.18,64.24,2037.31,201.07,5.64,0
41,2013-05-03,5,3.57,6243.44,20,123.27,1282.85,4470.65,NULL,NULL,0
41,2013-05-10,8,3.61,6996.01,407.94,56.91,5103.48,3511.73,NULL,NULL,0
41,2013-05-17,16,3.70,3904.25,478.82,21.52,665.34,9370.85,NULL,NULL,0
41,2013-05-24,12,3.88,8239.07,406.43,146.99,2763.44,5176.28,NULL,NULL,0
41,2013-05-31,14,3.87,3110.78,471.56,392.73,44.27,1609.65,NULL,NULL,0
41,2013-06-07,14,3.83,9583.15,1106.91,235.12,7078.64,5195.84,NULL,NULL,0
41,2013-06-14,20,3.80,5993.49,828.97,796.91,3273,2851.27,NULL,NULL,0
41,2013-06-21,19,3.74,4996.41,584.29,267.69,2367.06,2711.71,NULL,NULL,0
41,2013-06-28,21,3.69,4586.11,931.02,5,4958.54,4106.76,NULL,NULL,0
41,2013-07-05,21,3.64,8919.15,3726.18,640.56,9609.24,2680.85,NULL,NULL,0
41,2013-07-12,23,3.58,3566.03,1735.73,68.05,2897.27,2903.13,NULL,NULL,0
41,2013-07-19,20,3.59,3320.48,1520.39,68.7,497.24,5284.27,NULL,NULL,0
41,2013-07-26,20,3.58,497.67,1454.29,6.3,4,2418,NULL,NULL,0
42,2010-02-05,12,2.96,0,0,0,0,0,126.44,9.77,0
42,2010-02-12,10,2.83,0,0,0,0,0,126.50,9.77,1
42,2010-02-19,15,2.92,0,0,0,0,0,126.53,9.77,0
42,2010-02-26,12,2.83,0,0,0,0,0,126.55,9.77,0
42,2010-03-05,13,2.88,0,0,0,0,0,126.58,9.77,0
42,2010-03-12,11,3.03,0,0,0,0,0,126.60,9.77,0
42,2010-03-19,16,3.05,0,0,0,0,0,126.61,9.77,0
42,2010-03-26,16,2.98,0,0,0,0,0,126.61,9.77,0
42,2010-04-02,18,3.09,0,0,0,0,0,126.60,9.52,0
42,2010-04-09,18,3.00,0,0,0,0,0,126.60,9.52,0
42,2010-04-16,21,3.11,0,0,0,0,0,126.56,9.52,0
42,2010-04-23,19,3.05,0,0,0,0,0,126.47,9.52,0
42,2010-04-30,21,3.11,0,0,0,0,0,126.38,9.52,0
42,2010-05-07,22,3.13,0,0,0,0,0,126.29,9.52,0
42,2010-05-14,23,3.15,0,0,0,0,0,126.21,9.52,0
42,2010-05-21,26,3.12,0,0,0,0,0,126.18,9.52,0
42,2010-05-28,25,3.06,0,0,0,0,0,126.16,9.52,0
42,2010-06-04,28,2.94,0,0,0,0,0,126.14,9.52,0
42,2010-06-11,32,3.06,0,0,0,0,0,126.11,9.52,0
42,2010-06-18,29,2.94,0,0,0,0,0,126.11,9.52,0
42,2010-06-25,32,3.08,0,0,0,0,0,126.13,9.52,0
42,2010-07-02,34,2.98,0,0,0,0,0,126.14,9.20,0
42,2010-07-09,33,3.10,0,0,0,0,0,126.15,9.20,0
42,2010-07-16,33,2.97,0,0,0,0,0,126.15,9.20,0
42,2010-07-23,31,3.11,0,0,0,0,0,126.13,9.20,0
42,2010-07-30,29,3.02,0,0,0,0,0,126.11,9.20,0
42,2010-08-06,30,3.12,0,0,0,0,0,126.09,9.20,0
42,2010-08-13,31,3.05,0,0,0,0,0,126.06,9.20,0
42,2010-08-20,32,3.04,0,0,0,0,0,126.08,9.20,0
42,2010-08-27,29,3.02,0,0,0,0,0,126.09,9.20,0
42,2010-09-03,29,3.09,0,0,0,0,0,126.10,9.20,0
42,2010-09-10,29,2.96,0,0,0,0,0,126.11,9.20,1
42,2010-09-17,30,3.03,0,0,0,0,0,126.15,9.20,0
42,2010-09-24,30,2.94,0,0,0,0,0,126.19,9.20,0
42,2010-10-01,30,3.00,0,0,0,0,0,126.23,9.00,0
42,2010-10-08,25,2.92,0,0,0,0,0,126.28,9.00,0
42,2010-10-15,24,3.08,0,0,0,0,0,126.33,9.00,0
42,2010-10-22,20,3.01,0,0,0,0,0,126.38,9.00,0
42,2010-10-29,20,3.13,0,0,0,0,0,126.44,9.00,0
42,2010-11-05,22,3.01,0,0,0,0,0,126.49,9.00,0
42,2010-11-12,16,3.13,0,0,0,0,0,126.55,9.00,0
42,2010-11-19,15,3.05,0,0,0,0,0,126.61,9.00,0
42,2010-11-26,13,3.16,0,0,0,0,0,126.67,9.00,1
42,2010-12-03,11,3.04,0,0,0,0,0,126.73,9.00,0
42,2010-12-10,16,3.09,0,0,0,0,0,126.79,9.00,0
42,2010-12-17,15,3.13,0,0,0,0,0,126.88,9.00,0
42,2010-12-24,14,3.24,0,0,0,0,0,126.98,9.00,0
42,2010-12-31,10,3.15,0,0,0,0,0,127.09,9.00,1
42,2011-01-07,6,3.29,0,0,0,0,0,127.19,8.74,0
42,2011-01-14,10,3.31,0,0,0,0,0,127.30,8.74,0
42,2011-01-21,14,3.34,0,0,0,0,0,127.44,8.74,0
42,2011-01-28,12,3.23,0,0,0,0,0,127.58,8.74,0
42,2011-02-04,7,3.35,0,0,0,0,0,127.72,8.74,0
42,2011-02-11,11,3.38,0,0,0,0,0,127.86,8.74,1
42,2011-02-18,17,3.43,0,0,0,0,0,128.00,8.74,0
42,2011-02-25,12,3.40,0,0,0,0,0,128.13,8.74,0
42,2011-03-04,14,3.67,0,0,0,0,0,128.26,8.74,0
42,2011-03-11,18,3.63,0,0,0,0,0,128.40,8.74,0
42,2011-03-18,21,3.89,0,0,0,0,0,128.51,8.74,0
42,2011-03-25,17,3.72,0,0,0,0,0,128.62,8.74,0
42,2011-04-01,20,3.77,0,0,0,0,0,128.72,8.49,0
42,2011-04-08,23,3.82,0,0,0,0,0,128.82,8.49,0
42,2011-04-15,16,4.09,0,0,0,0,0,128.91,8.49,0
42,2011-04-22,24,3.92,0,0,0,0,0,128.96,8.49,0
42,2011-04-29,23,4.15,0,0,0,0,0,129.00,8.49,0
42,2011-05-06,23,4.19,0,0,0,0,0,129.04,8.49,0
42,2011-05-13,23,4.20,0,0,0,0,0,129.09,8.49,0
42,2011-05-20,23,3.99,0,0,0,0,0,129.08,8.49,0
42,2011-05-27,26,3.93,0,0,0,0,0,129.06,8.49,0
42,2011-06-03,28,3.89,0,0,0,0,0,129.05,8.49,0
42,2011-06-10,29,3.98,0,0,0,0,0,129.04,8.49,0
42,2011-06-17,31,3.94,0,0,0,0,0,129.04,8.49,0
42,2011-06-24,33,3.81,0,0,0,0,0,129.07,8.49,0
42,2011-07-01,35,3.84,0,0,0,0,0,129.09,8.26,0
42,2011-07-08,31,3.79,0,0,0,0,0,129.11,8.26,0
42,2011-07-15,30,3.78,0,0,0,0,0,129.13,8.26,0
42,2011-07-22,31,3.70,0,0,0,0,0,129.15,8.26,0
42,2011-07-29,30,3.69,0,0,0,0,0,129.17,8.26,0
42,2011-08-05,32,3.80,0,0,0,0,0,129.18,8.26,0
42,2011-08-12,30,3.79,0,0,0,0,0,129.20,8.26,0
42,2011-08-19,31,3.74,0,0,0,0,0,129.24,8.26,0
42,2011-08-26,33,3.66,0,0,0,0,0,129.28,8.26,0
42,2011-09-02,33,3.80,0,0,0,0,0,129.33,8.26,0
42,2011-09-09,32,3.77,0,0,0,0,0,129.37,8.26,1
42,2011-09-16,25,3.78,0,0,0,0,0,129.43,8.26,0
42,2011-09-23,28,3.79,0,0,0,0,0,129.52,8.26,0
42,2011-09-30,28,3.88,0,0,0,0,0,129.61,8.26,0
42,2011-10-07,24,3.83,0,0,0,0,0,129.69,7.87,0
42,2011-10-14,21,3.70,0,0,0,0,0,129.77,7.87,0
42,2011-10-21,26,3.84,0,0,0,0,0,129.78,7.87,0
42,2011-10-28,23,3.84,0,0,0,0,0,129.79,7.87,0
42,2011-11-04,20,3.83,0,0,0,0,0,129.81,7.87,0
42,2011-11-11,13,3.68,25.73,274.85,14.74,0,2885.55,129.82,7.87,0
42,2011-11-18,15,3.67,2544.26,12.31,2.02,0,3385.15,129.83,7.87,0
42,2011-11-25,16,3.76,25.8,0,4.7,0,1932.72,129.84,7.87,1
42,2011-12-02,14,3.70,24.09,0,4.7,0,1016.84,129.85,7.87,0
42,2011-12-09,6,3.64,31.2,0,21.31,0,1872.37,129.86,7.87,0
42,2011-12-16,10,3.49,2.42,0,31.33,0,675.78,129.90,7.87,0
42,2011-12-23,9,3.54,103.5,0,19.63,0,939.49,129.98,7.87,0
42,2011-12-30,9,3.43,242.41,1447.26,3.64,183.96,459.06,130.07,7.87,1
42,2012-01-06,15,3.44,2.91,2655.21,77.86,0,649.61,130.16,7.55,0
42,2012-01-13,11,3.48,1251.87,2536.15,21.1,0,515.26,130.24,7.55,0
42,2012-01-20,13,3.66,604.05,1982.9,0,0,343.93,130.28,7.55,0
42,2012-01-27,12,3.68,2.4,539.32,0,0,816.91,130.31,7.55,0
42,2012-02-03,14,3.54,1351.16,17.81,15.97,263.92,1415.88,130.35,7.55,0
42,2012-02-10,13,3.72,992.73,13.93,25.7,0,1700.95,130.38,7.55,1
42,2012-02-17,12,3.78,66.87,736.8,3.94,0,996.28,130.45,7.55,0
42,2012-02-24,13,3.95,353.39,232.44,0,0,1644.66,130.55,7.55,0
42,2012-03-02,14,3.88,441.4,10.78,1.96,0,1511.43,130.65,7.55,0
42,2012-03-09,14,3.96,392.63,1,3.43,2.8,798.38,130.74,7.55,0
42,2012-03-16,17,4.27,438.48,1.5,2.35,0,2251.09,130.83,7.55,0
42,2012-03-23,14,4.29,2.43,0,0.68,0,796.25,130.90,7.55,0
42,2012-03-30,20,4.29,341,1.5,0,21.94,1431.13,130.97,7.55,0
42,2012-04-06,19,4.28,2.12,0,34.23,0,250.62,131.04,7.38,0
42,2012-04-13,21,4.25,146.91,848.67,14.51,0,1191.9,131.11,7.38,0
42,2012-04-20,20,4.11,82.23,169.55,16.1,0,642.71,131.12,7.38,0
42,2012-04-27,27,4.09,685.44,0,12.09,0,512.76,131.13,7.38,0
42,2012-05-04,25,4.06,163.43,0,18.34,0,935.36,131.14,7.38,0
42,2012-05-11,24,4.19,312.29,0,4,0,1445.4,131.15,7.38,0
42,2012-05-18,30,4.31,354.41,0,0,0,1393.17,131.10,7.38,0
42,2012-05-25,30,4.13,63.93,0,0.9,0,1169.65,131.03,7.38,0
42,2012-06-01,27,4.28,609.75,0,1.1,43.67,726.34,130.96,7.38,0
42,2012-06-08,30,4.10,349.94,0,16.64,0,1272.21,130.89,7.38,0
42,2012-06-15,31,4.14,499.78,0,2.17,0,1187.29,130.83,7.38,0
42,2012-06-22,32,4.01,44.66,0,0,0,1338.53,130.79,7.38,0
42,2012-06-29,33,3.88,755.44,0,0,0,1062.46,130.76,7.38,0
42,2012-07-06,30,3.67,156.49,0,9.43,0,876.53,130.72,7.17,0
42,2012-07-13,32,3.72,769.08,0,2.36,0,2678.63,130.68,7.17,0
42,2012-07-20,29,3.59,200.92,0,4.48,0,1026.11,130.70,7.17,0
42,2012-07-27,29,3.77,24.48,0,0,0,1660.33,130.72,7.17,0
42,2012-08-03,29,3.60,0,0,5.97,0,628.99,130.74,7.17,0
42,2012-08-10,33,3.81,69.32,0,18.08,0,353.19,130.76,7.17,0
42,2012-08-17,32,4.00,246.98,0,24.22,13.23,3098.22,130.79,7.17,0
42,2012-08-24,28,4.06,548.62,0,54.43,57.18,2628.1,130.84,7.17,0
42,2012-08-31,31,3.89,285.66,0,18.65,141.64,906.18,130.89,7.17,0
42,2012-09-07,28,4.12,341.05,0,220.6,72.7,1629.72,130.93,7.17,1
42,2012-09-14,26,3.97,745.27,0,46.65,0,945.84,130.98,7.17,0
42,2012-09-21,28,4.13,0,0,0,0,164.08,131.01,7.17,0
42,2012-09-28,28,3.97,123.87,0,0,0,548.02,131.04,7.17,0
42,2012-10-05,27,4.13,479.07,0,6,10.64,2565.13,131.08,6.94,0
42,2012-10-12,24,4.47,49.38,0,10.87,0,970.72,131.11,6.94,0
42,2012-10-19,23,4.45,56.03,0,8.69,0,455.38,131.15,6.94,0
42,2012-10-26,21,4.30,0,0.75,2,0,1034.55,131.19,6.94,0
42,2012-11-02,22,4.10,0,559.24,4.87,0,551.88,131.24,6.94,0
42,2012-11-09,21,3.78,450.28,675.34,6,0,1045.15,131.28,6.94,0
42,2012-11-16,15,3.70,448.82,102.84,30.88,0,2273.8,131.33,6.94,0
42,2012-11-23,18,3.76,4.62,0,4,0,2762.46,131.38,6.94,1
42,2012-11-30,18,3.72,333.89,0,0,13.86,938.84,131.43,6.94,0
42,2012-12-07,16,3.67,9.53,0,0,0,1379.21,131.48,6.94,0
42,2012-12-14,12,3.60,500.13,0,0,0,384.64,131.54,6.94,0
42,2012-12-21,10,3.39,963.42,0,5.74,0,942.02,131.64,6.94,0
42,2012-12-28,10,3.48,335.64,1128.51,16.83,0,1302.31,131.75,6.94,1
42,2013-01-04,7,3.34,1012.98,1074.51,8,44.46,635.88,131.85,6.90,0
42,2013-01-11,10,3.54,279.49,623.96,0.9,0,728.98,131.96,6.90,0
42,2013-01-18,5,3.55,8063.8,30.35,0,0,982.43,132.03,6.90,0
42,2013-01-25,15,3.56,7.96,7.84,0,0,342.79,132.09,6.90,0
42,2013-02-01,11,3.60,4,27.14,33.3,0,922.4,132.15,6.90,0
42,2013-02-08,14,3.80,1174.58,141.05,30.8,20.83,949.69,132.22,6.90,1
42,2013-02-15,8,3.61,1061.18,378.8,5.4,30.25,934.87,132.27,6.90,0
42,2013-02-22,11,4.03,355.16,322.99,0,0,2571.61,132.32,6.90,0
42,2013-03-01,9,3.83,767.27,0,0,0,765.34,132.37,6.90,0
42,2013-03-08,18,4.13,678.13,0,76.74,0,1251.51,132.42,6.90,0
42,2013-03-15,17,3.89,160.55,0,16.66,0,1128.4,132.47,6.90,0
42,2013-03-22,21,4.06,506.13,0,0,0,802.81,132.53,6.90,0
42,2013-03-29,20,4.02,438.36,0,11.47,2.97,705.52,132.59,6.90,0
42,2013-04-05,22,3.81,459.08,1073.79,29.64,0,1149.89,132.65,6.79,0
42,2013-04-12,19,3.80,204.98,439.95,5.22,0,885.68,132.72,6.79,0
42,2013-04-19,20,3.94,517.04,0,0,0,1617.21,132.72,6.79,0
42,2013-04-26,24,3.89,78.76,0,0,0,828.13,132.72,6.79,0
42,2013-05-03,26,3.67,97.72,0,21.53,0,2697.25,NULL,NULL,0
42,2013-05-10,24,3.69,148.63,0,12.81,0,1086.98,NULL,NULL,0
42,2013-05-17,28,3.81,793.49,0,1.2,0,1384.9,NULL,NULL,0
42,2013-05-24,28,3.84,105.92,0,17.84,0,2908.72,NULL,NULL,0
42,2013-05-31,28,3.83,78.46,0,1.44,0,232.27,NULL,NULL,0
42,2013-06-07,32,3.79,198.91,0,4.96,0,1836.34,NULL,NULL,0
42,2013-06-14,33,3.77,10.63,0,8.24,0,1735.58,NULL,NULL,0
42,2013-06-21,33,3.77,230.59,0,3.08,0,806.64,NULL,NULL,0
42,2013-06-28,32,3.78,1053.69,0,0,0,4143.9,NULL,NULL,0
42,2013-07-05,34,3.75,360.49,0,48.46,313.04,1007.61,NULL,NULL,0
42,2013-07-12,31,3.74,51.96,0,9.98,0,1346.73,NULL,NULL,0
42,2013-07-19,31,3.82,211.63,0,3.71,0,478.31,NULL,NULL,0
42,2013-07-26,29,3.87,0,0,0.17,0,756.79,NULL,NULL,0
43,2010-02-05,9,2.57,0,0,0,0,0,203.06,9.52,0
43,2010-02-12,9,2.55,0,0,0,0,0,203.20,9.52,1
43,2010-02-19,9,2.51,0,0,0,0,0,203.25,9.52,0
43,2010-02-26,9,2.56,0,0,0,0,0,203.28,9.52,0
43,2010-03-05,12,2.63,0,0,0,0,0,203.31,9.52,0
43,2010-03-12,12,2.67,0,0,0,0,0,203.34,9.52,0
43,2010-03-19,13,2.72,0,0,0,0,0,203.20,9.52,0
43,2010-03-26,13,2.73,0,0,0,0,0,203.02,9.52,0
43,2010-04-02,17,2.72,0,0,0,0,0,202.84,9.59,0
43,2010-04-09,18,2.77,0,0,0,0,0,202.66,9.59,0
43,2010-04-16,21,2.81,0,0,0,0,0,202.54,9.59,0
43,2010-04-23,17,2.80,0,0,0,0,0,202.48,9.59,0
43,2010-04-30,19,2.78,0,0,0,0,0,202.43,9.59,0
43,2010-05-07,20,2.84,0,0,0,0,0,202.38,9.59,0
43,2010-05-14,22,2.85,0,0,0,0,0,202.37,9.59,0
43,2010-05-21,24,2.83,0,0,0,0,0,202.62,9.59,0
43,2010-05-28,26,2.76,0,0,0,0,0,202.87,9.59,0
43,2010-06-04,28,2.71,0,0,0,0,0,203.12,9.59,0
43,2010-06-11,31,2.67,0,0,0,0,0,203.37,9.59,0
43,2010-06-18,29,2.64,0,0,0,0,0,203.37,9.59,0
43,2010-06-25,31,2.65,0,0,0,0,0,203.27,9.59,0
43,2010-07-02,27,2.67,0,0,0,0,0,203.16,9.82,0
43,2010-07-09,28,2.64,0,0,0,0,0,203.06,9.82,0
43,2010-07-16,29,2.62,0,0,0,0,0,203.05,9.82,0
43,2010-07-23,30,2.61,0,0,0,0,0,203.18,9.82,0
43,2010-07-30,27,2.64,0,0,0,0,0,203.30,9.82,0
43,2010-08-06,29,2.63,0,0,0,0,0,203.42,9.82,0
43,2010-08-13,30,2.69,0,0,0,0,0,203.54,9.82,0
43,2010-08-20,30,2.66,0,0,0,0,0,203.51,9.82,0
43,2010-08-27,27,2.62,0,0,0,0,0,203.48,9.82,0
43,2010-09-03,27,2.58,0,0,0,0,0,203.45,9.82,0
43,2010-09-10,27,2.57,0,0,0,0,0,203.42,9.82,1
43,2010-09-17,26,2.58,0,0,0,0,0,203.45,9.82,0
43,2010-09-24,25,2.62,0,0,0,0,0,203.52,9.82,0
43,2010-10-01,26,2.60,0,0,0,0,0,203.59,10.21,0
43,2010-10-08,23,2.63,0,0,0,0,0,203.67,10.21,0
43,2010-10-15,20,2.72,0,0,0,0,0,203.73,10.21,0
43,2010-10-22,21,2.73,0,0,0,0,0,203.78,10.21,0
43,2010-10-29,19,2.72,0,0,0,0,0,203.82,10.21,0
43,2010-11-05,17,2.69,0,0,0,0,0,203.87,10.21,0
43,2010-11-12,16,2.73,0,0,0,0,0,203.92,10.21,0
43,2010-11-19,13,2.77,0,0,0,0,0,203.82,10.21,0
43,2010-11-26,13,2.74,0,0,0,0,0,203.70,10.21,1
43,2010-12-03,7,2.71,0,0,0,0,0,203.57,10.21,0
43,2010-12-10,11,2.84,0,0,0,0,0,203.45,10.21,0
43,2010-12-17,14,2.87,0,0,0,0,0,203.40,10.21,0
43,2010-12-24,14,2.89,0,0,0,0,0,203.41,10.21,0
43,2010-12-31,9,2.94,0,0,0,0,0,203.42,10.21,1
43,2011-01-07,5,2.98,0,0,0,0,0,203.43,10.40,0
43,2011-01-14,6,2.98,0,0,0,0,0,203.48,10.40,0
43,2011-01-21,12,3.02,0,0,0,0,0,203.83,10.40,0
43,2011-01-28,7,3.01,0,0,0,0,0,204.18,10.40,0
43,2011-02-04,1,2.99,0,0,0,0,0,204.53,10.40,0
43,2011-02-11,5,3.02,0,0,0,0,0,204.87,10.40,1
43,2011-02-18,15,3.05,0,0,0,0,0,205.17,10.40,0
43,2011-02-25,15,3.07,0,0,0,0,0,205.44,10.40,0
43,2011-03-04,16,3.29,0,0,0,0,0,205.71,10.40,0
43,2011-03-11,16,3.46,0,0,0,0,0,205.99,10.40,0
43,2011-03-18,21,3.49,0,0,0,0,0,206.23,10.40,0
43,2011-03-25,19,3.47,0,0,0,0,0,206.45,10.40,0
43,2011-04-01,20,3.52,0,0,0,0,0,206.67,10.58,0
43,2011-04-08,21,3.62,0,0,0,0,0,206.90,10.58,0
43,2011-04-15,18,3.74,0,0,0,0,0,207.10,10.58,0
43,2011-04-22,24,3.81,0,0,0,0,0,207.26,10.58,0
43,2011-04-29,22,3.81,0,0,0,0,0,207.41,10.58,0
43,2011-05-06,19,3.91,0,0,0,0,0,207.57,10.58,0
43,2011-05-13,24,3.90,0,0,0,0,0,207.73,10.58,0
43,2011-05-20,23,3.91,0,0,0,0,0,207.52,10.58,0
43,2011-05-27,27,3.79,0,0,0,0,0,207.31,10.58,0
43,2011-06-03,29,3.70,0,0,0,0,0,207.10,10.58,0
43,2011-06-10,30,3.65,0,0,0,0,0,206.90,10.58,0
43,2011-06-17,31,3.64,0,0,0,0,0,206.86,10.58,0
43,2011-06-24,31,3.59,0,0,0,0,0,206.94,10.58,0
43,2011-07-01,33,3.52,0,0,0,0,0,207.03,10.64,0
43,2011-07-08,31,3.48,0,0,0,0,0,207.12,10.64,0
43,2011-07-15,29,3.58,0,0,0,0,0,207.19,10.64,0
43,2011-07-22,31,3.65,0,0,0,0,0,207.25,10.64,0
43,2011-07-29,29,3.68,0,0,0,0,0,207.31,10.64,0
43,2011-08-05,31,3.68,0,0,0,0,0,207.37,10.64,0
43,2011-08-12,30,3.64,0,0,0,0,0,207.43,10.64,0
43,2011-08-19,28,3.55,0,0,0,0,0,207.50,10.64,0
43,2011-08-26,31,3.52,0,0,0,0,0,207.56,10.64,0
43,2011-09-02,31,3.53,0,0,0,0,0,207.62,10.64,0
43,2011-09-09,26,3.55,0,0,0,0,0,207.68,10.64,1
43,2011-09-16,25,3.53,0,0,0,0,0,207.85,10.64,0
43,2011-09-23,26,3.47,0,0,0,0,0,208.16,10.64,0
43,2011-09-30,26,3.36,0,0,0,0,0,208.48,10.64,0
43,2011-10-07,23,3.29,0,0,0,0,0,208.79,10.15,0
43,2011-10-14,20,3.27,0,0,0,0,0,209.08,10.15,0
43,2011-10-21,21,3.35,0,0,0,0,0,209.22,10.15,0
43,2011-10-28,19,3.37,0,0,0,0,0,209.37,10.15,0
43,2011-11-04,15,3.33,0,0,0,0,0,209.52,10.15,0
43,2011-11-11,11,3.30,179.25,944.52,3.06,0,2836.25,209.66,10.15,0
43,2011-11-18,14,3.31,32.13,3.37,2.56,0,1004.04,209.87,10.15,0
43,2011-11-25,13,3.24,3.37,0,5.76,0,212.75,210.09,10.15,1
43,2011-12-02,9,3.17,14.82,0,6.11,0,1707.13,210.31,10.15,0
43,2011-12-09,1,3.16,38.34,0,7.41,0,1707.87,210.54,10.15,0
43,2011-12-16,7,3.16,4.86,0,2.5,0,1070.83,210.74,10.15,0
43,2011-12-23,6,3.11,75.54,0,3.75,0,1276.15,210.91,10.15,0
43,2011-12-30,5,3.13,415.59,1926.05,0,50.66,837.74,211.07,10.15,1
43,2012-01-06,9,3.16,32.95,1699.03,70.35,0,1168.66,211.24,9.65,0
43,2012-01-13,6,3.26,894.04,209.71,32.36,0,1191.88,211.41,9.65,0
43,2012-01-20,12,3.27,320.8,24.36,31.72,0,153.04,211.50,9.65,0
43,2012-01-27,11,3.29,122.11,8.64,26.26,0,532.33,211.59,9.65,0
43,2012-02-03,11,3.36,1702.1,33.56,51.66,152.82,2211.81,211.68,9.65,0
43,2012-02-10,8,3.41,565.9,0,27.07,0,1984.35,211.76,9.65,1
43,2012-02-17,10,3.51,109.95,1389.84,0.52,0,2824.89,211.92,9.65,0
43,2012-02-24,12,3.56,439.68,361.74,0,0,1450.19,212.12,9.65,0
43,2012-03-02,14,3.63,346.74,2.56,15.84,0,1429.73,212.32,9.65,0
43,2012-03-09,13,3.67,392.09,0.5,0,0,1293.41,212.52,9.65,0
43,2012-03-16,14,3.73,257.14,0,2.04,0,631.56,212.67,9.65,0
43,2012-03-23,13,3.79,197.77,0,1.36,0,1485.55,212.74,9.65,0
43,2012-03-30,21,3.85,144.85,0,0,0,470.29,212.81,9.65,0
43,2012-04-06,18,3.89,177.39,0,12.17,0,1479.85,212.89,9.58,0
43,2012-04-13,21,3.89,150.15,1125.71,4.49,0,407.12,212.96,9.58,0
43,2012-04-20,20,3.88,239.84,1777.55,5.6,86.89,870.6,213.01,9.58,0
43,2012-04-27,26,3.81,251.26,0,1.98,0,719.56,213.06,9.58,0
43,2012-05-04,25,3.75,364.76,0,9.06,0,949.81,213.11,9.58,0
43,2012-05-11,20,3.69,25.3,0,2.16,0,494.05,213.16,9.58,0
43,2012-05-18,22,3.63,939.16,0,0,0,1477.98,213.18,9.58,0
43,2012-05-25,28,3.56,566.81,0,1.1,0,875.91,213.17,9.58,0
43,2012-06-01,27,3.50,290.87,0,0.8,0,725.1,213.17,9.58,0
43,2012-06-08,30,3.45,446.4,0,3.96,0,1732.71,213.17,9.58,0
43,2012-06-15,31,3.39,402.48,0,0.65,0,1315.66,213.18,9.58,0
43,2012-06-22,31,3.35,184.26,0,3.2,0,1298.9,213.21,9.58,0
43,2012-06-29,32,3.29,289.03,0,0,0,2027.07,213.25,9.58,0
43,2012-07-06,28,3.23,219.7,0,3.02,0,1141.12,213.28,9.29,0
43,2012-07-13,26,3.26,539.85,0,0.71,0,2373.05,213.31,9.29,0
43,2012-07-20,29,3.31,233.77,0,3.69,0,1256.91,213.32,9.29,0
43,2012-07-27,28,3.41,22.35,0,1.19,0,1452.64,213.33,9.29,0
43,2012-08-03,29,3.42,312.78,0,24.23,22.86,1317.6,213.34,9.29,0
43,2012-08-10,30,3.49,173.95,0,9.33,0,1073.06,213.35,9.29,0
43,2012-08-17,30,3.57,254.74,0,11.9,0,792.66,213.42,9.29,0
43,2012-08-24,28,3.62,364.02,0,13.07,0,1309.22,213.55,9.29,0
43,2012-08-31,27,3.64,699.48,0,12.39,615.93,1122.02,213.67,9.29,0
43,2012-09-07,29,3.73,610.93,0,18.29,50.5,516.76,213.80,9.29,1
43,2012-09-14,23,3.72,1601.72,0,18.56,0,1219.44,213.93,9.29,0
43,2012-09-21,24,3.72,259.57,0,0,0,1792.73,214.12,9.29,0
43,2012-09-28,25,3.67,343.99,0,0,0,1087.72,214.31,9.29,0
43,2012-10-05,23,3.62,183.84,0,0.01,0,3093.39,214.49,8.84,0
43,2012-10-12,22,3.60,90.11,0,14.56,0,911.55,214.68,8.84,0
43,2012-10-19,22,3.59,121.84,0,11.14,0,964.01,214.72,8.84,0
43,2012-10-26,21,3.51,23.68,7.24,6,0,815.05,214.74,8.84,0
43,2012-11-02,16,3.39,245.11,524.36,12.79,0,2033.45,214.76,8.84,0
43,2012-11-09,18,3.31,139.8,1097.25,1,0,872.72,214.78,8.84,0
43,2012-11-16,12,3.25,304.33,20.74,43.5,0,2528.38,214.81,8.84,0
43,2012-11-23,15,3.21,2.14,0,9.24,0,163.01,214.86,8.84,1
43,2012-11-30,13,3.21,310.55,0,0,0,1305.39,214.91,8.84,0
43,2012-12-07,14,3.20,281.96,0,10.52,0,765.4,214.96,8.84,0
43,2012-12-14,8,3.17,378.87,0,0,0,1051.35,215.02,8.84,0
43,2012-12-21,8,3.10,710.86,0,3.14,0,1005.13,215.13,8.84,0
43,2012-12-28,8,3.11,858.22,965.76,1.94,31.98,693.71,215.25,8.84,1
43,2013-01-04,2,3.16,73.99,1217.48,2.68,0,1425.71,215.37,8.93,0
43,2013-01-11,6,3.24,895.1,829.88,0,0,1527.24,215.49,8.93,0
43,2013-01-18,2,3.24,741.12,233.52,0,68.34,1137.33,215.53,8.93,0
43,2013-01-25,10,3.23,221.92,67.98,0,0,386.03,215.54,8.93,0
43,2013-02-01,9,3.24,304.02,18.1,48.7,3,1554.87,215.54,8.93,0
43,2013-02-08,13,3.42,1952.91,11.49,31.11,276.1,789.82,215.55,8.93,1
43,2013-02-15,9,3.48,1498.24,96.01,5.28,0,1612.35,215.59,8.93,0
43,2013-02-22,9,3.60,928.83,223.39,0,6.51,742.7,215.73,8.93,0
43,2013-03-01,8,3.71,1118.87,0,0,0,1641.39,215.87,8.93,0
43,2013-03-08,16,3.66,234.79,0,73.33,0,1037.07,216.00,8.93,0
43,2013-03-15,13,3.62,197.95,0,14.15,63.78,1781.59,216.12,8.93,0
43,2013-03-22,19,3.61,363.23,0,0,0,2421.83,216.20,8.93,0
43,2013-03-29,15,3.61,252.33,0,16.95,23.76,1027.88,216.28,8.93,0
43,2013-04-05,20,3.58,229.36,3350.2,29.74,0,1481.82,216.36,8.80,0
43,2013-04-12,19,3.53,504.79,280.62,5.15,1.74,714.19,216.44,8.80,0
43,2013-04-19,19,3.45,152.62,0,0,0,753.71,216.44,8.80,0
43,2013-04-26,20,3.42,170.18,0,0,0,1423.01,216.44,8.80,0
43,2013-05-03,21,3.39,80.07,0,49.53,0,549.26,NULL,NULL,0
43,2013-05-10,22,3.39,506.68,0,20.33,0,1984.05,NULL,NULL,0
43,2013-05-17,23,3.45,868.87,0,4.08,0,1751.03,NULL,NULL,0
43,2013-05-24,26,3.49,297.64,0,23.27,0,1424.93,NULL,NULL,0
43,2013-05-31,28,3.47,403.31,0,12.01,0,2463.06,NULL,NULL,0
43,2013-06-07,29,3.44,73.91,0,10.71,0,1800.87,NULL,NULL,0
43,2013-06-14,30,3.43,0,0,35.74,0,678.28,NULL,NULL,0
43,2013-06-21,30,3.48,611.28,0,20.67,0,2140.31,NULL,NULL,0
43,2013-06-28,33,3.50,1014.78,0,0,0,1267.34,NULL,NULL,0
43,2013-07-05,28,3.42,13.44,0,163.92,0,2091.79,NULL,NULL,0
43,2013-07-12,31,3.40,142.96,0,29.46,0,7035.07,NULL,NULL,0
43,2013-07-19,25,3.56,112.12,0,8.19,2,722.5,NULL,NULL,0
43,2013-07-26,26,3.62,43.37,0,1.18,0,531.35,NULL,NULL,0
44,2010-02-05,0,2.67,0,0,0,0,0,126.44,8.12,0
44,2010-02-12,1,2.67,0,0,0,0,0,126.50,8.12,1
44,2010-02-19,2,2.65,0,0,0,0,0,126.53,8.12,0
44,2010-02-26,-1,2.67,0,0,0,0,0,126.55,8.12,0
44,2010-03-05,5,2.68,0,0,0,0,0,126.58,8.12,0
44,2010-03-12,3,2.73,0,0,0,0,0,126.60,8.12,0
44,2010-03-19,6,2.78,0,0,0,0,0,126.61,8.12,0
44,2010-03-26,5,2.82,0,0,0,0,0,126.61,8.12,0
44,2010-04-02,6,2.84,0,0,0,0,0,126.60,7.97,0
44,2010-04-09,4,2.88,0,0,0,0,0,126.60,7.97,0
44,2010-04-16,10,2.92,0,0,0,0,0,126.56,7.97,0
44,2010-04-23,13,2.94,0,0,0,0,0,126.47,7.97,0
44,2010-04-30,9,2.94,0,0,0,0,0,126.38,7.97,0
44,2010-05-07,7,2.95,0,0,0,0,0,126.29,7.97,0
44,2010-05-14,10,2.96,0,0,0,0,0,126.21,7.97,0
44,2010-05-21,14,2.95,0,0,0,0,0,126.18,7.97,0
44,2010-05-28,12,2.91,0,0,0,0,0,126.16,7.97,0
44,2010-06-04,15,2.87,0,0,0,0,0,126.14,7.97,0
44,2010-06-11,18,2.84,0,0,0,0,0,126.11,7.97,0
44,2010-06-18,15,2.82,0,0,0,0,0,126.11,7.97,0
44,2010-06-25,22,2.82,0,0,0,0,0,126.13,7.97,0
44,2010-07-02,26,2.81,0,0,0,0,0,126.14,7.80,0
44,2010-07-09,22,2.80,0,0,0,0,0,126.15,7.80,0
44,2010-07-16,25,2.79,0,0,0,0,0,126.15,7.80,0
44,2010-07-23,28,2.80,0,0,0,0,0,126.13,7.80,0
44,2010-07-30,26,2.80,0,0,0,0,0,126.11,7.80,0
44,2010-08-06,27,2.80,0,0,0,0,0,126.09,7.80,0
44,2010-08-13,24,2.84,0,0,0,0,0,126.06,7.80,0
44,2010-08-20,25,2.85,0,0,0,0,0,126.08,7.80,0
44,2010-08-27,24,2.85,0,0,0,0,0,126.09,7.80,0
44,2010-09-03,19,2.87,0,0,0,0,0,126.10,7.80,0
44,2010-09-10,19,2.87,0,0,0,0,0,126.11,7.80,1
44,2010-09-17,19,2.88,0,0,0,0,0,126.15,7.80,0
44,2010-09-24,20,2.87,0,0,0,0,0,126.19,7.80,0
44,2010-10-01,20,2.85,0,0,0,0,0,126.23,7.61,0
44,2010-10-08,17,2.84,0,0,0,0,0,126.28,7.61,0
44,2010-10-15,12,2.85,0,0,0,0,0,126.33,7.61,0
44,2010-10-22,14,2.85,0,0,0,0,0,126.38,7.61,0
44,2010-10-29,7,2.84,0,0,0,0,0,126.44,7.61,0
44,2010-11-05,10,2.83,0,0,0,0,0,126.49,7.61,0
44,2010-11-12,6,2.83,0,0,0,0,0,126.55,7.61,0
44,2010-11-19,6,2.84,0,0,0,0,0,126.61,7.61,0
44,2010-11-26,-2,2.83,0,0,0,0,0,126.67,7.61,1
44,2010-12-03,-3,2.81,0,0,0,0,0,126.73,7.61,0
44,2010-12-10,3,2.82,0,0,0,0,0,126.79,7.61,0
44,2010-12-17,2,2.84,0,0,0,0,0,126.88,7.61,0
44,2010-12-24,2,2.85,0,0,0,0,0,126.98,7.61,0
44,2010-12-31,-3,2.87,0,0,0,0,0,127.09,7.61,1
44,2011-01-07,-8,2.89,0,0,0,0,0,127.19,7.22,0
44,2011-01-14,-6,2.90,0,0,0,0,0,127.30,7.22,0
44,2011-01-21,2,2.93,0,0,0,0,0,127.44,7.22,0
44,2011-01-28,0,2.96,0,0,0,0,0,127.58,7.22,0
44,2011-02-04,-5,2.97,0,0,0,0,0,127.72,7.22,0
44,2011-02-11,-1,3.03,0,0,0,0,0,127.86,7.22,1
44,2011-02-18,5,3.06,0,0,0,0,0,128.00,7.22,0
44,2011-02-25,1,3.12,0,0,0,0,0,128.13,7.22,0
44,2011-03-04,1,3.23,0,0,0,0,0,128.26,7.22,0
44,2011-03-11,5,3.35,0,0,0,0,0,128.40,7.22,0
44,2011-03-18,7,3.41,0,0,0,0,0,128.51,7.22,0
44,2011-03-25,6,3.44,0,0,0,0,0,128.62,7.22,0
44,2011-04-01,6,3.49,0,0,0,0,0,128.72,6.91,0
44,2011-04-08,6,3.55,0,0,0,0,0,128.82,6.91,0
44,2011-04-15,5,3.62,0,0,0,0,0,128.91,6.91,0
44,2011-04-22,9,3.66,0,0,0,0,0,128.96,6.91,0
44,2011-04-29,7,3.68,0,0,0,0,0,129.00,6.91,0
44,2011-05-06,9,3.74,0,0,0,0,0,129.04,6.91,0
44,2011-05-13,11,3.77,0,0,0,0,0,129.09,6.91,0
44,2011-05-20,11,3.80,0,0,0,0,0,129.08,6.91,0
44,2011-05-27,13,3.78,0,0,0,0,0,129.06,6.91,0
44,2011-06-03,12,3.75,0,0,0,0,0,129.05,6.91,0
44,2011-06-10,16,3.73,0,0,0,0,0,129.04,6.91,0
44,2011-06-17,17,3.70,0,0,0,0,0,129.04,6.91,0
44,2011-06-24,19,3.67,0,0,0,0,0,129.07,6.91,0
44,2011-07-01,23,3.61,0,0,0,0,0,129.09,6.56,0
44,2011-07-08,25,3.56,0,0,0,0,0,129.11,6.56,0
44,2011-07-15,24,3.55,0,0,0,0,0,129.13,6.56,0
44,2011-07-22,26,3.56,0,0,0,0,0,129.15,6.56,0
44,2011-07-29,25,3.57,0,0,0,0,0,129.17,6.56,0
44,2011-08-05,24,3.60,0,0,0,0,0,129.18,6.56,0
44,2011-08-12,24,3.61,0,0,0,0,0,129.20,6.56,0
44,2011-08-19,25,3.58,0,0,0,0,0,129.24,6.56,0
44,2011-08-26,28,3.57,0,0,0,0,0,129.28,6.56,0
44,2011-09-02,25,3.58,0,0,0,0,0,129.33,6.56,0
44,2011-09-09,21,3.62,0,0,0,0,0,129.37,6.56,1
44,2011-09-16,20,3.64,0,0,0,0,0,129.43,6.56,0
44,2011-09-23,18,3.65,0,0,0,0,0,129.52,6.56,0
44,2011-09-30,20,3.62,0,0,0,0,0,129.61,6.56,0
44,2011-10-07,16,3.59,0,0,0,0,0,129.69,6.08,0
44,2011-10-14,11,3.57,0,0,0,0,0,129.77,6.08,0
44,2011-10-21,13,3.58,0,0,0,0,0,129.78,6.08,0
44,2011-10-28,9,3.57,0,0,0,0,0,129.79,6.08,0
44,2011-11-04,6,3.54,0,0,0,0,0,129.81,6.08,0
44,2011-11-11,1,3.51,48.84,224.31,4.29,0,778.47,129.82,6.08,0
44,2011-11-18,5,3.49,861.43,0,0,0,940.29,129.83,6.08,0
44,2011-11-25,4,3.45,0,0,0,0,256.45,129.84,6.08,1
44,2011-12-02,1,3.39,60,0,4.23,0,1185.19,129.85,6.08,0
44,2011-12-09,-4,3.34,0,0,0.47,0,441.57,129.86,6.08,0
44,2011-12-16,-2,3.28,29.4,0,6.75,0,1041.62,129.90,6.08,0
44,2011-12-23,-4,3.19,38,0,0,0,746.84,129.98,6.08,0
44,2011-12-30,0,3.12,409.92,1566.42,0,17.64,153.9,130.07,6.08,1
44,2012-01-06,1,3.08,1.94,51.41,54.05,0,809.1,130.16,5.77,0
44,2012-01-13,-4,3.06,1074.17,27.6,48.39,0,545.15,130.24,5.77,0
44,2012-01-20,0,3.05,378.2,22.42,66,0,481.09,130.28,5.77,0
44,2012-01-27,1,3.06,17.76,12.28,63.36,0,224.86,130.31,5.77,0
44,2012-02-03,0,3.08,1518.53,4,77.54,0,1177.48,130.35,5.77,0
44,2012-02-10,1,3.12,2463.16,11.5,76.33,0,1635.49,130.38,5.77,1
44,2012-02-17,3,3.12,98.16,1080.01,17.6,0,2583.41,130.45,5.77,0
44,2012-02-24,2,3.15,270.59,18.53,0,0,1148.17,130.55,5.77,0
44,2012-03-02,0,3.24,611.06,0,3.39,59.19,925.79,130.65,5.77,0
44,2012-03-09,3,3.38,2456.13,1.5,0.49,28.06,691.4,130.74,5.77,0
44,2012-03-16,11,3.53,260.7,0,0.99,0,469.46,130.83,5.77,0
44,2012-03-23,9,3.67,347.09,3,0.34,0,303.08,130.90,5.77,0
44,2012-03-30,12,3.73,87.86,0,0,2.36,1215.48,130.97,5.77,0
44,2012-04-06,9,3.79,253.38,0,11.76,0,512.25,131.04,5.62,0
44,2012-04-13,11,3.83,16.49,1118.27,18.08,0,1460.89,131.11,5.62,0
44,2012-04-20,10,3.85,58.34,0.73,7.7,0,402.9,131.12,5.62,0
44,2012-04-27,18,3.84,2489.9,0,3.98,16.6,821.26,131.13,5.62,0
44,2012-05-04,12,3.83,513.1,0,8.62,0,529.55,131.14,5.62,0
44,2012-05-11,14,3.81,529.2,0,2.1,0,1064.56,131.15,5.62,0
44,2012-05-18,18,3.81,777.37,0,0,0,1118.23,131.10,5.62,0
44,2012-05-25,17,3.80,63.04,0,0,0,419.93,131.03,5.62,0
44,2012-06-01,16,3.79,375.61,0,0,0,686.9,130.96,5.62,0
44,2012-06-08,20,3.78,276.3,0,31.29,0,1225.27,130.89,5.62,0
44,2012-06-15,19,3.76,3297.48,0,9.88,23.04,993.88,130.83,5.62,0
44,2012-06-22,23,3.74,505.28,0,0.79,43.89,1222.4,130.79,5.62,0
44,2012-06-29,28,3.68,174.37,0,0,0,1114.79,130.76,5.62,0
44,2012-07-06,26,3.63,781.9,0,2.87,0,1072,130.72,5.41,0
44,2012-07-13,29,3.60,372.75,0,0.63,0,411.08,130.68,5.41,0
44,2012-07-20,24,3.56,204.26,0,1.22,0,1140.85,130.70,5.41,0
44,2012-07-27,27,3.54,30.51,0,0,0.41,1736.91,130.72,5.41,0
44,2012-08-03,28,3.51,619.96,0,1.54,77.58,1429.81,130.74,5.41,0
44,2012-08-10,28,3.51,84.25,0,6.99,4.41,831.23,130.76,5.41,0
44,2012-08-17,26,3.55,411.11,0,9.77,0,689.16,130.79,5.41,0
44,2012-08-24,25,3.58,73.93,0,87.77,89.76,624.58,130.84,5.41,0
44,2012-08-31,26,3.62,356.47,0,39.11,0,795.72,130.89,5.41,0
44,2012-09-07,21,3.69,282.57,0,106.31,0,406.52,130.93,5.41,1
44,2012-09-14,20,3.75,1020.44,0,22.15,0,752.67,130.98,5.41,0
44,2012-09-21,20,3.82,57.17,0,0,0,854.46,131.01,5.41,0
44,2012-09-28,18,3.82,380.96,0,0,0,2022.03,131.04,5.41,0
44,2012-10-05,17,3.82,417.9,0,0.02,0,496.52,131.08,5.22,0
44,2012-10-12,13,3.80,69.96,0,3.05,0,999.62,131.11,5.22,0
44,2012-10-19,11,3.78,139.57,0,3.5,0,472.02,131.15,5.22,0
44,2012-10-26,8,3.76,38.65,2.61,0.98,0,457.74,131.19,5.22,0
44,2012-11-02,11,3.70,27.13,552.09,6.58,0,1114.48,131.24,5.22,0
44,2012-11-09,10,3.66,378.03,660.04,10.96,0,776.87,131.28,5.22,0
44,2012-11-16,1,3.61,103.71,10.8,21,0,992.02,131.33,5.22,0
44,2012-11-23,8,3.56,8.92,0,4.24,0,736.13,131.38,5.22,1
44,2012-11-30,5,3.52,331.77,0,0,0.63,444.49,131.43,5.22,0
44,2012-12-07,6,3.46,31.56,0,0,0,630.65,131.48,5.22,0
44,2012-12-14,2,3.38,97.11,0,0,0,357.72,131.54,5.22,0
44,2012-12-21,-1,3.26,948.37,0,11.2,0,347.79,131.64,5.22,0
44,2012-12-28,-1,3.15,1046.82,1821.61,6.69,48.36,265.43,131.75,5.22,1
44,2013-01-04,-10,3.07,372.22,365.27,2.92,0,893.08,131.85,4.98,0
44,2013-01-11,-7,2.98,399.52,10.38,0,0,1189.35,131.96,4.98,0
44,2013-01-18,-11,2.91,375.03,12.53,0,0,552.42,132.03,4.98,0
44,2013-01-25,-10,2.93,215.68,7.49,0,0,581.3,132.09,4.98,0
44,2013-02-01,-1,3.03,43.36,5.34,2.6,0,466.82,132.15,4.98,0
44,2013-02-08,-3,3.19,2044.45,0,1.02,0,514.27,132.22,4.98,1
44,2013-02-15,-3,3.32,625.08,518.39,0,0,1065.96,132.27,4.98,0
44,2013-02-22,-1,3.46,468.83,141.09,0,71.92,384.17,132.32,4.98,0
44,2013-03-01,-3,3.52,1474.54,0,0,0,642.45,132.37,4.98,0
44,2013-03-08,3,3.53,207.82,0,30.73,2.34,737.98,132.42,4.98,0
44,2013-03-15,8,3.52,410.57,0,5.55,71.54,947.31,132.47,4.98,0
44,2013-03-22,6,3.52,1305.94,0,0,0,691.74,132.53,4.98,0
44,2013-03-29,5,3.52,265.87,0,4.07,56.43,427.46,132.59,4.98,0
44,2013-04-05,12,3.55,809.59,329.96,10.47,0,1015.8,132.65,4.87,0
44,2013-04-12,7,3.58,197.96,0,1.3,0,301.12,132.72,4.87,0
44,2013-04-19,5,3.56,143.12,0,0,2.61,269.11,132.72,4.87,0
44,2013-04-26,9,3.54,290.84,0,0,0,389.14,132.72,4.87,0
44,2013-05-03,13,3.54,50.66,0,14.27,0,703.63,NULL,NULL,0
44,2013-05-10,15,3.54,86.07,0,12.1,0,888.61,NULL,NULL,0
44,2013-05-17,21,3.61,958.1,0,0.24,0,639.93,NULL,NULL,0
44,2013-05-24,14,3.72,136.06,0,8.01,0,1208.3,NULL,NULL,0
44,2013-05-31,16,3.77,468.8,0,5.29,0,1340.18,NULL,NULL,0
44,2013-06-07,20,3.78,1169.72,0,4.86,76.2,516.85,NULL,NULL,0
44,2013-06-14,25,3.77,351.38,0,4.89,6.35,867.28,NULL,NULL,0
44,2013-06-21,21,3.74,94.88,0,1.82,0,806.75,NULL,NULL,0
44,2013-06-28,24,3.73,712.49,0,0,0,706.46,NULL,NULL,0
44,2013-07-05,30,3.70,869.96,0,56.83,0,1977.42,NULL,NULL,0
44,2013-07-12,26,3.67,182.25,0,6.63,0,1842.48,NULL,NULL,0
44,2013-07-19,27,3.67,118.82,0,3.15,0,514.08,NULL,NULL,0
44,2013-07-26,29,3.67,134.31,0,1,0,199.75,NULL,NULL,0
45,2010-02-05,-3,2.78,0,0,0,0,0,181.87,8.99,0
45,2010-02-12,-2,2.77,0,0,0,0,0,181.98,8.99,1
45,2010-02-19,0,2.75,0,0,0,0,0,182.03,8.99,0
45,2010-02-26,2,2.75,0,0,0,0,0,182.08,8.99,0
45,2010-03-05,3,2.78,0,0,0,0,0,182.12,8.99,0
45,2010-03-12,8,2.82,0,0,0,0,0,182.16,8.99,0
45,2010-03-19,9,2.84,0,0,0,0,0,182.08,8.99,0
45,2010-03-26,12,2.85,0,0,0,0,0,181.97,8.99,0
45,2010-04-02,9,2.85,0,0,0,0,0,181.87,8.90,0
45,2010-04-09,19,2.87,0,0,0,0,0,181.76,8.90,0
45,2010-04-16,12,2.90,0,0,0,0,0,181.69,8.90,0
45,2010-04-23,12,2.90,0,0,0,0,0,181.68,8.90,0
45,2010-04-30,12,2.92,0,0,0,0,0,181.66,8.90,0
45,2010-05-07,22,2.97,0,0,0,0,0,181.65,8.90,0
45,2010-05-14,12,2.98,0,0,0,0,0,181.66,8.90,0
45,2010-05-21,17,2.96,0,0,0,0,0,181.85,8.90,0
45,2010-05-28,21,2.90,0,0,0,0,0,182.05,8.90,0
45,2010-06-04,24,2.85,0,0,0,0,0,182.24,8.90,0
45,2010-06-11,21,2.81,0,0,0,0,0,182.43,8.90,0
45,2010-06-18,23,2.78,0,0,0,0,0,182.44,8.90,0
45,2010-06-25,26,2.81,0,0,0,0,0,182.38,8.90,0
45,2010-07-02,25,2.82,0,0,0,0,0,182.32,8.74,0
45,2010-07-09,28,2.79,0,0,0,0,0,182.26,8.74,0
45,2010-07-16,25,2.78,0,0,0,0,0,182.26,8.74,0
45,2010-07-23,27,2.77,0,0,0,0,0,182.35,8.74,0
45,2010-07-30,27,2.78,0,0,0,0,0,182.44,8.74,0
45,2010-08-06,25,2.78,0,0,0,0,0,182.53,8.74,0
45,2010-08-13,26,2.81,0,0,0,0,0,182.62,8.74,0
45,2010-08-20,24,2.78,0,0,0,0,0,182.62,8.74,0
45,2010-08-27,22,2.76,0,0,0,0,0,182.61,8.74,0
45,2010-09-03,26,2.72,0,0,0,0,0,182.60,8.74,0
45,2010-09-10,22,2.70,0,0,0,0,0,182.60,8.74,1
45,2010-09-17,19,2.71,0,0,0,0,0,182.62,8.74,0
45,2010-09-24,20,2.71,0,0,0,0,0,182.67,8.74,0
45,2010-10-01,21,2.71,0,0,0,0,0,182.72,8.72,0
45,2010-10-08,14,2.76,0,0,0,0,0,182.76,8.72,0
45,2010-10-15,15,2.87,0,0,0,0,0,182.81,8.72,0
45,2010-10-22,12,2.92,0,0,0,0,0,182.86,8.72,0
45,2010-10-29,16,2.92,0,0,0,0,0,182.90,8.72,0
45,2010-11-05,8,2.92,0,0,0,0,0,182.95,8.72,0
45,2010-11-12,8,2.93,0,0,0,0,0,182.99,8.72,0
45,2010-11-19,10,3.00,0,0,0,0,0,182.90,8.72,0
45,2010-11-26,8,3.04,0,0,0,0,0,182.78,8.72,1
45,2010-12-03,5,3.05,0,0,0,0,0,182.67,8.72,0
45,2010-12-10,-1,3.11,0,0,0,0,0,182.55,8.72,0
45,2010-12-17,-1,3.14,0,0,0,0,0,182.52,8.72,0
45,2010-12-24,-1,3.14,0,0,0,0,0,182.54,8.72,0
45,2010-12-31,-1,3.18,0,0,0,0,0,182.57,8.72,1
45,2011-01-07,1,3.19,0,0,0,0,0,182.60,8.55,0
45,2011-01-14,-4,3.21,0,0,0,0,0,182.66,8.55,0
45,2011-01-21,-1,3.23,0,0,0,0,0,182.92,8.55,0
45,2011-01-28,-4,3.24,0,0,0,0,0,183.18,8.55,0
45,2011-02-04,-2,3.23,0,0,0,0,0,183.44,8.55,0
45,2011-02-11,-1,3.24,0,0,0,0,0,183.70,8.55,1
45,2011-02-18,5,3.25,0,0,0,0,0,183.94,8.55,0
45,2011-02-25,2,3.27,0,0,0,0,0,184.16,8.55,0
45,2011-03-04,4,3.43,0,0,0,0,0,184.39,8.55,0
45,2011-03-11,7,3.58,0,0,0,0,0,184.61,8.55,0
45,2011-03-18,8,3.63,0,0,0,0,0,184.81,8.55,0
45,2011-03-25,5,3.63,0,0,0,0,0,184.99,8.55,0
45,2011-04-01,3,3.64,0,0,0,0,0,185.18,8.52,0
45,2011-04-08,9,3.72,0,0,0,0,0,185.36,8.52,0
45,2011-04-15,12,3.82,0,0,0,0,0,185.53,8.52,0
45,2011-04-22,12,3.89,0,0,0,0,0,185.67,8.52,0
45,2011-04-29,19,3.96,0,0,0,0,0,185.80,8.52,0
45,2011-05-06,15,4.05,0,0,0,0,0,185.94,8.52,0
45,2011-05-13,16,4.07,0,0,0,0,0,186.07,8.52,0
45,2011-05-20,17,4.06,0,0,0,0,0,185.97,8.52,0
45,2011-05-27,21,3.99,0,0,0,0,0,185.86,8.52,0
45,2011-06-03,25,3.92,0,0,0,0,0,185.75,8.52,0
45,2011-06-10,23,3.88,0,0,0,0,0,185.65,8.52,0
45,2011-06-17,21,3.84,0,0,0,0,0,185.67,8.52,0
45,2011-06-24,24,3.80,0,0,0,0,0,185.79,8.52,0
45,2011-07-01,23,3.75,0,0,0,0,0,185.91,8.63,0
45,2011-07-08,25,3.71,0,0,0,0,0,186.03,8.63,0
45,2011-07-15,26,3.76,0,0,0,0,0,186.14,8.63,0
45,2011-07-22,28,3.81,0,0,0,0,0,186.22,8.63,0
45,2011-07-29,27,3.83,0,0,0,0,0,186.30,8.63,0
45,2011-08-05,26,3.84,0,0,0,0,0,186.37,8.63,0
45,2011-08-12,25,3.81,0,0,0,0,0,186.45,8.63,0
45,2011-08-19,23,3.75,0,0,0,0,0,186.51,8.63,0
45,2011-08-26,23,3.70,0,0,0,0,0,186.56,8.63,0
45,2011-09-02,21,3.70,0,0,0,0,0,186.62,8.63,0
45,2011-09-09,22,3.74,0,0,0,0,0,186.67,8.63,1
45,2011-09-16,21,3.74,0,0,0,0,0,186.80,8.63,0
45,2011-09-23,18,3.71,0,0,0,0,0,187.03,8.63,0
45,2011-09-30,21,3.65,0,0,0,0,0,187.26,8.63,0
45,2011-10-07,13,3.58,0,0,0,0,0,187.48,8.52,0
45,2011-10-14,18,3.54,0,0,0,0,0,187.69,8.52,0
45,2011-10-21,15,3.57,0,0,0,0,0,187.78,8.52,0
45,2011-10-28,11,3.57,0,0,0,0,0,187.88,8.52,0
45,2011-11-04,7,3.55,0,0,0,0,0,187.97,8.52,0
45,2011-11-11,9,3.53,23052.25,5449.62,189.24,3355.69,3864.6,188.06,8.52,0
45,2011-11-18,11,3.53,4240.34,132.96,111.71,270.14,7073,188.20,8.52,0
45,2011-11-25,9,3.49,140.87,384.82,26961.99,28.59,1110.12,188.35,8.52,1
45,2011-12-02,10,3.45,6835.61,120.76,802.79,2490.15,17861.5,188.50,8.52,0
45,2011-12-09,8,3.42,6176.69,2.87,379.57,1593.44,10170.5,188.65,8.52,0
45,2011-12-16,4,3.41,4631.26,8.92,801.34,848.33,2757.82,188.80,8.52,0
45,2011-12-23,6,3.39,797.1,89.14,1962.19,17,2985.51,188.93,8.52,0
45,2011-12-30,3,3.39,3604.35,43941.56,287.45,357.43,750.01,189.06,8.52,1
45,2012-01-06,2,3.42,7328.14,33378.79,34.6,1198.48,6819.1,189.19,8.42,0
45,2012-01-13,5,3.51,3489.73,11219.72,0.92,489.07,9596.29,189.33,8.42,0
45,2012-01-20,0,3.53,3205.9,4038.51,2.19,488.63,2344.09,189.42,8.42,0
45,2012-01-27,3,3.57,1890.49,2618.49,0,139.07,5692.74,189.52,8.42,0
45,2012-02-03,6,3.62,35348.47,4373.64,21.05,38157.91,5908.5,189.61,8.42,0
45,2012-02-10,3,3.64,15760.3,6113.95,5.43,5656.35,4685.58,189.71,8.42,1
45,2012-02-17,3,3.70,8683.43,7421.99,1.76,9084.92,1995.22,189.84,8.42,0
45,2012-02-24,6,3.74,9006.21,5786.94,2,4291.22,7626.46,190.01,8.42,0
45,2012-03-02,5,3.82,22832.38,2515.25,4,13317.88,2560.48,190.17,8.42,0
45,2012-03-09,8,3.85,11139.34,678.08,1.99,3267.21,4971.47,190.34,8.42,0
45,2012-03-16,10,3.86,5811.44,375.7,3.69,3444.05,2706.47,190.46,8.42,0
45,2012-03-23,15,3.90,6296.25,334.42,4.56,873.47,1201.57,190.54,8.42,0
45,2012-03-30,10,3.95,9866.15,206.18,3.25,1815.37,1561.56,190.61,8.42,0
45,2012-04-06,10,4.00,13450.45,0,26.59,3363.54,3962.01,190.69,8.57,0
45,2012-04-13,11,4.04,4736.94,6047.12,16.68,1355.11,2246.12,190.76,8.57,0
45,2012-04-20,17,4.03,9210.9,2667.05,6.25,970.33,2568.22,190.81,8.57,0
45,2012-04-27,12,4.00,2872.86,0.03,37.12,74.97,2495.29,190.87,8.57,0
45,2012-05-04,13,3.95,11984.62,0,47.52,6150.63,1775.54,190.92,8.57,0
45,2012-05-11,16,3.89,12611.18,0,21.36,1667.39,2313.12,190.98,8.57,0
45,2012-05-18,19,3.85,6813.74,0,13.86,936.49,2941.55,191.00,8.57,0
45,2012-05-25,20,3.80,5370.39,0,361.22,1287.62,2461.81,191.00,8.57,0
45,2012-06-01,24,3.74,10643.62,48.2,201.56,2599.35,1856.97,191.01,8.57,0
45,2012-06-08,18,3.69,8429.61,148.6,76.15,1465.54,7180.97,191.02,8.57,0
45,2012-06-15,22,3.62,8148.19,252.7,90.05,1226.11,2942.39,191.03,8.57,0
45,2012-06-22,23,3.56,5565.31,222.5,1.16,2149.76,7474.76,191.06,8.57,0
45,2012-06-29,24,3.51,3291.36,425.6,0,314.88,2255.34,191.10,8.57,0
45,2012-07-06,28,3.48,5878.09,169,64.36,2996.47,5477.04,191.13,8.68,0
45,2012-07-13,27,3.52,2978.08,118.9,22.07,1899.54,5181.94,191.17,8.68,0
45,2012-07-20,26,3.57,6682.75,24.24,12.83,2249.85,2288.3,191.17,8.68,0
45,2012-07-27,25,3.65,5753.81,167.95,1.23,9181.48,3156.06,191.17,8.68,0
45,2012-08-03,25,3.65,24853.05,39.56,17.96,11142.69,2768.32,191.16,8.68,0
45,2012-08-10,26,3.72,17868.84,50.6,57.66,2593.93,1890.59,191.16,8.68,0
45,2012-08-17,24,3.81,3657.79,6,0.3,1630.5,3794.22,191.23,8.68,0
45,2012-08-24,23,3.83,7936.2,58.38,22,5518.07,2291.97,191.34,8.68,0
45,2012-08-31,24,3.87,23641.3,6,92.93,6988.31,3992.13,191.46,8.68,0
45,2012-09-07,24,3.91,11024.45,12.8,52.63,1854.77,2055.7,191.58,8.68,1
45,2012-09-14,20,3.95,11407.95,0,4.3,3421.72,5268.92,191.70,8.68,0
45,2012-09-21,19,4.04,8452.2,92.28,63.24,2376.38,8670.4,191.86,8.68,0
45,2012-09-28,18,4.00,4556.61,20.64,1.5,1601.01,3288.25,192.01,8.68,0
45,2012-10-05,18,3.99,5046.74,0,18.82,2253.43,2340.01,192.17,8.67,0
45,2012-10-12,12,4.00,1956.28,0,7.89,599.32,3990.54,192.33,8.67,0
45,2012-10-19,14,3.97,2004.02,0,3.18,437.73,1537.49,192.33,8.67,0
45,2012-10-26,15,3.88,4018.91,58.08,100,211.94,858.33,192.31,8.67,0
45,2012-11-02,11,3.79,11069,6937.91,47.57,7926.2,1362.22,192.29,8.67,0
45,2012-11-09,5,3.77,2605.32,13041.23,17.84,640.33,2016.71,192.26,8.67,0
45,2012-11-16,8,3.75,18700.38,499.75,28.2,1800.78,10303.93,192.26,8.67,0
45,2012-11-23,6,3.75,1005.79,0,72542.01,484.7,620.12,192.28,8.67,1
45,2012-11-30,3,3.73,2298.55,0,2908.54,100.86,1344.84,192.30,8.67,0
45,2012-12-07,8,3.69,9273.32,0,263.41,1979.78,11324.83,192.33,8.67,0
45,2012-12-14,6,3.64,3217.12,0,74,40.26,1747.66,192.36,8.67,0
45,2012-12-21,6,3.58,4187.83,0,238,92.68,2977.33,192.46,8.67,0
45,2012-12-28,2,3.56,12751.77,24656.74,230.07,31.46,1654.14,192.56,8.67,1
45,2013-01-04,0,3.59,1341.33,30325.14,8.93,35.85,3682.17,192.66,8.63,0
45,2013-01-11,4,3.61,3877.36,15559.85,3.81,152.18,2403.14,192.76,8.63,0
45,2013-01-18,5,3.61,14746.1,4071.06,4.02,483.58,1467.78,192.81,8.63,0
45,2013-01-25,-3,3.58,3130.28,1362.1,0.2,332.68,1361.74,192.84,8.63,0
45,2013-02-01,2,3.62,14508.96,1092.53,827.9,26424.02,700.93,192.87,8.63,0
45,2013-02-08,-2,3.75,53311.88,531.33,78.26,24823.94,3233.44,192.90,8.63,1
45,2013-02-15,2,3.81,9362.02,2017.68,0.36,5012.39,6411.71,192.94,8.63,0
45,2013-02-22,0,3.86,10781.51,2735.67,23.38,1516.76,3061.21,193.03,8.63,0
45,2013-03-01,4,3.89,6614.32,147.82,5.6,27.55,1668.95,193.12,8.63,0
45,2013-03-08,2,3.86,16382.54,88.67,34.62,3096.92,3486.91,193.21,8.63,0
45,2013-03-15,6,3.83,9867.03,0,11.08,912.87,1360.36,193.30,8.63,0
45,2013-03-22,3,3.80,11923.74,0,308,1764.47,1647.31,193.37,8.63,0
45,2013-03-29,5,3.78,5444,0,350.84,53.9,1722.11,193.44,8.63,0
45,2013-04-05,7,3.76,16427.83,5341.41,182.59,1523.83,1743.09,193.52,8.34,0
45,2013-04-12,14,3.72,8760.15,1713.11,21.08,1302.31,1380.74,193.59,8.34,0
45,2013-04-19,13,3.68,1399.81,39.89,44.38,60.83,1445.05,193.59,8.34,0
45,2013-04-26,10,3.62,1260.65,0,57.52,40.51,2476.18,193.59,8.34,0
45,2013-05-03,13,3.59,8345.4,6,92.96,3580.32,2242.24,NULL,NULL,0
45,2013-05-10,15,3.58,4689.18,440.82,53.09,375.22,5738.2,NULL,NULL,0
45,2013-05-17,16,3.61,4515.35,667.88,6.12,522.7,2541.62,NULL,NULL,0
45,2013-05-24,20,3.63,3249.34,481.82,58.48,1183.23,1309.3,NULL,NULL,0
45,2013-05-31,19,3.65,6474.49,411.38,77.06,9.38,4227.27,NULL,NULL,0
45,2013-06-07,22,3.63,9977.82,744.29,80,4825.71,3597.34,NULL,NULL,0
45,2013-06-14,21,3.63,2471.44,517.87,348.54,2612.33,3459.39,NULL,NULL,0
45,2013-06-21,21,3.63,4989.34,385.31,178.56,2463.42,3117.94,NULL,NULL,0
45,2013-06-28,24,3.64,4842.29,975.03,3,2449.97,3169.69,NULL,NULL,0
45,2013-07-05,25,3.61,9090.48,2268.58,582.74,5797.47,1514.93,NULL,NULL,0
45,2013-07-12,26,3.61,3789.94,1827.31,85.72,744.84,2150.36,NULL,NULL,0
45,2013-07-19,28,3.74,2961.49,1047.07,204.19,363,1059.46,NULL,NULL,0
45,2013-07-26,24,3.80,212.02,851.73,2.06,10.88,1864.57,NULL,NULL,0
